park_name,経度,緯度,標高,傾斜,傾斜方位
桜ヶ丘公園,139.4567753,35.63901103,80.41999817,12.11480427,158
桜ヶ丘公園,139.4567766,35.63874063,82.81999969,14.54733276,185
桜ヶ丘公園,139.4571003,35.64036411,75.31999969,6.60715723,86
桜ヶ丘公園,139.4571015,35.6400937,78.81999969,15.14845276,142
桜ヶ丘公園,139.4571028,35.63982329,80.91999817,6.307679653,161
桜ヶ丘公園,139.4571041,35.63955288,81.91999817,4.653460503,19
桜ヶ丘公園,139.4571053,35.63928248,82.51999664,7.330395699,10
桜ヶ丘公園,139.4571066,35.63901207,83.41999817,3.031943083,32
桜ヶ丘公園,139.4571079,35.63874166,87.12000275,9.588943481,100
桜ヶ丘公園,139.4571091,35.63847125,87.22000122,18.26471519,232
桜ヶ丘公園,139.4574302,35.64063555,72.41999817,11.29481506,96
桜ヶ丘公園,139.4574315,35.64036514,74.22000122,4.996497631,65
桜ヶ丘公園,139.4574328,35.64009473,80.81999969,12.38333797,78
桜ヶ丘公園,139.457434,35.63982433,81.31999969,1.089876056,121
桜ヶ丘公園,139.4574353,35.63955392,81.72000122,0.918602467,141
桜ヶ丘公園,139.4574366,35.63928351,81.91999817,1.153164029,150
桜ヶ丘公園,139.4574378,35.6390131,82.12000275,3.527443647,99
桜ヶ丘公園,139.4574391,35.6387427,86.31999969,9.74943161,69
桜ヶ丘公園,139.4574404,35.63847229,88.31999969,3.778050184,335
桜ヶ丘公園,139.4577615,35.64063658,71.62000275,3.599962711,88
桜ヶ丘公園,139.4577628,35.64036617,74.41999817,2.44266057,93
桜ヶ丘公園,139.457764,35.64009577,77.91999817,17.59220123,62
桜ヶ丘公園,139.4577653,35.63982536,80.81999969,0.551183283,39
桜ヶ丘公園,139.4577666,35.63955495,81.22000122,1.584485292,26
桜ヶ丘公園,139.4577678,35.63928454,81.51999664,1.153196573,30
桜ヶ丘公園,139.4577691,35.63901414,82.01999664,4.261273861,102
桜ヶ丘公園,139.4577704,35.63874373,84.31999969,4.766115665,39
桜ヶ丘公園,139.4577716,35.63847332,85.51999664,3.05826354,49
桜ヶ丘公園,139.4580953,35.6400968,75.51999664,2.340055466,127
桜ヶ丘公園,139.4580965,35.63982639,77.31999969,4.035519123,39
桜ヶ丘公園,139.4580978,35.63955598,78.62000275,4.314752102,49
桜ヶ丘公園,139.4580991,35.63928558,81.62000275,19.71196747,173
桜ヶ丘公園,139.4581003,35.63901517,83.12000275,6.307685375,161
桜ヶ丘公園,139.4581016,35.63874476,84.12000275,3.27507782,30
桜ヶ丘公園,139.4581029,35.63847435,85.01999664,2.522913456,47
桜ヶ丘公園,139.4581041,35.63820395,86.62000275,7.708683968,47
桜ヶ丘公園,139.4584253,35.64036824,78.62000275,3.570729971,174
桜ヶ丘公園,139.4584265,35.64009783,79.81999969,17.76894569,158
桜ヶ丘公園,139.4584278,35.63982742,81.91999817,1.089889288,239
桜ヶ丘公園,139.4584291,35.63955701,80.51999664,3.120421648,141
桜ヶ丘公園,139.4584303,35.63928661,87.31999969,13.1034441,119
桜ヶ丘公園,139.4584316,35.6390162,90.72000122,14.55323792,161
桜ヶ丘公園,139.4584329,35.63874579,86.91999817,18.932024,222
桜ヶ丘公園,139.4584341,35.63847538,87.22000122,7.878450394,162
桜ヶ丘公園,139.4584354,35.63820498,87.01999664,16.6666832,192
桜ヶ丘公園,139.4584366,35.63793457,86.62000275,2.988546133,178
桜ヶ丘公園,139.4584379,35.63766416,87.62000275,14.12788486,25
桜ヶ丘公園,139.4584392,35.63739375,91.31999969,8.57109642,39
桜ヶ丘公園,139.4584442,35.63631212,95.72000122,5.070403576,137
桜ヶ丘公園,139.458749,35.64199171,79.62000275,2.88634944,134
桜ヶ丘公園,139.4587578,35.64009886,81.01999664,0.376507908,112
桜ヶ丘公園,139.4587591,35.63982845,81.31999969,2.045250416,167
桜ヶ丘公園,139.4587603,35.63955805,82.12000275,9.45548439,28
桜ヶ丘公園,139.4587616,35.63928764,86.31999969,5.736638069,104
桜ヶ丘公園,139.4587628,35.63901723,94.51999664,21.26187897,85
桜ヶ丘公園,139.4587641,35.63874682,98.22000122,22.29562378,205
桜ヶ丘公園,139.4587654,35.63847641,96.72000122,19.16537666,195
桜ヶ丘公園,139.4587666,35.63820601,96.31999969,7.065250874,138
桜ヶ丘公園,139.4587679,35.6379356,96.91999817,11.61825275,210
桜ヶ丘公園,139.4587692,35.63766519,91.91999817,19.91292763,212
桜ヶ丘公園,139.4587704,35.63739478,87.22000122,9.810626984,233
桜ヶ丘公園,139.4587717,35.63712438,87.41999817,5.170304298,37
桜ヶ丘公園,139.4587729,35.63685397,91.01999664,22.22410011,16
桜ヶ丘公園,139.4587742,35.63658356,93.01999664,11.03087616,19
桜ヶ丘公園,139.4587755,35.63631315,94.12000275,4.404991627,358
桜ヶ丘公園,139.4587767,35.63604275,96.62000275,2.753671169,62
桜ヶ丘公園,139.458778,35.63577234,97.81999969,2.896893501,159
桜ヶ丘公園,139.459079,35.64226315,80.81999969,5.789953232,247
桜ヶ丘公園,139.4590802,35.64199274,80.41999817,3.2047894,193
桜ヶ丘公園,139.4590891,35.64009989,81.22000122,6.170505047,60
桜ヶ丘公園,139.4590903,35.63982948,81.91999817,2.570797682,185
桜ヶ丘公園,139.4590916,35.63955908,81.81999969,1.836581826,298
桜ヶ丘公園,139.4590928,35.63928867,86.72000122,31.66069794,85
桜ヶ丘公園,139.4590941,35.63901826,96.81999969,21.49303055,110
桜ヶ丘公園,139.4590954,35.63874785,108.5199966,19.94244957,115
桜ヶ丘公園,139.4590966,35.63847744,110.0199966,28.43322563,175
桜ヶ丘公園,139.4590979,35.63820704,104.8199997,33.26136398,150
桜ヶ丘公園,139.4590991,35.63793663,107.9199982,27.71470261,192
桜ヶ丘公園,139.4591004,35.63766622,100.4199982,17.68775558,210
桜ヶ丘公園,139.4591017,35.63739581,96.51999664,19.304636,225
桜ヶ丘公園,139.4591029,35.63712541,92.72000122,28.76135254,191
桜ヶ丘公園,139.4591042,35.636855,88.72000122,13.82749462,178
桜ヶ丘公園,139.4591054,35.63658459,89.01999664,7.315155983,195
桜ヶ丘公園,139.4591067,35.63631418,91.81999969,3.985482216,357
桜ヶ丘公園,139.459108,35.63604377,96.81999969,4.773982048,104
桜ヶ丘公園,139.4591092,35.63577337,97.72000122,3.614106178,303
桜ヶ丘公園,139.4591105,35.63550296,98.31999969,2.550632715,60
桜ヶ丘公園,139.4591117,35.63523255,99.22000122,3.527798414,36
桜ヶ丘公園,139.4591206,35.6333397,105.3199997,14.50622368,9
桜ヶ丘公園,139.4591218,35.63306929,104.9199982,22.34176064,356
桜ヶ丘公園,139.4594077,35.64280499,98.91999817,2.991976976,162
桜ヶ丘公園,139.459409,35.64253459,87.22000122,21.10082054,247
桜ヶ丘公園,139.4594102,35.64226418,84.01999664,13.95102119,203
桜ヶ丘公園,139.4594115,35.64199377,82.12000275,19.90094185,126
桜ヶ丘公園,139.4594216,35.63983051,83.41999817,3.637260199,121
桜ヶ丘公園,139.4594228,35.6395601,83.22000122,0.721062422,189
桜ヶ丘公園,139.4594241,35.6392897,88.12000275,24.85533524,110
桜ヶ丘公園,139.4594253,35.63901929,97.41999817,11.71420193,81
桜ヶ丘公園,139.4594266,35.63874888,106.8199997,25.10580063,53
桜ヶ丘公園,139.4594279,35.63847847,116.9199982,12.81719398,71
桜ヶ丘公園,139.4594291,35.63820807,120.2200012,29.26424026,148
桜ヶ丘公園,139.4594304,35.63793766,119.8199997,23.73062134,216
桜ヶ丘公園,139.4594316,35.63766725,112.3199997,24.37542915,208
桜ヶ丘公園,139.4594329,35.63739684,107.1200027,24.87178802,199
桜ヶ丘公園,139.4594342,35.63712643,106.9199982,33.51527405,176
桜ヶ丘公園,139.4594354,35.63685603,97.72000122,24.64694595,221
桜ヶ丘公園,139.4594367,35.63658562,98.51999664,21.74542618,224
桜ヶ丘公園,139.4594379,35.63631521,90.62000275,0.183727905,321
桜ヶ丘公園,139.4594392,35.6360448,91.41999817,4.342590809,44
桜ヶ丘公園,139.4594405,35.6357744,93.41999817,13.30565739,15
桜ヶ丘公園,139.4594417,35.63550399,94.31999969,8.513055801,12
桜ヶ丘公園,139.459443,35.63523358,95.12000275,16.46832275,360
桜ヶ丘公園,139.4594442,35.63496317,97.22000122,16.29029655,36
桜ヶ丘公園,139.4594455,35.63469276,99.81999969,3.335677147,245
桜ヶ丘公園,139.4594468,35.63442236,100.3199997,6.684063911,5
桜ヶ丘公園,139.459448,35.63415195,100.2200012,8.059897423,359
桜ヶ丘公園,139.4594493,35.63388154,100.8199997,10.30897713,4
桜ヶ丘公園,139.4594505,35.63361113,102.0199966,8.723956108,14
桜ヶ丘公園,139.4594518,35.63334072,99.91999817,7.34709549,296
桜ヶ丘公園,139.4594531,35.63307032,98.12000275,0.376511455,68
桜ヶ丘公園,139.459739,35.64280602,98.62000275,17.46494865,73
桜ヶ丘公園,139.4597402,35.64253562,95.91999817,36.98524475,212
桜ヶ丘公園,139.4597415,35.64226521,90.22000122,21.46000099,192
桜ヶ丘公園,139.4597428,35.6419948,88.81999969,14.55376339,161
桜ヶ丘公園,139.459744,35.64172439,99.41999817,20.86549568,145
桜ヶ丘公園,139.4597453,35.64145398,100.7200012,15.71663284,224
桜ヶ丘公園,139.4597528,35.63983154,84.41999817,10.79055214,217
桜ヶ丘公園,139.4597541,35.63956113,85.51999664,17.41238213,147
桜ヶ丘公園,139.4597553,35.63929072,93.72000122,15.16255665,116
桜ヶ丘公園,139.4597566,35.63902032,101.4199982,15.48398972,126
桜ヶ丘公園,139.4597579,35.63874991,104.2200012,10.21859169,136
桜ヶ丘公園,139.4597591,35.6384795,114.2200012,25.79354286,93
桜ヶ丘公園,139.4597604,35.63820909,127.4199982,17.27929115,51
桜ヶ丘公園,139.4597616,35.63793869,127.8199997,14.11009121,231
桜ヶ丘公園,139.4597629,35.63766828,124.0199966,23.04400063,177
桜ヶ丘公園,139.4597641,35.63739787,119.5199966,13.19156837,185
桜ヶ丘公園,139.4597654,35.63712746,120.6200027,16.16047287,227
桜ヶ丘公園,139.4597667,35.63685705,110.5199966,18.10014725,281
桜ヶ丘公園,139.4597679,35.63658665,101.2200012,19.61244774,283
桜ヶ丘公園,139.4597692,35.63631624,91.12000275,7.914420605,195
桜ヶ丘公園,139.4597704,35.63604583,92.62000275,17.27458763,137
桜ヶ丘公園,139.4597717,35.63577542,91.81999969,1.080565095,229
桜ヶ丘公園,139.459773,35.63550502,96.81999969,24.8218689,152
桜ヶ丘公園,139.4597742,35.63523461,99.22000122,30.99185562,171
桜ヶ丘公園,139.4597755,35.6349642,100.2200012,19.34923363,188
桜ヶ丘公園,139.4597767,35.63469379,99.91999817,4.524619102,224
桜ヶ丘公園,139.459778,35.63442338,99.51999664,2.110074759,199
桜ヶ丘公園,139.4597792,35.63415298,99.41999817,1.836684108,321
桜ヶ丘公園,139.4597805,35.63388257,99.12000275,3.893741131,259
桜ヶ丘公園,139.4597818,35.63361216,98.41999817,0.697132289,270
桜ヶ丘公園,139.459783,35.63334175,98.22000122,3.455574751,330
桜ヶ丘公園,139.4597843,35.63307134,98.91999817,4.50595665,46
桜ヶ丘公園,139.4600702,35.64280705,98.51999664,13.68367863,98
桜ヶ丘公園,139.4600715,35.64253664,106.6200027,14.35169888,135
桜ヶ丘公園,139.4600728,35.64226623,110.0199966,12.16278839,188
桜ヶ丘公園,139.460074,35.64199583,100.3199997,26.19838142,174
桜ヶ丘公園,139.4600753,35.64172542,104.4199982,18.94440842,125
桜ヶ丘公園,139.4600765,35.64145501,107.2200012,16.96084213,233
桜ヶ丘公園,139.4600778,35.6411846,95.01999664,19.97823143,243
桜ヶ丘公園,139.4600828,35.64010297,95.22000122,22.53888321,142
桜ヶ丘公園,139.4600841,35.63983257,88.62000275,18.11259651,219
桜ヶ丘公園,139.4600853,35.63956216,90.41999817,21.47533035,90
桜ヶ丘公園,139.4600866,35.63929175,100.8199997,19.61826515,145
桜ヶ丘公園,139.4600878,35.63902134,109.9199982,26.51912117,147
桜ヶ丘公園,139.4600891,35.63875094,110.2200012,20.21582603,204
桜ヶ丘公園,139.4600904,35.63848053,113.3199997,15.16253376,116
桜ヶ丘公園,139.4600916,35.63821012,120.2200012,12.92425632,64
桜ヶ丘公園,139.4600929,35.63793971,129.9199982,12.73625469,78
桜ヶ丘公園,139.4600941,35.6376693,130.7200012,1.129430771,68
桜ヶ丘公園,139.4600954,35.6373989,130.2200012,7.343490124,311
桜ヶ丘公園,139.4600967,35.63712849,123.3199997,16.59625435,258
桜ヶ丘公園,139.4600979,35.63685808,112.3199997,21.27540207,269
桜ヶ丘公園,139.4600992,35.63658767,99.41999817,23.7328434,259
桜ヶ丘公園,139.4601004,35.63631727,91.81999969,1.763688087,153
桜ヶ丘公園,139.4601017,35.63604686,99.22000122,23.23346138,118
桜ヶ丘公園,139.4601029,35.63577645,100.9199982,15.46914005,198
桜ヶ丘公園,139.4601042,35.63550604,105.4199982,27.3883152,98
桜ヶ丘公園,139.4601055,35.63523563,118.0199966,16.21807289,169
桜ヶ丘公園,139.4601067,35.63496523,115.6200027,25.34190941,210
桜ヶ丘公園,139.460108,35.63469482,108.9199982,29.90644646,211
桜ヶ丘公園,139.4601092,35.63442441,104.7200012,18.15348053,190
桜ヶ丘公園,139.4601105,35.634154,101.9199982,16.45481682,232
桜ヶ丘公園,139.4601117,35.63388359,100.8199997,4.361390114,168
桜ヶ丘公園,139.460113,35.63361319,101.1200027,13.83856297,153
桜ヶ丘公園,139.4601143,35.63334278,104.6200027,25.8609333,192
桜ヶ丘公園,139.4601155,35.63307237,102.2200012,15.72949505,113
桜ヶ丘公園,139.4604015,35.64280808,100.1200027,16.75592232,98
桜ヶ丘公園,139.4604028,35.64253767,109.6200027,18.18639374,90
桜ヶ丘公園,139.460404,35.64226726,117.1200027,7.915073872,195
桜ヶ丘公園,139.4604053,35.64199685,114.6200027,23.85616875,181
桜ヶ丘公園,139.4604065,35.64172645,113.8199997,22.59866333,192
桜ヶ丘公園,139.4604078,35.64145604,114.5199966,20.05109406,203
桜ヶ丘公園,139.4604091,35.64118563,105.4199982,20.50190926,211
桜ヶ丘公園,139.4604103,35.64091522,99.51999664,22.49743462,195
桜ヶ丘公園,139.4604116,35.64064482,96.22000122,20.19660187,182
桜ヶ丘公園,139.4604128,35.64037441,98.12000275,15.31944466,142
桜ヶ丘公園,139.4604141,35.640104,98.41999817,1.089876056,239
桜ヶ丘公園,139.4604153,35.63983359,92.91999817,9.803590775,246
桜ヶ丘公園,139.4604166,35.63956318,89.41999817,3.838990211,182
桜ヶ丘公園,139.4604178,35.63929278,102.3199997,26.29213142,60
桜ヶ丘公園,139.4604191,35.63902237,116.6200027,27.70937347,80
桜ヶ丘公園,139.4604204,35.63875196,123.5199966,12.33958435,182
桜ヶ丘公園,139.4604216,35.63848155,121.9199982,20.78258324,144
桜ヶ丘公園,139.4604229,35.63821115,131.0200043,17.13343811,150
桜ヶ丘公園,139.4604241,35.63794074,130.9199982,3.637267113,239
桜ヶ丘公園,139.4604254,35.63767033,125.6200027,15.35707188,296
桜ヶ丘公園,139.4604266,35.63739992,121.1200027,18.8835144,343
桜ヶ丘公園,139.4604279,35.63712951,121.3199997,12.42400169,313
桜ヶ丘公園,139.4604292,35.63685911,108.7200012,23.48563194,276
桜ヶ丘公園,139.4604304,35.6365887,96.41999817,17.42988396,281
桜ヶ丘公園,139.4604317,35.63631829,94.81999969,17.59250641,143
桜ヶ丘公園,139.4604329,35.63604788,106.5199966,22.85843468,122
桜ヶ丘公園,139.4604342,35.63577748,104.6200027,10.42682457,203
桜ヶ丘公園,139.4604354,35.63550707,109.1200027,21.61807442,116
桜ヶ丘公園,139.4604367,35.63523666,117.5199966,14.1178627,97
桜ヶ丘公園,139.4604379,35.63496625,123.8199997,14.09422588,188
桜ヶ丘公園,139.4604392,35.63469584,120.5199966,27.82788086,220
桜ヶ丘公園,139.4604405,35.63442544,116.3199997,17.04899025,208
桜ヶ丘公園,139.4604417,35.63415503,107.2200012,20.509655,251
桜ヶ丘公園,139.460443,35.63388462,102.9199982,5.402921677,166
桜ヶ丘公園,139.4604442,35.63361421,108.7200012,30.2422924,113
桜ヶ丘公園,139.4604455,35.6333438,117.4199982,16.57682991,205
桜ヶ丘公園,139.4604467,35.6330734,106.8199997,13.27789879,228
桜ヶ丘公園,139.4607328,35.6428091,100.8199997,13.2402401,91
桜ヶ丘公園,139.460734,35.64253869,108.5199966,14.45994759,82
桜ヶ丘公園,139.4607353,35.64226829,116.7200012,15.22994328,79
桜ヶ丘公園,139.4607365,35.64199788,121.6200027,13.15950871,144
桜ヶ丘公園,139.4607378,35.64172747,124.6200027,14.29949188,165
桜ヶ丘公園,139.4607391,35.64145706,122.0199966,15.0243206,204
桜ヶ丘公園,139.4607403,35.64118666,118.7200012,25.00261116,195
桜ヶ丘公園,139.4607416,35.64091625,108.7200012,20.04123497,233
桜ヶ丘公園,139.4607428,35.64064584,107.7200012,21.72571564,213
桜ヶ丘公園,139.4607441,35.64037543,109.3199997,20.5117321,157
桜ヶ丘公園,139.4607453,35.64010502,104.2200012,34.87492752,263
桜ヶ丘公園,139.4607466,35.63983462,96.12000275,6.21480608,201
桜ヶ丘公園,139.4607478,35.63956421,92.31999969,7.921827316,245
桜ヶ丘公園,139.4607491,35.6392938,104.0199966,29.87204742,97
桜ヶ丘公園,139.4607504,35.63902339,111.6200027,24.44878387,26
桜ヶ丘公園,139.4607516,35.63875299,118.9199982,25.49258232,10
桜ヶ丘公園,139.4607529,35.63848258,126.6200027,15.46136093,33
桜ヶ丘公園,139.4607541,35.63821217,131.0200043,9.824318886,39
桜ヶ丘公園,139.4607554,35.63794176,132.0200043,0.54502517,239
桜ヶ丘公園,139.4607566,35.63767136,127.5199966,17.77474785,232
桜ヶ丘公園,139.4607579,35.63740095,120.2200012,18.69787216,241
桜ヶ丘公園,139.4607591,35.63713054,112.4199982,12.28256416,353
桜ヶ丘公園,139.4607604,35.63686013,106.9199982,24.34869957,281
桜ヶ丘公園,139.4607616,35.63658972,99.81999969,9.317655563,166
桜ヶ丘公園,139.4607629,35.63631932,102.4199982,21.15724754,114
桜ヶ丘公園,139.4607642,35.63604891,114.1200027,24.91508102,142
桜ヶ丘公園,139.4607654,35.6357785,112.9199982,22.69765663,221
桜ヶ丘公園,139.4607667,35.63550809,111.5199966,10.64831734,139
桜ヶ丘公園,139.4607679,35.63523769,121.9199982,19.56594086,59
桜ヶ丘公園,139.4607692,35.63496728,129.2200012,6.019654274,90
桜ヶ丘公園,139.4607704,35.63469687,127.2200012,13.31682777,236
桜ヶ丘公園,139.4607717,35.63442646,119.4199982,17.11522293,232
桜ヶ丘公園,139.4607729,35.63415605,109.1200027,20.18376923,259
桜ヶ丘公園,139.4607742,35.63388565,105.3199997,4.404969692,178
桜ヶ丘公園,139.4607755,35.63361524,111.6200027,31.08330536,100
桜ヶ丘公園,139.4607767,35.63334483,122.5199966,9.863278389,224
桜ヶ丘公園,139.460778,35.63307442,115.0199966,9.215992928,192
桜ヶ丘公園,139.4610653,35.64253972,106.2200012,14.81219578,64
桜ヶ丘公園,139.4610666,35.64226931,114.1200027,17.0967083,62
桜ヶ丘公園,139.4610678,35.6419989,121.9199982,17.33599281,56
桜ヶ丘公園,139.4610691,35.64172849,121.9199982,28.8876133,349
桜ヶ丘公園,139.4610703,35.64145809,124.3199997,23.47571182,31
桜ヶ丘公園,139.4610716,35.64118768,125.2200012,3.555820227,182
桜ヶ丘公園,139.4610728,35.64091727,123.6200027,20.63271332,214
桜ヶ丘公園,139.4610741,35.64064686,116.1200027,13.77137566,208
桜ヶ丘公園,139.4610753,35.64037646,117.9199982,17.14139366,227
桜ヶ丘公園,139.4610766,35.64010605,106.3199997,19.4228363,245
桜ヶ丘公園,139.4610778,35.63983564,101.5199966,14.02589321,216
桜ヶ丘公園,139.4610791,35.63956523,97.22000122,13.55925465,218
桜ヶ丘公園,139.4610804,35.63929483,97.62000275,9.278687477,113
桜ヶ丘公園,139.4610816,35.63902442,102.1200027,11.0313158,161
桜ヶ丘公園,139.4610829,35.63875401,108.4199982,24.18998909,36
桜ヶ丘公園,139.4610841,35.6384836,116.9199982,19.26865196,23
桜ヶ丘公園,139.4610854,35.6382132,122.9199982,9.892865181,90
桜ヶ丘公園,139.4610866,35.63794279,130.9199982,9.70215416,103
桜ヶ丘公園,139.4610879,35.63767238,127.2200012,23.07283401,271
桜ヶ丘公園,139.4610891,35.63740197,117.8199997,14.56669331,302
桜ヶ丘公園,139.4610904,35.63713156,108.7200012,15.74257946,271
桜ヶ丘公園,139.4610916,35.63686116,103.3199997,10.37654495,225
桜ヶ丘公園,139.4610929,35.63659075,103.7200012,11.93593311,167
桜ヶ丘公園,139.4610941,35.63632034,108.6200027,25.18918419,124
桜ヶ丘公園,139.4610954,35.63604993,118.4199982,24.98484612,110
桜ヶ丘公園,139.4610967,35.63577952,122.4199982,20.02786827,207
桜ヶ丘公園,139.4610979,35.63550912,117.0199966,12.73215771,192
桜ヶ丘公園,139.4610992,35.63523871,118.1200027,8.770954132,125
桜ヶ丘公園,139.4611004,35.6349683,123.7200012,14.67786026,67
桜ヶ丘公園,139.4611017,35.63469789,129.4199982,15.26787472,288
桜ヶ丘公園,139.4611029,35.63442749,121.6200027,15.5517292,245
桜ヶ丘公園,139.4611042,35.63415708,113.0199966,16.70137787,255
桜ヶ丘公園,139.4611054,35.63388667,107.9199982,6.240068436,152
桜ヶ丘公園,139.4611067,35.63361626,116.1200027,24.435112,91
桜ヶ丘公園,139.4611079,35.63334585,125.2200012,1.153092265,330
桜ヶ丘公園,139.4611092,35.63307545,118.3199997,6.844270229,207
桜ヶ丘公園,139.4613978,35.64227033,105.2200012,19.64499855,31
桜ヶ丘公園,139.4613991,35.64199993,111.2200012,24.64135361,31
桜ヶ丘公園,139.4614003,35.64172952,110.1200027,22.73601151,335
桜ヶ丘公園,139.4614016,35.64145911,110.7200012,25.57799339,8
桜ヶ丘公園,139.4614028,35.6411887,115.0199966,22.71615028,21
桜ヶ丘公園,139.4614041,35.6409183,119.0199966,26.63824463,39
桜ヶ丘公園,139.4614053,35.64064789,127.5199966,11.45538998,145
桜ヶ丘公園,139.4614066,35.64037748,119.7200012,18.63741112,226
桜ヶ丘公園,139.4614078,35.64010707,113.4199982,14.16522312,190
桜ヶ丘公園,139.4614091,35.63983666,110.0199966,22.21967506,232
桜ヶ丘公園,139.4614103,35.63956626,100.7200012,9.978855133,231
桜ヶ丘公園,139.4614116,35.63929585,99.81999969,5.461283684,120
桜ヶ丘公園,139.4614129,35.63902544,110.9199982,20.05614853,81
桜ヶ丘公園,139.4614141,35.63875503,114.8199997,23.56189728,175
桜ヶ丘公園,139.4614154,35.63848463,115.1200027,15.8612175,151
桜ヶ丘公園,139.4614166,35.63821422,123.5199966,15.99146271,70
桜ヶ丘公園,139.4614179,35.63794381,130.4199982,14.51357079,61
桜ヶ丘公園,139.4614191,35.6376734,130.9199982,11.60973167,237
桜ヶ丘公園,139.4614204,35.63740299,122.1200027,16.27014542,239
桜ヶ丘公園,139.4614216,35.63713259,113.0199966,22.97195625,271
桜ヶ丘公園,139.4614229,35.63686218,107.9199982,6.879448414,195
桜ヶ丘公園,139.4614241,35.63659177,109.6200027,11.49733353,143
桜ヶ丘公園,139.4614254,35.63632136,115.9199982,26.40345764,130
桜ヶ丘公園,139.4614266,35.63605096,126.0199966,10.9453373,113
桜ヶ丘公園,139.4614279,35.63578055,130.0200043,8.43772316,135
桜ヶ丘公園,139.4614291,35.63551014,127.7200012,19.01141357,193
桜ヶ丘公園,139.4614304,35.63523973,124.6200027,16.60677719,193
桜ヶ丘公園,139.4614316,35.63496932,125.1200027,12.20601654,146
桜ヶ丘公園,139.4614329,35.63469892,130.1199951,12.4610405,216
桜ヶ丘公園,139.4614342,35.63442851,125.4199982,11.55469227,228
桜ヶ丘公園,139.4614354,35.6341581,120.0199966,20.59587479,225
桜ヶ丘公園,139.4614367,35.63388769,115.0199966,16.81382751,160
桜ヶ丘公園,139.4614379,35.63361728,119.3199997,19.58779335,156
桜ヶ丘公園,139.4617303,35.64200095,98.72000122,20.81880379,353
桜ヶ丘公園,139.4617328,35.64146013,103.7200012,7.738642216,89
桜ヶ丘公園,139.4617341,35.64118973,107.9199982,13.70182228,136
桜ヶ丘公園,139.4617353,35.64091932,116.6200027,20.68782997,118
桜ヶ丘公園,139.4617366,35.64064891,126.1200027,18.99518776,95
桜ヶ丘公園,139.4617378,35.6403785,129.5200043,12.60942364,226
桜ヶ丘公園,139.4617391,35.64010809,120.8199997,22.45365334,262
桜ヶ丘公園,139.4617404,35.63983769,108.6200027,22.28171539,269
桜ヶ丘公園,139.4617416,35.63956728,106.9199982,19.97637177,144
桜ヶ丘公園,139.4617429,35.63929687,107.8199997,24.49367142,213
桜ヶ丘公園,139.4617441,35.63902646,107.2200012,22.3464222,76
桜ヶ丘公園,139.4617454,35.63875606,120.8199997,18.51556396,61
桜ヶ丘公園,139.4617466,35.63848565,124.9199982,10.05513096,186
桜ヶ丘公園,139.4617479,35.63821524,124.1200027,13.29022694,159
桜ヶ丘公園,139.4617491,35.63794483,128.9199982,16.77108002,121
桜ヶ丘公園,139.4617504,35.63767443,130.0200043,14.59020805,301
桜ヶ丘公園,139.4617516,35.63740402,121.0199966,20.66410637,287
桜ヶ丘公園,139.4617529,35.63713361,110.1200027,18.73604584,286
桜ヶ丘公園,139.4617541,35.6368632,109.3199997,2.005246878,187
桜ヶ丘公園,139.4617554,35.63659279,111.5199966,8.431255341,87
桜ヶ丘公園,139.4617566,35.63632239,114.4199982,12.58594799,17
桜ヶ丘公園,139.4617579,35.63605198,122.1200027,18.62213135,108
桜ヶ丘公園,139.4617591,35.63578157,126.6200027,12.58712387,87
桜ヶ丘公園,139.4617604,35.63551116,134.1199951,12.28788376,111
桜ヶ丘公園,139.4617616,35.63524075,133.5200043,15.84758949,211
桜ヶ丘公園,139.4617629,35.63497035,132.7200012,16.3560257,165
桜ヶ丘公園,139.4617641,35.63469994,134.9199982,5.495063782,219
桜ヶ丘公園,139.4617654,35.63442953,129.0200043,6.006917,221
桜ヶ丘公園,139.4617666,35.63415912,126.2200012,8.635844231,224
桜ヶ丘公園,139.4617679,35.63388871,124.5199966,13.75086117,150
桜ヶ丘公園,139.4620641,35.64146115,108.4199982,18.88215256,58
桜ヶ丘公園,139.4620654,35.64119075,117.6200027,16.23952293,85
桜ヶ丘公園,139.4620666,35.64092034,123.3199997,13.79355049,156
桜ヶ丘公園,139.4620679,35.64064993,131.0200043,8.452963829,116
桜ヶ丘公園,139.4620691,35.64037952,127.3199997,20.27416801,300
桜ヶ丘公園,139.4620704,35.64010912,118.6200027,18.25757027,309
桜ヶ丘公園,139.4620716,35.63983871,112.2200012,13.36995125,203
桜ヶ丘公園,139.4620729,35.6395683,120.3199997,20.74789238,145
桜ヶ丘公園,139.4620741,35.63929789,119.0199966,13.29579544,241
桜ヶ丘公園,139.4620754,35.63902749,110.5199966,9.588144302,180
桜ヶ丘公園,139.4620766,35.63875708,119.9199982,22.67728424,77
桜ヶ丘公園,139.4620779,35.63848667,132.0200043,15.45546627,129
桜ヶ丘公園,139.4620791,35.63821626,131.9199982,7.308307171,214
桜ヶ丘公園,139.4620804,35.63794585,130.2200012,15.90658951,330
桜ヶ丘公園,139.4620816,35.63767545,125.2200012,20.81907654,338
桜ヶ丘公園,139.4620829,35.63740504,120.7200012,12.27565575,314
桜ヶ丘公園,139.4620841,35.63713463,109.6200027,4.143850803,196
桜ヶ丘公園,139.4620854,35.63686422,113.4199982,22.00400734,124
桜ヶ丘公園,139.4620866,35.63659382,111.5199966,5.448783398,146
桜ヶ丘公園,139.4620879,35.63632341,113.8199997,14.07011414,73
桜ヶ丘公園,139.4620891,35.636053,126.3199997,19.95840836,96
桜ヶ丘公園,139.4620904,35.63578259,131.2200012,6.336066246,72
桜ヶ丘公園,139.4620916,35.63551218,134.8200073,12.9416666,37
桜ヶ丘公園,139.4620929,35.63524178,137.8200073,7.219990253,78
桜ヶ丘公園,139.4620941,35.63497137,138.8200073,5.13069725,219
桜ヶ丘公園,139.4620954,35.63470096,133.5200043,12.45513535,298
桜ヶ丘公園,139.4623954,35.64146218,108.3199997,6.403515816,62
桜ヶ丘公園,139.4623966,35.64119177,112.2200012,18.37290192,57
桜ヶ丘公園,139.4623979,35.64092136,118.1200027,19.00960922,29
桜ヶ丘公園,139.4623991,35.64065095,128.1199951,24.6101284,101
桜ヶ丘公園,139.4624004,35.64038054,130.0200043,18.52616692,244
桜ヶ丘公園,139.4624016,35.64011014,124.3199997,21.19252205,182
桜ヶ丘公園,139.4624029,35.63983973,123.0199966,10.74779987,151
桜ヶ丘公園,139.4624041,35.63956932,125.9199982,8.239355087,126
桜ヶ丘公園,139.4624054,35.63929891,122.8199997,18.87438583,250
桜ヶ丘公園,139.4624066,35.63902851,114.3199997,8.683373451,209
桜ヶ丘公園,139.4624079,35.6387581,123.7200012,21.6302166,97
桜ヶ丘公園,139.4624091,35.63848769,134.1199951,11.14167213,81
桜ヶ丘公園,139.4624104,35.63821728,130.2200012,18.27060318,229
桜ヶ丘公園,139.4624116,35.63794687,127.7200012,19.76747322,235
桜ヶ丘公園,139.4624129,35.63767647,121.5199966,14.77101135,188
桜ヶ丘公園,139.4624141,35.63740606,116.5199966,20.1519928,221
桜ヶ丘公園,139.4624154,35.63713565,111.9199982,3.288408041,186
桜ヶ丘公園,139.4624166,35.63686524,121.6200027,19.71950722,121
桜ヶ丘公園,139.4624179,35.63659484,120.6200027,22.96344566,212
桜ヶ丘公園,139.4624191,35.63632443,110.8199997,9.806158066,151
桜ヶ丘公園,139.4624204,35.63605402,117.1200027,16.63354492,48
桜ヶ丘公園,139.4624216,35.63578361,123.8199997,14.63809967,48
桜ヶ丘公園,139.4624229,35.6355132,128.9199982,10.92758369,75
桜ヶ丘公園,139.4624241,35.6352428,134.7200012,14.335886,89
桜ヶ丘公園,139.4624254,35.63497239,138.8200073,3.85215497,276
桜ヶ丘公園,139.4624266,35.63470198,133.9199982,12.91160202,240
桜ヶ丘公園,139.4627279,35.64119279,109.5199966,6.183189392,77
桜ヶ丘公園,139.4627291,35.64092238,116.5199966,16.91076088,40
桜ヶ丘公園,139.4627304,35.64065197,123.7200012,18.17923927,56
桜ヶ丘公園,139.4627316,35.64038156,125.8199997,28.60925293,7
桜ヶ丘公園,139.4627329,35.64011116,132.5200043,5.815606594,77
桜ヶ丘公園,139.4627341,35.63984075,129.4199982,11.62417698,205
桜ヶ丘公園,139.4627354,35.63957034,129.4199982,1.286036134,185
桜ヶ丘公園,139.4627366,35.63929993,127.6200027,13.94257069,240
桜ヶ丘公園,139.4627379,35.63902953,125.8199997,27.97465897,187
桜ヶ丘公園,139.4627391,35.63875912,125.5199966,21.85873222,143
桜ヶ丘公園,139.4627404,35.63848871,130.3200073,15.68066406,103
桜ヶ丘公園,139.4627416,35.6382183,134.9199982,6.118405342,71
桜ヶ丘公園,139.4627429,35.63794789,135.5200043,1.34724462,252
桜ヶ丘公園,139.4627441,35.63767749,128.9199982,20.05618095,279
桜ヶ丘公園,139.4627454,35.63740708,117.3199997,16.72385406,293
桜ヶ丘公園,139.4627466,35.63713667,115.5199966,20.68182564,126
桜ヶ丘公園,139.4627478,35.63686626,123.4199982,21.99338913,146
桜ヶ丘公園,139.4627491,35.63659585,123.6200027,20.01887512,288
桜ヶ丘公園,139.4627503,35.63632545,115.3199997,15.34660721,203
桜ヶ丘公園,139.4627516,35.63605504,119.3199997,18.19825745,74
桜ヶ丘公園,139.4627528,35.63578463,127.4199982,11.37541103,102
桜ヶ丘公園,139.4627541,35.63551422,133.2200012,14.78897858,128
桜ヶ丘公園,139.4627553,35.63524382,138.4199982,6.813007832,127
桜ヶ丘公園,139.4627566,35.63497341,137.5200043,4.577205658,279
桜ヶ丘公園,139.4627578,35.634703,137.0200043,17.41032028,198
桜ヶ丘公園,139.4630604,35.6409234,112.6200027,5.396538734,99
桜ヶ丘公園,139.4630616,35.64065299,115.4199982,17.73843765,31
桜ヶ丘公園,139.4630629,35.64038258,120.9199982,20.09907532,46
桜ヶ丘公園,139.4630641,35.64011218,124.9199982,17.39222908,25
桜ヶ丘公園,139.4630654,35.63984177,129.1199951,17.69429398,34
桜ヶ丘公園,139.4630666,35.63957136,134.8200073,12.04460621,199
桜ヶ丘公園,139.4630679,35.63930095,132.8200073,24.75857353,144
桜ヶ丘公園,139.4630704,35.63876014,129.4199982,16.20674706,100
桜ヶ丘公園,139.4630716,35.63848973,134.9199982,2.810900927,156
桜ヶ丘公園,139.4630729,35.63821932,135.8200073,3.984859467,98
桜ヶ丘公園,139.4630741,35.63794891,135.3200073,5.74198246,295
桜ヶ丘公園,139.4630753,35.6376785,125.1200027,13.26989555,307
桜ヶ丘公園,139.4630766,35.6374081,117.6200027,12.38118744,266
桜ヶ丘公園,139.4630778,35.63713769,120.4199982,22.60487556,100
桜ヶ丘公園,139.4630791,35.63686728,130.1199951,10.64614105,65
桜ヶ丘公園,139.4630803,35.63659687,126.8199997,23.37125015,212
桜ヶ丘公園,139.4630816,35.63632647,129.5200043,26.52688026,170
桜ヶ丘公園,139.4630828,35.63605606,126.0199966,17.50006294,190
桜ヶ丘公園,139.4630841,35.63578565,132.1199951,19.04328728,142
桜ヶ丘公園,139.4630853,35.63551524,132.7200012,0.918466628,242
桜ヶ丘公園,139.4630866,35.63524483,138.2200012,1.129390836,68
桜ヶ丘公園,139.4633941,35.6403836,118.6200027,1.262074947,133
桜ヶ丘公園,139.4633954,35.64011319,119.4199982,9.007677078,100
桜ヶ丘公園,139.4633966,35.63984279,129.4199982,26.35469627,115
桜ヶ丘公園,139.4634029,35.63849075,135.3200073,0.376503825,248
桜ヶ丘公園,139.4634041,35.63822034,134.6199951,10.92211342,331
桜ヶ丘公園,139.4634053,35.63794993,132.8200073,5.662581921,298
桜ヶ丘公園,139.4634066,35.63767952,124.8199997,19.10253334,306
桜ヶ丘公園,139.4634078,35.63740911,118.5199966,13.95864582,200
桜ヶ丘公園,139.4634091,35.63713871,118.3199997,11.10358906,83
桜ヶ丘公園,139.4634103,35.6368683,124.6200027,14.25130844,39
桜ヶ丘公園,139.4634141,35.63605708,133.9199982,2.554506779,90
桜ヶ丘公園,139.4634153,35.63578667,133.8200073,1.516832113,275
桜ヶ丘公園,139.4634166,35.63551626,133.2200012,1.080591798,229
桜ヶ丘公園,139.4634178,35.63524585,134.4199982,16.14662552,42
桜ヶ丘公園,139.4637266,35.64011421,125.8199997,14.79620838,155
桜ヶ丘公園,139.4637378,35.63768054,124.4199982,10.43573761,217
桜ヶ丘公園,139.4637391,35.63741013,127.9199982,12.61075974,182
桜ヶ丘公園,139.4637403,35.63713972,123.3199997,15.95253181,178
桜ヶ丘公園,139.4637416,35.63686932,124.0199966,17.93480682,156
桜ヶ丘公園,139.4637453,35.63605809,134.9199982,2.843776941,258
桜ヶ丘公園,139.4637466,35.63578768,134.0200043,5.191188812,197
桜ヶ丘公園,139.4637478,35.63551728,133.4199982,1.161922216,348
桜ヶ丘公園,139.463749,35.63524687,133.6199951,1.334870815,149
桜ヶ丘公園,139.4637503,35.63497646,137.8200073,3.213445902,77
桜ヶ丘公園,139.4640691,35.63768156,129.5200043,11.16298866,208
桜ヶ丘公園,139.4640703,35.63741115,131.6199951,6.84479475,153
桜ヶ丘公園,139.4640803,35.63524788,137.4199982,3.271814108,138
小山田緑地,139.413179,35.5969229,90.31999969,18.73951721,137
小山田緑地,139.4131799,35.59674262,93.01999664,22.50707436,136
小山田緑地,139.4131809,35.59656235,101.0199966,29.49784279,196
小山田緑地,139.4131818,35.59638208,100.1200027,35.59674454,165
小山田緑地,139.4131828,35.59620181,96.41999817,15.95368576,207
小山田緑地,139.4131837,35.59602153,96.01999664,23.31483078,156
小山田緑地,139.4131847,35.59584126,99.72000122,20.3490448,176
小山田緑地,139.4133988,35.59710394,85.41999817,19.99951935,161
小山田緑地,139.4133997,35.59692366,90.51999664,25.10147476,79
小山田緑地,139.4134007,35.59674339,100.6200027,22.21539879,130
小山田緑地,139.4134016,35.59656312,107.4199982,23.69684982,120
小山田緑地,139.4134025,35.59638285,108.5199966,13.77609634,196
小山田緑地,139.4134035,35.59620258,107.2200012,17.89208031,190
小山田緑地,139.4134044,35.5960223,106.7200012,18.04771805,172
小山田緑地,139.4134054,35.59584203,107.1200027,20.27930832,195
小山田緑地,139.4134063,35.59566176,103.5199966,11.74579811,208
小山田緑地,139.4136195,35.59710471,97.41999817,28.20573807,172
小山田緑地,139.4136204,35.59692443,102.7200012,32.44579315,166
小山田緑地,139.4136214,35.59674416,107.9199982,24.33889961,129
小山田緑地,139.4136223,35.59656389,111.5199966,10.43661404,155
小山田緑地,139.4136233,35.59638362,112.4199982,10.45055389,185
小山田緑地,139.4136242,35.59620335,110.1200027,11.61303329,195
小山田緑地,139.4136251,35.59602307,112.9199982,18.43843079,141
小山田緑地,139.4136261,35.5958428,114.0199966,21.39186859,193
小山田緑地,139.413627,35.59566253,108.6200027,21.81235313,216
小山田緑地,139.413628,35.59548226,105.4199982,16.97866821,209
小山田緑地,139.4138402,35.59710547,98.62000275,34.89907455,52
小山田緑地,139.4138412,35.5969252,102.8199997,35.31949997,353
小山田緑地,139.4138421,35.59674493,106.2200012,38.77203369,21
小山田緑地,139.413843,35.59656466,109.4199982,38.74337387,43
小山田緑地,139.413844,35.59638439,115.4199982,3.776959896,127
小山田緑地,139.4138449,35.59620411,116.6200027,17.64269257,178
小山田緑地,139.4138459,35.59602384,118.4199982,17.59272003,145
小山田緑地,139.4138468,35.59584357,120.7200012,10.25980663,189
小山田緑地,139.4138477,35.5956633,114.5199966,21.78317833,227
小山田緑地,139.4138487,35.59548303,109.7200012,16.68859673,225
小山田緑地,139.4140619,35.59692597,91.51999664,9.68006897,38
小山田緑地,139.4140628,35.5967457,93.81999969,10.88898945,62
小山田緑地,139.4140638,35.59656543,98.72000122,14.61482716,95
小山田緑地,139.4140647,35.59638515,108.2200012,33.39722061,85
小山田緑地,139.4140656,35.59620488,120.3199997,7.738668442,91
小山田緑地,139.4140666,35.59602461,120.8199997,2.019967079,102
小山田緑地,139.4140675,35.59584434,121.3199997,1.65089047,80
小山田緑地,139.4140685,35.59566407,120.0199966,15.92357731,223
小山田緑地,139.4140694,35.59548379,115.8199997,20.46914673,206
小山田緑地,139.4140703,35.59530352,114.2200012,20.81407547,190
小山田緑地,139.4142835,35.59674647,95.01999664,22.86118698,21
小山田緑地,139.4142845,35.59656619,102.0199966,32.02490616,49
小山田緑地,139.4142854,35.59638592,111.4199982,31.78388023,37
小山田緑地,139.4142864,35.59620565,119.6200027,12.85810566,59
小山田緑地,139.4142873,35.59602538,120.1200027,4.323767185,46
小山田緑地,139.4142882,35.59584511,120.8199997,2.356669664,44
小山田緑地,139.4142892,35.59566483,121.4199982,1.668715358,160
小山田緑地,139.4142901,35.59548456,121.1200027,11.72774506,191
小山田緑地,139.4142911,35.59530429,120.9199982,15.29023457,183
小山田緑地,139.4145005,35.59746832,95.51999664,17.26215553,113
小山田緑地,139.4145014,35.59728805,98.31999969,21.34903717,168
小山田緑地,139.4145043,35.59674723,98.51999664,34.06211853,154
小山田緑地,139.4145052,35.59656696,98.41999817,30.8565197,170
小山田緑地,139.4145061,35.59638669,102.6200027,19.12557793,90
小山田緑地,139.4145071,35.59620642,116.1200027,28.48676872,75
小山田緑地,139.414508,35.59602614,117.6200027,10.68561745,25
小山田緑地,139.4145089,35.59584587,119.6200027,11.77620029,24
小山田緑地,139.4145099,35.5956656,120.9199982,7.164766788,38
小山田緑地,139.4145118,35.59530506,123.1200027,3.058747292,53
小山田緑地,139.4147203,35.59764936,97.41999817,48.39537048,174
小山田緑地,139.4147212,35.59746909,100.2200012,32.46278381,157
小山田緑地,139.4147222,35.59728882,105.2200012,14.60580826,159
小山田緑地,139.4147231,35.59710854,101.9199982,19.62700081,252
小山田緑地,139.414724,35.59692827,96.41999817,10.43998623,222
小山田緑地,139.414725,35.596748,97.62000275,24.08203316,66
小山田緑地,139.4147259,35.59656773,107.0199966,32.13097382,67
小山田緑地,139.4147268,35.59638746,110.8199997,29.08784866,191
小山田緑地,139.4147278,35.59620718,112.5199966,6.038444042,24
小山田緑地,139.4147287,35.59602691,112.2200012,20.53820992,11
小山田緑地,139.4147297,35.59584664,113.7200012,14.50017929,9
小山田緑地,139.4149391,35.59801067,92.41999817,13.39812565,117
小山田緑地,139.4149401,35.5978304,103.5199966,20.08320236,14
小山田緑地,139.414941,35.59765013,103.8199997,20.58254814,23
小山田緑地,139.4149419,35.59746985,108.2200012,14.32100964,61
小山田緑地,139.4149429,35.59728958,110.0199966,4.84743309,175
小山田緑地,139.4149438,35.59710931,104.0199966,19.11078644,235
小山田緑地,139.4149447,35.59692904,102.9199982,16.65294456,189
小山田緑地,139.4149457,35.59674877,99.22000122,26.37884521,193
小山田緑地,139.4149466,35.59656849,103.3199997,30.41590691,84
小山田緑地,139.4149476,35.59638822,113.7200012,10.71075535,255
小山田緑地,139.4149485,35.59620795,109.1200027,8.576708794,297
小山田緑地,139.4149494,35.59602768,107.6200027,6.415515423,332
小山田緑地,139.4149504,35.59584741,107.9199982,12.32700348,1
小山田緑地,139.4151598,35.59801144,94.01999664,3.418714523,132
小山田緑地,139.4151608,35.59783116,94.62000275,4.399708748,39
小山田緑地,139.4151617,35.59765089,98.72000122,23.9990406,70
小山田緑地,139.4151627,35.59747062,103.1200027,22.69809723,31
小山田緑地,139.4151636,35.59729035,104.7200012,23.82264328,6
小山田緑地,139.4151645,35.59711008,108.8199997,1.080351114,229
小山田緑地,139.4151655,35.5969298,105.5199966,28.64275551,168
小山田緑地,139.4151664,35.59674953,109.9199982,36.58156586,196
小山田緑地,139.4151673,35.59656926,111.9199982,36.24283218,163
小山田緑地,139.4151683,35.59638899,115.6200027,9.096615791,261
小山田緑地,139.4151692,35.59620872,109.4199982,20.12662888,245
小山田緑地,139.4151702,35.59602844,106.3199997,3.788559198,304
小山田緑地,139.4151711,35.59584817,105.7200012,2.733261585,332
小山田緑地,139.415172,35.5956679,105.5199966,6.384508133,3
小山田緑地,139.415173,35.59548763,106.7200012,6.945772648,33
小山田緑地,139.4153768,35.59873329,105.9199982,11.20787621,220
小山田緑地,139.4153806,35.5980122,95.51999664,23.83557892,188
小山田緑地,139.4153815,35.59783193,97.31999969,7.855054379,203
小山田緑地,139.4153824,35.59765166,96.91999817,0.464744896,90
小山田緑地,139.4153834,35.59747139,96.22000122,4.213772297,98
小山田緑地,139.4153843,35.59729111,100.5199966,13.5575161,97
小山田緑地,139.4153852,35.59711084,106.6200027,19.61264992,98
小山田緑地,139.4153862,35.59693057,112.8199997,20.52583885,116
小山田緑地,139.4153871,35.5967503,118.3199997,21.31253433,151
小山田緑地,139.4153881,35.59657003,119.1200027,17.01080513,183
小山田緑地,139.415389,35.59638975,116.3199997,13.84151649,275
小山田緑地,139.4153899,35.59620948,110.3199997,12.30318928,258
小山田緑地,139.4153909,35.59602921,106.0199966,7.551982403,244
小山田緑地,139.4153918,35.59584894,105.2200012,2.522300959,313
小山田緑地,139.4153927,35.59566867,104.5199966,2.539526939,317
小山田緑地,139.4153937,35.59548839,104.3199997,7.206801414,16
小山田緑地,139.4155975,35.59873406,106.3199997,15.88373566,73
小山田緑地,139.4155985,35.59855378,106.4199982,16.70639229,320
小山田緑地,139.4156013,35.59801297,103.7200012,4.12127018,100
小山田緑地,139.4156022,35.5978327,100.7200012,9.006023407,143
小山田緑地,139.4156032,35.59765242,101.9199982,20.31548119,178
小山田緑地,139.4156041,35.59747215,103.1200027,21.0789566,187
小山田緑地,139.415605,35.59729188,102.6200027,17.83976746,158
小山田緑地,139.415606,35.59711161,107.4199982,20.8645668,118
小山田緑地,139.4156069,35.59693134,114.9199982,7.268699646,154
小山田緑地,139.4156078,35.59675106,119.3199997,10.73808765,67
小山田緑地,139.4156088,35.59657079,119.3199997,6.213624954,279
小山田緑地,139.4156097,35.59639052,115.2200012,17.67310333,268
小山田緑地,139.4156106,35.59621025,111.0199966,8.174750328,247
小山田緑地,139.4156116,35.59602997,109.4199982,13.54723644,223
小山田緑地,139.4156125,35.5958497,104.7200012,13.02292538,238
小山田緑地,139.4156135,35.59566943,103.7200012,3.249334335,314
小山田緑地,139.4156144,35.59548916,103.1200027,0.183674037,141
小山田緑地,139.4156153,35.59530889,102.8199997,23.93875122,43
小山田緑地,139.4156275,35.59296535,83.01999664,10.85693359,205
小山田緑地,139.4158183,35.59873482,103.3199997,23.46808243,54
小山田緑地,139.4158211,35.598194,93.41999817,2.570266485,96
小山田緑地,139.415822,35.59801373,94.22000122,7.681732655,23
小山田緑地,139.4158229,35.59783346,94.91999817,19.6920681,38
小山田緑地,139.4158239,35.59765319,105.9199982,13.58456326,93
小山田緑地,139.4158248,35.59747292,106.6200027,9.526405334,136
小山田緑地,139.4158257,35.59729264,108.0199966,4.341482162,44
小山田緑地,139.4158267,35.59711237,109.2200012,10.23094273,16
小山田緑地,139.4158276,35.5969321,112.2200012,16.68869209,30
小山田緑地,139.4158286,35.59675183,112.5199966,22.15067863,14
小山田緑地,139.4158295,35.59657156,117.0199966,19.13526726,26
小山田緑地,139.4158304,35.59639128,116.2200012,10.4249506,292
小山田緑地,139.4158314,35.59621101,113.0199966,7.848685741,219
小山田緑地,139.4158323,35.59603074,111.9199982,11.57261276,197
小山田緑地,139.4158332,35.59585047,108.9199982,18.12694931,222
小山田緑地,139.4158342,35.5956702,104.3199997,19.43808937,235
小山田緑地,139.4158351,35.59548992,102.7200012,1.808457136,315
小山田緑地,139.415836,35.59530965,102.6200027,0.734672427,321
小山田緑地,139.415837,35.59512938,102.5199966,3.635309219,31
小山田緑地,139.4160418,35.59819477,91.81999969,11.02144337,51
小山田緑地,139.4160427,35.5980145,94.31999969,12.115448,156
小山田緑地,139.4160437,35.59783422,101.0199966,33.45516586,115
小山田緑地,139.4160446,35.59765395,108.0199966,12.8865366,154
小山田緑地,139.4160455,35.59747368,106.4199982,26.84907913,284
小山田緑地,139.4160465,35.59729341,101.9199982,7.127450466,331
小山田緑地,139.4160474,35.59711314,101.3199997,10.36188698,26
小山田緑地,139.4160483,35.59693286,105.1200027,14.88160038,359
小山田緑地,139.4160493,35.59675259,104.5199966,23.56709671,5
小山田緑地,139.4160502,35.59657232,107.3199997,24.76555634,21
小山田緑地,139.4160511,35.59639205,109.4199982,26.25740433,16
小山田緑地,139.4160521,35.59621178,113.6200027,18.49620438,25
小山田緑地,139.416053,35.5960315,115.4199982,3.394691944,147
小山田緑地,139.4160539,35.59585123,112.1200027,17.60343361,230
小山田緑地,139.4160549,35.59567096,107.7200012,17.28125191,229
小山田緑地,139.4160558,35.59549069,103.0199966,13.05079651,222
小山田緑地,139.4160568,35.59531042,102.5199966,0.614617884,338
小山田緑地,139.4160577,35.59513014,102.4199982,0.442290634,345
小山田緑地,139.4160586,35.59494987,102.2200012,1.002439857,7
小山田緑地,139.4160624,35.59422878,104.9199982,7.746539593,345
小山田緑地,139.416068,35.59314715,91.81999969,9.918729782,205
小山田緑地,139.4162625,35.59819553,91.41999817,21.20057678,97
小山田緑地,139.4162634,35.59801526,102.2200012,24.83619499,98
小山田緑地,139.4162644,35.59783499,108.8199997,7.748739719,143
小山田緑地,139.4162653,35.59765472,107.8199997,17.83455086,355
小山田緑地,139.4162662,35.59747444,104.9199982,30.48709869,287
小山田緑地,139.4162672,35.59729417,99.72000122,6.147200584,352
小山田緑地,139.4162681,35.5971139,99.72000122,6.464104652,47
小山田緑地,139.4162691,35.59693363,102.4199982,11.44231033,288
小山田緑地,139.41627,35.59675336,97.41999817,15.42360878,346
小山田緑地,139.4162709,35.59657308,101.0199966,28.51128387,32
小山田緑地,139.4162719,35.59639281,102.6200027,15.14956284,27
小山田緑地,139.4162728,35.59621254,106.4199982,16.84046173,38
小山田緑地,139.4162737,35.59603227,111.6200027,21.70804596,66
小山田緑地,139.4162747,35.595852,116.3199997,8.924901009,208
小山田緑地,139.4162756,35.59567172,112.8199997,22.40468407,234
小山田緑地,139.4162765,35.59549145,106.4199982,12.57442856,230
小山田緑地,139.4162775,35.59531118,102.5199966,10.23761177,223
小山田緑地,139.4162784,35.59513091,102.3199997,0.544908822,301
小山田緑地,139.4162793,35.59495063,102.2200012,0.232376307,270
小山田緑地,139.4162803,35.59477036,102.0199966,2.04475522,65
小山田緑地,139.4162812,35.59459009,101.3199997,9.754055977,355
小山田緑地,139.4162831,35.59422955,102.1200027,4.874938488,188
小山田緑地,139.416284,35.59404927,100.7200012,3.954738617,308
小山田緑地,139.4162849,35.593869,99.81999969,2.527699471,236
小山田緑地,139.4162859,35.59368873,99.01999664,5.685005188,250
小山田緑地,139.4162887,35.59314791,94.41999817,6.564398289,205
小山田緑地,139.4164832,35.5981963,96.22000122,13.70871162,75
小山田緑地,139.4164842,35.59801602,102.0199966,23.29279518,74
小山田緑地,139.4164851,35.59783575,106.4199982,9.942019463,333
小山田緑地,139.416486,35.59765548,100.8199997,12.02842808,318
小山田緑地,139.416487,35.59747521,99.01999664,7.928621292,323
小山田緑地,139.4164879,35.59729494,97.91999817,4.566225052,354
小山田緑地,139.4164888,35.59711466,98.51999664,18.55781174,85
小山田緑地,139.4164898,35.59693439,103.1200027,18.42278671,288
小山田緑地,139.4164907,35.59675412,93.22000122,23.79779816,284
小山田緑地,139.4164916,35.59657385,93.51999664,12.09635258,62
小山田緑地,139.4164926,35.59639358,100.9199982,18.66872787,100
小山田緑地,139.4164935,35.5962133,105.2200012,17.60396194,108
小山田緑地,139.4164944,35.59603303,111.9199982,23.9495945,111
小山田緑地,139.4164954,35.59585276,118.5199966,9.928206444,95
小山田緑地,139.4164963,35.59567249,117.0199966,13.83333111,245
小山田緑地,139.4164972,35.59549221,110.2200012,23.78425026,235
小山田緑地,139.4164982,35.59531194,106.0199966,10.00033283,235
小山田緑地,139.4164991,35.59513167,103.1200027,11.55223179,228
小山田緑地,139.4165,35.5949514,102.5199966,3.343750477,153
小山田緑地,139.416501,35.59477113,102.8199997,3.212692261,213
小山田緑地,139.4165019,35.59459085,103.4199982,0.792043149,154
小山田緑地,139.4165029,35.59441058,101.4199982,6.104858398,312
小山田緑地,139.4165038,35.59423031,101.0199966,10.38751698,347
小山田緑地,139.4165047,35.59405004,100.8199997,2.585733414,296
小山田緑地,139.4165057,35.59386977,100.4199982,2.159892797,229
小山田緑地,139.4165066,35.59368949,99.72000122,4.323691368,226
小山田緑地,139.4165085,35.59332895,97.81999969,8.673243523,187
小山田緑地,139.4165094,35.59314868,98.12000275,14.70284843,167
小山田緑地,139.4167021,35.5985576,88.51999664,3.261385918,17
小山田緑地,139.416703,35.59837733,90.91999817,24.8818531,108
小山田緑地,139.4167039,35.59819706,96.62000275,5.446341038,91
小山田緑地,139.4167049,35.59801679,98.41999817,12.43347454,55
小山田緑地,139.4167058,35.59783652,104.3199997,10.5813055,67
小山田緑地,139.4167067,35.59765624,99.81999969,9.253059387,265
小山田緑地,139.4167077,35.59747597,95.72000122,18.30700874,289
小山田緑地,139.4167086,35.5972957,92.31999969,11.51059818,344
小山田緑地,139.4167096,35.59711543,95.51999664,30.17432022,33
小山田緑地,139.4167105,35.59693516,97.91999817,27.49746132,315
小山田緑地,139.4167114,35.59675488,89.41999817,11.20244026,330
小山田緑地,139.4167124,35.59657461,93.01999664,31.71742821,99
小山田緑地,139.4167133,35.59639434,103.9199982,12.28710079,111
小山田緑地,139.4167142,35.59621407,107.9199982,12.39917469,70
小山田緑地,139.4167152,35.59603379,112.0199966,16.6615448,60
小山田緑地,139.4167161,35.59585352,115.7200012,12.87410545,9
小山田緑地,139.416717,35.59567325,113.2200012,26.37789536,334
小山田緑地,139.416718,35.59549298,111.4199982,11.39890289,347
小山田緑地,139.4167189,35.59531271,109.7200012,17.43124199,197
小山田緑地,139.4167198,35.59513243,104.7200012,21.1984787,252
小山田緑地,139.4167208,35.59495216,102.9199982,0.442290634,195
小山田緑地,139.4167217,35.59477189,103.4199982,0,0
小山田緑地,139.4167226,35.59459162,103.5199966,0.972013354,73
小山田緑地,139.4167236,35.59441135,103.6200027,9.390924454,245
小山田緑地,139.4167245,35.59423107,101.1200027,1.326694846,195
小山田緑地,139.4167254,35.5940508,101.5199966,2.842697144,180
小山田緑地,139.4167264,35.59387053,101.3199997,8.798587799,174
小山田緑地,139.4167273,35.59369026,101.7200012,22.12516594,163
小山田緑地,139.4167282,35.59350998,104.4199982,24.07763481,186
小山田緑地,139.4167292,35.59332971,102.8199997,10.13502407,180
小山田緑地,139.4169228,35.59855837,88.12000275,2.420400858,66
小山田緑地,139.4169237,35.59837809,94.01999664,12.08735752,356
小山田緑地,139.4169247,35.59819782,93.31999969,15.03855419,40
小山田緑地,139.4169256,35.59801755,97.62000275,12.65710163,77
小山田緑地,139.4169265,35.59783728,100.9199982,23.44759369,22
小山田緑地,139.4169275,35.59765701,102.8199997,12.48299408,237
小山田緑地,139.4169284,35.59747673,98.31999969,21.48706055,222
小山田緑地,139.4169293,35.59729646,91.41999817,22.01619911,195
小山田緑地,139.4169303,35.59711619,89.51999664,18.50746918,218
小山田緑地,139.4169312,35.59693592,88.01999664,7.539556503,354
小山田緑地,139.4169321,35.59675565,88.12000275,11.21543217,62
小山田緑地,139.4169331,35.59657537,96.22000122,31.74619293,45
小山田緑地,139.416934,35.5963951,100.8199997,17.20536804,14
小山田緑地,139.4169349,35.59621483,104.5199966,17.8549366,45
小山田緑地,139.4169359,35.59603456,109.4199982,17.81200981,60
小山田緑地,139.4169368,35.59585429,108.9199982,35.99668884,338
小山田緑地,139.4169377,35.59567401,105.8199997,22.55813217,324
小山田緑地,139.4169387,35.59549374,104.2200012,30.93810844,27
小山田緑地,139.4169396,35.59531347,109.9199982,18.36879158,44
小山田緑地,139.4169405,35.5951332,106.9199982,24.11644173,253
小山田緑地,139.4169415,35.59495292,102.8199997,0.36734429,219
小山田緑地,139.4169424,35.59477265,103.2200012,1.285532117,39
小山田緑地,139.4169433,35.59459238,103.2200012,0.918409705,62
小山田緑地,139.4169443,35.59441211,103.5199966,5.565137386,166
小山田緑地,139.4169452,35.59423184,106.2200012,26.44495964,177
小山田緑地,139.4169461,35.59405156,105.1200027,8.612836838,165
小山田緑地,139.4169471,35.59387129,105.6200027,8.622990608,169
小山田緑地,139.416948,35.59369102,107.2200012,14.1924839,159
小山田緑地,139.4169489,35.59351075,107.5199966,14.21133709,219
小山田緑地,139.4169499,35.59333047,107.1200027,12.70058823,156
小山田緑地,139.4171435,35.59855913,86.41999817,8.297635078,26
小山田緑地,139.4171445,35.59837886,86.62000275,9.348394394,316
小山田緑地,139.4171454,35.59819859,88.12000275,26.77306747,10
小山田緑地,139.4171463,35.59801831,89.22000122,15.69033623,41
小山田緑地,139.4171473,35.59783804,96.51999664,17.37126541,110
小山田緑地,139.4171482,35.59765777,102.1200027,14.55058384,29
小山田緑地,139.4171491,35.5974775,103.5199966,0.918336689,141
小山田緑地,139.4171501,35.59729722,102.1200027,19.84775925,198
小山田緑地,139.417151,35.59711695,99.62000275,25.05275536,216
小山田緑地,139.4171519,35.59693668,90.72000122,28.91897583,252
小山田緑地,139.4171529,35.59675641,87.01999664,3.666460276,281
小山田緑地,139.4171538,35.59657614,86.72000122,17.65446091,42
小山田緑地,139.4171547,35.59639586,89.81999969,27.29297829,26
小山田緑地,139.4171557,35.59621559,101.4199982,16.74970818,37
小山田緑地,139.4171566,35.59603532,98.01999664,37.49182129,333
小山田緑地,139.4171575,35.59585505,95.22000122,36.30787277,323
小山田緑地,139.4171585,35.59567478,94.41999817,29.85470581,2
小山田緑地,139.4171594,35.5954945,97.31999969,24.6119442,73
小山田緑地,139.4171603,35.59531423,107.4199982,23.86193085,73
小山田緑地,139.4171613,35.59513396,106.7200012,21.63010216,277
小山田緑地,139.4171622,35.59495369,103.3199997,0.183674037,219
小山田緑地,139.4171631,35.59477341,103.3199997,0.442290634,165
小山田緑地,139.4171641,35.59459314,103.2200012,10.16824532,100
小山田緑地,139.417165,35.59441287,109.6200027,18.53347206,136
小山田緑地,139.4171659,35.5942326,111.8199997,19.33052254,184
小山田緑地,139.4171669,35.59405233,110.1200027,19.33782959,202
小山田緑地,139.4171678,35.59387205,110.0199966,12.50121021,175
小山田緑地,139.4171687,35.59369178,111.5199966,13.74053955,174
小山田緑地,139.4171697,35.59351151,110.1200027,8.118328094,223
小山田緑地,139.4173642,35.59855989,84.62000275,3.7738204,20
小山田緑地,139.4173652,35.59837962,89.91999817,29.546278,154
小山田緑地,139.4173661,35.59819935,91.31999969,33.47991562,174
小山田緑地,139.417367,35.59801908,95.72000122,16.69008636,119
小山田緑地,139.417368,35.5978388,96.72000122,19.9528904,353
小山田緑地,139.4173689,35.59765853,96.51999664,24.18196869,23
小山田緑地,139.4173698,35.59747826,97.51999664,15.01194477,14
小山田緑地,139.4173708,35.59729799,100.7200012,22.45924377,60
小山田緑地,139.4173717,35.59711771,104.7200012,6.124180794,236
小山田緑地,139.4173726,35.59693744,93.41999817,31.60107231,225
小山田緑地,139.4173736,35.59675717,87.81999969,20.94528961,215
小山田緑地,139.4173745,35.5965769,85.81999969,4.920726299,255
小山田緑地,139.4173754,35.59639663,86.01999664,17.48073387,78
小山田緑地,139.4173764,35.59621635,95.31999969,29.12866783,305
小山田緑地,139.4173773,35.59603608,86.31999969,16.99952507,357
小山田緑地,139.4173782,35.59585581,87.22000122,3.418633699,48
小山田緑地,139.4173792,35.59567554,89.12000275,10.0175333,70
小山田緑地,139.4173801,35.59549527,95.72000122,29.37781143,98
小山田緑地,139.417381,35.59531499,105.0199966,25.57993698,91
小山田緑地,139.417382,35.59513472,106.5199966,22.17453003,262
小山田緑地,139.4173829,35.59495445,103.4199982,0.183674037,141
小山田緑地,139.4173838,35.59477418,103.4199982,0.183674037,141
小山田緑地,139.4173848,35.5945939,103.3199997,14.66575336,92
小山田緑地,139.4173857,35.59441363,111.1200027,19.7455101,90
小山田緑地,139.4173866,35.59423336,116.8199997,13.42862225,130
小山田緑地,139.4173876,35.59405309,115.3199997,16.31493568,202
小山田緑地,139.4173885,35.59387282,114.1200027,11.398242,184
小山田緑地,139.4173894,35.59369254,114.3199997,7.51457119,200
小山田緑地,139.4173904,35.59351227,112.8199997,8.075405121,196
小山田緑地,139.417585,35.59856065,83.51999664,17.21635818,114
小山田緑地,139.4175859,35.59838038,94.41999817,6.302698612,352
小山田緑地,139.4175906,35.59747902,96.01999664,4.901072979,97
小山田緑地,139.4175915,35.59729875,101.5199966,22.35902596,110
小山田緑地,139.4175924,35.59711848,101.7200012,21.90593719,319
小山田緑地,139.4175934,35.5969382,94.91999817,29.96164703,305
小山田緑地,139.4175943,35.59675793,87.01999664,24.01381111,334
小山田緑地,139.4175952,35.59657766,85.81999969,3.954404593,274
小山田緑地,139.4175962,35.59639739,85.12000275,2.374946833,26
小山田緑地,139.4175971,35.59621712,86.81999969,27.83632469,335
小山田緑地,139.417598,35.59603684,85.41999817,5.291247368,61
小山田緑地,139.4175989,35.59585657,86.91999817,10.67556953,157
小山田緑地,139.4175999,35.5956763,88.51999664,8.971315384,135
小山田緑地,139.4176008,35.59549603,99.22000122,39.48381042,117
小山田緑地,139.4176017,35.59531575,108.2200012,21.83249474,116
小山田緑地,139.4176027,35.59513548,108.6200027,18.13233566,254
小山田緑地,139.4176036,35.59495521,103.4199982,0.464744955,90
小山田緑地,139.4176045,35.59477494,103.4199982,0,0
小山田緑地,139.4176055,35.59459467,103.3199997,17.13986969,88
小山田緑地,139.4176064,35.59441439,111.7200012,23.07057762,84
小山田緑地,139.4176073,35.59423412,117.9199982,15.88370132,73
小山田緑地,139.4176083,35.59405385,119.2200012,8.552483559,289
小山田緑地,139.4176092,35.59387358,116.3199997,9.828046799,313
小山田緑地,139.4176101,35.5936933,114.5199966,8.017133713,330
小山田緑地,139.4178048,35.59874169,84.01999664,29.0835743,151
小山田緑地,139.4178057,35.59856141,92.31999969,12.82299137,141
小山田緑地,139.4178113,35.59747978,100.4199982,7.530661583,126
小山田緑地,139.4178122,35.59729951,101.7200012,2.569447756,5
小山田緑地,139.4178131,35.59711924,98.91999817,17.13986778,272
小山田緑地,139.4178141,35.59693897,90.62000275,13.25662899,231
小山田緑地,139.417815,35.59675869,92.41999817,36.15813065,164
小山田緑地,139.4178159,35.59657842,90.01999664,23.33134651,245
小山田緑地,139.4178169,35.59639815,84.91999817,3.527392387,279
小山田緑地,139.4178178,35.59621788,84.51999664,20.68889618,137
小山田緑地,139.4178187,35.5960376,90.91999817,31.44226265,154
小山田緑地,139.4178197,35.59585733,94.91999817,22.57475662,155
小山田緑地,139.4178206,35.59567706,99.51999664,13.39839268,138
小山田緑地,139.4178215,35.59549679,102.4199982,14.27711487,85
小山田緑地,139.4178225,35.59531652,109.1200027,16.66684723,63
小山田緑地,139.4178234,35.59513624,108.7200012,17.87572479,269
小山田緑地,139.4178243,35.59495597,104.6200027,16.7219944,180
小山田緑地,139.4178253,35.5947757,105.4199982,13.47372055,174
小山田緑地,139.4178262,35.59459543,106.2200012,14.77492809,147
小山田緑地,139.4178271,35.59441515,109.4199982,10.01434231,88
小山田緑地,139.417828,35.59423488,113.2200012,20.41377258,56
小山田緑地,139.417829,35.59405461,113.2200012,25.74364281,326
小山田緑地,139.418032,35.59748054,98.41999817,8.708456993,61
小山田緑地,139.4180329,35.59730027,101.9199982,13.46595287,98
小山田緑地,139.4180339,35.59712,103.1200027,14.15215492,186
小山田緑地,139.4180348,35.59693973,100.6200027,20.90818787,194
小山田緑地,139.4180357,35.59675945,97.91999817,16.3996067,272
小山田緑地,139.4180367,35.59657918,89.31999969,28.70324326,269
小山田緑地,139.4180376,35.59639891,84.01999664,7.140191555,284
小山田緑地,139.4180385,35.59621864,86.51999664,22.08776283,70
小山田緑地,139.4180394,35.59603837,94.01999664,21.77459145,59
小山田緑地,139.4180404,35.59585809,96.91999817,18.66323662,1
小山田緑地,139.4180413,35.59567782,94.91999817,15.3353796,344
小山田緑地,139.4180422,35.59549755,97.91999817,18.97562599,63
小山田緑地,139.4180432,35.59531728,105.5199966,24.3949337,78
小山田緑地,139.4180441,35.595137,109.2200012,5.064891338,238
小山田緑地,139.418045,35.59495673,107.9199982,8.503442764,208
小山田緑地,139.418046,35.59477646,107.4199982,10.56842041,170
小山田緑地,139.4180469,35.59459619,108.6200027,10.56940937,146
小山田緑地,139.4180478,35.59441592,110.3199997,9.474224091,133
小山田緑地,139.4182527,35.5974813,97.41999817,11.0108881,82
小山田緑地,139.4182536,35.59730103,100.3199997,17.46166992,318
小山田緑地,139.4182546,35.59712076,96.41999817,23.90121841,11
小山田緑地,139.4182555,35.59694049,100.9199982,15.28890038,352
小山田緑地,139.4182564,35.59676021,96.01999664,21.51089287,283
小山田緑地,139.4182574,35.59657994,90.51999664,11.93404579,279
小山田緑地,139.4182583,35.59639967,83.72000122,18.00792503,266
小山田緑地,139.4182592,35.5962194,83.41999817,18.2692585,73
小山田緑地,139.4182602,35.59603913,88.41999817,27.98383331,360
小山田緑地,139.4182611,35.59585885,87.62000275,25.37335014,359
小山田緑地,139.418262,35.59567858,90.12000275,20.9913826,77
小山田緑地,139.418263,35.59549831,97.01999664,17.77393913,88
小山田緑地,139.4182639,35.59531804,104.8199997,25.10338211,91
小山田緑地,139.4182648,35.59513776,110.9199982,6.846099854,144
小山田緑地,139.4184734,35.59748206,97.41999817,11.01089573,82
小山田緑地,139.4184744,35.59730179,96.62000275,21.08614922,268
小山田緑地,139.4184753,35.59712152,94.01999664,6.109456062,305
小山田緑地,139.4184762,35.59694125,92.22000122,23.91652489,28
小山田緑地,139.4184772,35.59676097,94.41999817,18.66671562,303
小山田緑地,139.4184781,35.5965807,85.91999817,31.83992195,298
小山田緑地,139.418479,35.59640043,81.51999664,4.697220325,303
小山田緑地,139.4184799,35.59622016,82.12000275,14.98210049,153
小山田緑地,139.4184809,35.59603989,83.91999817,18.07995033,157
小山田緑地,139.4184818,35.59585961,87.51999664,31.56425858,152
小山田緑地,139.4184827,35.59567934,91.81999969,27.11490631,159
小山田緑地,139.4184837,35.59549907,97.31999969,16.98465729,125
小山田緑地,139.4184846,35.5953188,103.6200027,22.96918297,90
小山田緑地,139.4186942,35.59748282,97.22000122,16.0778923,80
小山田緑地,139.4186951,35.59730255,96.72000122,19.29965019,291
小山田緑地,139.418696,35.59712228,91.41999817,10.50445652,311
小山田緑地,139.4186969,35.59694201,89.12000275,16.18915367,334
小山田緑地,139.4186979,35.59676173,88.12000275,25.28466606,3
小山田緑地,139.4186988,35.59658146,83.01999664,16.90800667,286
小山田緑地,139.4186997,35.59640119,81.62000275,2.474072218,110
小山田緑地,139.4187007,35.59622092,87.62000275,23.40459251,118
小山田緑地,139.4187016,35.59604065,94.22000122,20.50608253,137
小山田緑地,139.4187025,35.59586037,98.62000275,18.23376083,147
小山田緑地,139.4187035,35.5956801,101.5199966,15.3280344,168
小山田緑地,139.4187044,35.59549983,103.4199982,4.628671646,108
小山田緑地,139.4187053,35.59531956,104.7200012,14.48023129,1
小山田緑地,139.4189149,35.59748358,93.22000122,13.86734962,238
小山田緑地,139.4189158,35.59730331,91.12000275,10.15144348,310
小山田緑地,139.4189167,35.59712304,89.72000122,19.28793144,187
小山田緑地,139.4189177,35.59694277,88.12000275,21.71685219,207
小山田緑地,139.4189186,35.59676249,84.41999817,11.5008297,222
小山田緑地,139.4189195,35.59658222,82.22000122,8.679205894,284
小山田緑地,139.4189204,35.59640195,81.31999969,7.87979269,63
小山田緑地,139.4189214,35.59622168,88.72000122,21.59415817,50
小山田緑地,139.4189223,35.5960414,92.81999969,25.62617111,22
小山田緑地,139.4189232,35.59586113,96.72000122,22.02243614,32
小山田緑地,139.4189242,35.59568086,98.51999664,24.15159798,355
小山田緑地,139.4189251,35.59550059,97.51999664,10.27911186,14
小山田緑地,139.418926,35.59532032,99.91999817,7.879409313,54
小山田緑地,139.4191356,35.59748434,100.9199982,18.12643814,216
小山田緑地,139.4191365,35.59730407,98.31999969,25.47847176,174
小山田緑地,139.4191374,35.5971238,99.22000122,19.61719894,191
小山田緑地,139.4191384,35.59694352,92.51999664,23.37853432,268
小山田緑地,139.4191393,35.59676325,86.31999969,16.95301056,274
小山田緑地,139.4191402,35.59658298,81.31999969,7.976071358,280
小山田緑地,139.4191412,35.59640271,80.81999969,3.422136068,24
小山田緑地,139.4191421,35.59622244,83.12000275,7.976573467,93
小山田緑地,139.419143,35.59604216,87.91999817,8.80173111,96
小山田緑地,139.419144,35.59586189,89.91999817,8.766019821,92
小山田緑地,139.4191449,35.59568162,93.41999817,10.84892941,66
小山田緑地,139.4191458,35.59550135,95.72000122,7.43586731,66
小山田緑地,139.4191467,35.59532107,102.1200027,21.72731209,115
小山田緑地,139.4193563,35.5974851,97.81999969,22.59011078,42
小山田緑地,139.4193572,35.59730483,104.2200012,5.432992935,59
小山田緑地,139.4193582,35.59712455,99.22000122,25.90907097,288
小山田緑地,139.4193591,35.59694428,90.91999817,15.41304779,282
小山田緑地,139.41936,35.59676401,84.41999817,22.78867722,284
小山田緑地,139.419361,35.59658374,80.12000275,7.56221199,303
小山田緑地,139.4193619,35.59640347,80.12000275,6.667037487,99
小山田緑地,139.4193628,35.59622319,84.91999817,19.13528442,154
小山田緑地,139.4193637,35.59604292,88.12000275,11.31748104,143
小山田緑地,139.4193647,35.59586265,90.81999969,5.842701912,111
小山田緑地,139.4193656,35.59568238,93.81999969,12.49567795,114
小山田緑地,139.419577,35.59748586,96.62000275,19.20334816,98
小山田緑地,139.419578,35.59730558,99.12000275,26.30287552,2
小山田緑地,139.4195789,35.59712531,97.41999817,21.28471184,308
小山田緑地,139.4195798,35.59694504,91.01999664,17.26366615,291
小山田緑地,139.4195807,35.59676477,82.91999817,10.82374382,300
小山田緑地,139.4195817,35.5965845,79.31999969,4.731564999,319
小山田緑地,139.4195826,35.59640422,79.81999969,21.18301773,100
小山田緑地,139.4195835,35.59622395,91.01999664,23.61462593,94
小山田緑地,139.4195845,35.59604368,96.72000122,3.454444408,210
小山田緑地,139.4195854,35.59586341,96.91999817,8.12446785,110
小山田緑地,139.4195863,35.59568313,100.3199997,11.93409348,118
小山田緑地,139.4197977,35.59748661,95.22000122,13.25786781,308
小山田緑地,139.4197987,35.59730634,90.91999817,15.05140495,342
小山田緑地,139.4197996,35.59712607,91.22000122,18.68952179,357
小山田緑地,139.4198005,35.5969458,87.62000275,20.22940445,318
小山田緑地,139.4198015,35.59676553,79.81999969,13.43254375,311
小山田緑地,139.4198024,35.59658525,77.31999969,2.006458044,60
小山田緑地,139.4198033,35.59640498,84.12000275,28.42196846,100
小山田緑地,139.4198042,35.59622471,88.62000275,16.64623451,24
小山田緑地,139.4198052,35.59604444,89.51999664,23.91508484,5
小山田緑地,139.4198061,35.59586416,91.51999664,17.98715782,41
小山田緑地,139.419807,35.59568389,97.12000275,21.32680511,64
小山田緑地,139.4200185,35.59748737,92.91999817,12.37904072,318
小山田緑地,139.4200194,35.5973071,86.41999817,18.57810402,309
小山田緑地,139.4200203,35.59712683,83.91999817,21.98821068,341
小山田緑地,139.4200212,35.59694656,79.51999664,19.44202995,323
小山田緑地,139.4200222,35.59676628,77.12000275,2.374979973,334
小山田緑地,139.4200231,35.59658601,77.62000275,8.45211792,116
小山田緑地,139.420024,35.59640574,80.62000275,6.057422161,111
小山田緑地,139.420025,35.59622547,83.01999664,7.969677448,70
小山田緑地,139.4200259,35.59604519,86.81999969,12.92301655,116
小山田緑地,139.4200268,35.59586492,90.31999969,13.42653751,120
小山田緑地,139.4202392,35.59748813,85.51999664,26.02317429,348
小山田緑地,139.4202401,35.59730786,79.51999664,21.03275681,318
小山田緑地,139.420241,35.59712758,78.01999664,6.605162621,345
小山田緑地,139.420242,35.59694731,77.01999664,4.903409004,327
小山田緑地,139.4202429,35.59676704,77.22000122,1.625974417,134
小山田緑地,139.4202438,35.59658677,81.12000275,32.52445984,121
小山田緑地,139.4202447,35.5964065,88.01999664,17.9350605,172
小山田緑地,139.4202457,35.59622622,88.22000122,22.03765869,163
小山田緑地,139.4202466,35.59604595,92.31999969,24.05178261,136
小山田緑地,139.4202475,35.59586568,97.62000275,15.31683064,153
小山田緑地,139.4204608,35.59730861,76.12000275,1.161386371,348
小山田緑地,139.4204618,35.59712834,76.72000122,4.731564522,41
小山田緑地,139.4204627,35.59694807,77.31999969,3.454439402,210
小山田緑地,139.4204636,35.5967678,80.01999664,29.46994209,144
小山田緑地,139.4204645,35.59658752,86.91999817,22.6781826,130
小山田緑地,139.4204655,35.59640725,92.72000122,10.13358307,87
小山田緑地,139.4204664,35.59622698,94.31999969,6.274024487,51
小山田緑地,139.4204673,35.59604671,96.22000122,8.549235344,20
小山田緑地,139.4206834,35.59694882,79.81999969,24.23194504,76
小山田緑地,139.4206843,35.59676855,86.31999969,16.87999153,22
小山田緑地,139.4206853,35.59658828,86.62000275,21.43444824,7
小山田緑地,139.4206862,35.59640801,86.81999969,23.01045036,1
小山田緑地,139.4206871,35.59622774,88.51999664,20.83064651,16
小山田緑地,139.420688,35.59604746,90.22000122,18.80900955,8
小山田緑地,139.4142629,35.60071245,90.91999817,2.275021315,360
小山田緑地,139.414478,35.60179485,92.81999969,8.942873955,306
小山田緑地,139.4144789,35.60161458,92.62000275,0.91845566,298
小山田緑地,139.4144798,35.6014343,91.91999817,0.544935167,239
小山田緑地,139.4144826,35.60089349,91.01999664,6.471260071,337
小山田緑地,139.4144836,35.60071322,91.01999664,2.210985184,297
小山田緑地,139.4144845,35.60053294,89.22000122,4.480744362,198
小山田緑地,139.4144855,35.60035267,89.41999817,19.54517746,154
小山田緑地,139.4144864,35.6001724,91.62000275,21.95088387,197
小山田緑地,139.4146968,35.60215616,94.91999817,19.85027313,324
小山田緑地,139.4146977,35.60197589,93.31999969,6.730535507,338
小山田緑地,139.4146987,35.60179562,92.91999817,4.601913929,330
小山田緑地,139.4146996,35.60161534,92.51999664,0.72083509,234
小山田緑地,139.4147006,35.60143507,90.91999817,11.73830795,119
小山田緑地,139.4147015,35.6012548,94.01999664,8.649787903,185
小山田緑地,139.4147024,35.60107453,93.31999969,10.34391689,215
小山田緑地,139.4147034,35.60089426,93.51999664,7.360608101,182
小山田緑地,139.4147043,35.60071398,93.51999664,25.02626991,142
小山田緑地,139.4147053,35.60053371,99.31999969,30.8905735,171
小山田緑地,139.4147062,35.60035344,100.3199997,31.61754417,153
小山田緑地,139.4147071,35.60017317,103.1200027,20.91438866,219
小山田緑地,139.4147081,35.5999929,96.72000122,7.110547543,186
小山田緑地,139.414709,35.59981262,99.72000122,26.88537788,174
小山田緑地,139.4147099,35.59963235,98.22000122,43.499897,186
小山田緑地,139.4147109,35.59945208,97.91999817,26.06536865,193
小山田緑地,139.4147118,35.59927181,89.12000275,11.91894913,171
小山田緑地,139.4149166,35.6023372,94.31999969,1.261806011,313
小山田緑地,139.4149175,35.60215693,94.01999664,1.943447709,287
小山田緑地,139.4149185,35.60197665,93.22000122,1.722834349,251
小山田緑地,139.4149194,35.60179638,93.01999664,0.734722793,219
小山田緑地,139.4149204,35.60161611,92.12000275,12.08904552,140
小山田緑地,139.4149213,35.60143584,103.5199966,22.03754807,139
小山田緑地,139.4149222,35.60125557,104.7200012,30.51291084,209
小山田緑地,139.4149232,35.60107529,99.62000275,27.13604736,176
小山田緑地,139.4149241,35.60089502,98.41999817,22.30818558,183
小山田緑地,139.414925,35.60071475,103.7200012,26.39622879,129
小山田緑地,139.414926,35.60053448,107.2200012,26.72708702,175
小山田緑地,139.4149269,35.60035421,109.8199997,9.057556152,157
小山田緑地,139.4149279,35.60017393,106.2200012,14.56571293,257
小山田緑地,139.4149288,35.59999366,103.0199966,18.46558571,175
小山田緑地,139.4149297,35.59981339,106.4199982,13.46021557,89
小山田緑地,139.4149307,35.59963312,107.8199997,4.082072735,276
小山田緑地,139.4149316,35.59945285,103.8199997,21.0744915,219
小山田緑地,139.4149325,35.59927257,102.1200027,34.52540207,163
小山田緑地,139.4149335,35.5990923,106.0199966,26.2962265,179
小山田緑地,139.4149344,35.59891203,106.2200012,25.06366348,177
小山田緑地,139.4151345,35.60287878,95.81999969,15.85996151,334
小山田緑地,139.4151355,35.60269851,95.51999664,0.918452799,242
小山田緑地,139.4151364,35.60251824,95.41999817,1.28557539,219
小山田緑地,139.4151373,35.60233796,95.01999664,6.911033154,200
小山田緑地,139.4151383,35.60215769,95.31999969,28.33689499,150
小山田緑地,139.4151392,35.60197742,98.22000122,33.0854454,174
小山田緑地,139.4151401,35.60179715,100.8199997,27.17851448,185
小山田緑地,139.4151411,35.60161688,95.51999664,8.376193047,204
小山田緑地,139.415142,35.6014366,105.0199966,29.74338722,74
小山田緑地,139.415143,35.60125633,111.6200027,9.637001991,118
小山田緑地,139.4151439,35.60107606,108.4199982,21.43787003,231
小山田緑地,139.4151448,35.60089579,102.8199997,13.61234665,193
小山田緑地,139.4151458,35.60071552,104.0199966,8.752210617,113
小山田緑地,139.4151467,35.60053524,109.6200027,10.18341827,11
小山田緑地,139.4151476,35.60035497,105.9199982,31.27864456,333
小山田緑地,139.4151486,35.6001747,99.22000122,35.63474655,328
小山田緑地,139.4151495,35.59999443,95.22000122,28.07907104,347
小山田緑地,139.4151505,35.59981416,98.12000275,30.45547485,355
小山田緑地,139.4151514,35.59963388,95.72000122,33.88719177,33
小山田緑地,139.4151523,35.59945361,105.6200027,22.9698391,16
小山田緑地,139.4151533,35.59927334,103.4199982,37.82858658,356
小山田緑地,139.4151542,35.59909307,107.9199982,27.23415756,37
小山田緑地,139.4151551,35.5989128,108.5199966,11.57599735,269
小山田緑地,139.4153543,35.60305982,96.41999817,1.881765008,292
小山田緑地,139.4153552,35.60287955,95.72000122,0.551036358,219
小山田緑地,139.4153562,35.60269927,95.51999664,6.064507484,169
小山田緑地,139.4153571,35.602519,97.01999664,18.48360443,156
小山田緑地,139.4153581,35.60233873,97.51999664,9.055768013,184
小山田緑地,139.415359,35.60215846,103.7200012,30.00965691,124
小山田緑地,139.4153599,35.60197819,108.4199982,24.56316376,163
小山田緑地,139.4153609,35.60179791,108.2200012,19.91573524,213
小山田緑地,139.4153618,35.60161764,99.91999817,29.0001564,221
小山田緑地,139.4153627,35.60143737,99.51999664,25.59142113,55
小山田緑地,139.4153637,35.6012571,108.2200012,26.80450439,42
小山田緑地,139.4153646,35.60107683,112.0199966,7.243974209,42
小山田緑地,139.4153656,35.60089655,109.2200012,20.71289825,222
小山田緑地,139.4153665,35.60071628,108.5199966,18.42552376,161
小山田緑地,139.4153674,35.60053601,108.8199997,19.40653801,260
小山田緑地,139.4153684,35.60035574,96.72000122,25.15274048,266
小山田緑地,139.4153693,35.60017547,91.81999969,12.08655167,257
小山田緑地,139.4153702,35.59999519,88.41999817,3.636816025,301
小山田緑地,139.4153712,35.59981492,87.72000122,4.905378819,22
小山田緑地,139.4153721,35.59963465,90.01999664,26.48248482,34
小山田緑地,139.4153731,35.59945438,94.81999969,28.2446022,66
小山田緑地,139.415374,35.59927411,92.22000122,15.98767948,14
小山田緑地,139.4153749,35.59909383,102.1200027,32.34175491,88
小山田緑地,139.4153759,35.59891356,106.6200027,12.67929745,16
小山田緑地,139.4155741,35.60324085,96.81999969,2.987196445,178
小山田緑地,139.415575,35.60306058,96.81999969,3.287128448,174
小山田緑地,139.415576,35.60288031,100.0199966,15.05323982,118
小山田緑地,139.4155769,35.60270004,100.9199982,9.669395447,155
小山田緑地,139.4155779,35.60251977,101.7200012,25.71079254,186
小山田緑地,139.4155788,35.6023395,103.1200027,18.36484718,165
小山田緑地,139.4155797,35.60215922,112.3199997,37.16427994,132
小山田緑地,139.4155807,35.60197895,116.1200027,15.90380764,197
小山田緑地,139.4155816,35.60179868,111.7200012,21.06370544,262
小山田緑地,139.4155825,35.60161841,105.2200012,21.08463478,251
小山田緑地,139.4155835,35.60143814,100.4199982,13.70586777,176
小山田緑地,139.4155844,35.60125786,101.8199997,11.15884113,152
小山田緑地,139.4155854,35.60107759,104.6200027,20.3986702,76
小山田緑地,139.4155863,35.60089732,114.0199966,7.911290169,111
小山田緑地,139.4155872,35.60071705,106.8199997,37.22273254,323
小山田緑地,139.4155882,35.60053678,103.7200012,37.85789108,359
小山田緑地,139.4155891,35.6003565,101.9199982,31.53388214,351
小山田緑地,139.41559,35.60017623,97.12000275,30.23043823,356
小山田緑地,139.415591,35.59999596,94.62000275,33.15659714,211
小山田緑地,139.4155919,35.59981569,89.91999817,26.12717056,201
小山田緑地,139.4155928,35.59963542,86.22000122,7.378194332,315
小山田緑地,139.4155938,35.59945514,90.51999664,32.05500031,17
小山田緑地,139.4155947,35.59927487,87.91999817,12.65711212,77
小山田緑地,139.4155957,35.5990946,97.72000122,17.82600784,71
小山田緑地,139.4155966,35.59891433,100.2200012,23.14884377,43
小山田緑地,139.4157939,35.60342189,97.62000275,0.720861435,54
小山田緑地,139.4157948,35.60324162,97.31999969,1.979357958,130
小山田緑地,139.4157958,35.60306135,97.72000122,7.306077003,146
小山田緑地,139.4157967,35.60288108,103.0199966,11.77433109,168
小山田緑地,139.4157977,35.6027008,104.4199982,13.6940136,147
小山田緑地,139.4157986,35.60252053,108.5199966,17.72023392,122
小山田緑地,139.4157995,35.60234026,110.8199997,31.03872681,183
小山田緑地,139.4158005,35.60215999,118.1200027,30.56553078,129
小山田緑地,139.4158014,35.60197972,119.4199982,17.16418266,243
小山田緑地,139.4158023,35.60179944,113.5199966,19.58164024,222
小山田緑地,139.4158033,35.60161917,109.9199982,21.41589165,216
小山田緑地,139.4158042,35.6014389,107.0199966,20.62342262,168
小山田緑地,139.4158051,35.60125863,109.9199982,28.38274193,143
小山田緑地,139.4158061,35.60107836,112.0199966,26.47026825,176
小山田緑地,139.415807,35.60089808,106.2200012,35.09205246,326
小山田緑地,139.415808,35.60071781,102.5199966,32.48825455,270
小山田緑地,139.4158089,35.60053754,91.91999817,15.24281979,295
小山田緑地,139.4158098,35.60035727,89.72000122,15.35288239,340
小山田緑地,139.4158108,35.600177,87.12000275,10.85226154,307
小山田緑地,139.4158117,35.59999672,86.01999664,23.08540726,24
小山田緑地,139.4158126,35.59981645,94.12000275,22.08786964,36
小山田緑地,139.4158136,35.59963618,90.62000275,32.02540207,229
小山田緑地,139.4158145,35.59945591,83.81999969,2.84906888,32
小山田緑地,139.4158154,35.59927564,94.51999664,4.788346291,116
小山田緑地,139.4158164,35.59909536,90.91999817,14.12239647,25
小山田緑地,139.4158173,35.59891509,97.22000122,20.19003105,87
小山田緑地,139.4160109,35.60414374,98.62000275,2.704056263,305
小山田緑地,139.4160118,35.60396347,98.22000122,1.334449887,149
小山田緑地,139.4160128,35.6037832,98.31999969,2.196930408,205
小山田緑地,139.4160137,35.60360293,97.51999664,0.367366672,141
小山田緑地,139.4160146,35.60342266,100.3199997,26.23211479,146
小山田緑地,139.4160156,35.60324238,102.5199966,13.1131115,149
小山田緑地,139.4160165,35.60306211,104.6200027,31.2416954,171
小山田緑地,139.4160175,35.60288184,108.9199982,17.04797935,204
小山田緑地,139.4160184,35.60270157,109.2200012,10.68636417,155
小山田緑地,139.4160193,35.6025213,111.1200027,10.26296616,138
小山田緑地,139.4160203,35.60234102,117.8199997,22.71940041,113
小山田緑地,139.4160212,35.60216075,124.7200012,18.42655373,154
小山田緑地,139.4160221,35.60198048,123.6200027,27.19887352,216
小山田緑地,139.4160231,35.60180021,120.2200012,22.0555172,177
小山田緑地,139.416024,35.60161994,117.2200012,29.92113113,228
小山田緑地,139.4160249,35.60143967,112.4199982,17.46782684,164
小山田緑地,139.4160259,35.60125939,117.6200027,27.8806324,137
小山田緑地,139.4160268,35.60107912,118.4199982,32.52977753,258
小山田緑地,139.4160277,35.60089885,105.3199997,26.48241234,251
小山田緑地,139.4160287,35.60071858,96.31999969,10.00047779,235
小山田緑地,139.4160296,35.60053831,92.22000122,11.2277956,207
小山田緑地,139.4160306,35.60035803,93.41999817,32.34446335,200
小山田緑地,139.4160315,35.60017776,87.72000122,24.98575783,193
小山田緑地,139.4160324,35.59999749,85.41999817,16.5716362,205
小山田緑地,139.4160334,35.59981722,84.62000275,19.22622871,50
小山田緑地,139.4160343,35.59963695,91.31999969,13.48729134,298
小山田緑地,139.4160352,35.59945667,83.51999664,0.569060087,180
小山田緑地,139.4160362,35.5992764,86.31999969,27.12771225,311
小山田緑地,139.4160371,35.59909613,89.62000275,25.87259102,47
小山田緑地,139.416038,35.59891586,92.91999817,20.91320229,67
小山田緑地,139.4162316,35.60414451,98.81999969,8.056708336,181
小山田緑地,139.4162326,35.60396424,99.22000122,1.138004422,180
小山田緑地,139.4162335,35.60378396,99.31999969,14.95090008,130
小山田緑地,139.4162344,35.60360369,104.8199997,15.14127254,145
小山田緑地,139.4162354,35.60342342,106.0199966,16.49138832,176
小山田緑地,139.4162363,35.60324315,108.0199966,22.6396904,139
小山田緑地,139.4162372,35.60306288,114.2200012,24.13716507,147
小山田緑地,139.4162382,35.6028826,116.3199997,21.95493126,202
小山田緑地,139.4162391,35.60270233,113.7200012,15.80527496,180
小山田緑地,139.4162401,35.60252206,115.4199982,17.77131844,137
小山田緑地,139.416241,35.60234179,121.4199982,19.90203476,116
小山田緑地,139.4162419,35.60216152,130.1199951,11.72680855,132
小山田緑地,139.4162429,35.60198125,130.9199982,9.801096916,192
小山田緑地,139.4162438,35.60180097,128.4199982,15.95765305,229
小山田緑地,139.4162447,35.6016207,123.3199997,17.85569382,225
小山田緑地,139.4162457,35.60144043,120.6200027,24.19774628,170
小山田緑地,139.4162466,35.60126016,124.4199982,16.09326744,137
小山田緑地,139.4162475,35.60107989,120.6200027,42.95978546,248
小山田緑地,139.4162485,35.60089961,105.5199966,32.83398056,227
小山田緑地,139.4162494,35.60071934,101.7200012,35.70148468,183
小山田緑地,139.4162503,35.60053907,102.1200027,30.19599152,183
小山田緑地,139.4162513,35.6003588,101.9199982,12.54356575,247
小山田緑地,139.4162522,35.60017853,97.22000122,11.44235039,252
小山田緑地,139.4162588,35.59891662,98.01999664,3.777034521,53
小山田緑地,139.4164561,35.60342418,111.4199982,12.20532608,160
小山田緑地,139.416457,35.60324391,113.6200027,17.94655991,132
小山田緑地,139.416458,35.60306364,119.1200027,14.35326385,103
小山田緑地,139.4164589,35.60288337,123.4199982,10.76525879,156
小山田緑地,139.4164599,35.6027031,121.8199997,26.37540817,194
小山田緑地,139.4164608,35.60252282,122.4199982,28.23902893,155
小山田緑地,139.4164617,35.60234255,127.9199982,28.41727638,159
小山田緑地,139.4164627,35.60216228,132.9199982,1.568851829,176
小山田緑地,139.4164655,35.60162146,129.2200012,11.73284531,234
小山田緑地,139.4164664,35.60144119,125.5199966,8.035124779,170
小山田緑地,139.4164673,35.60126092,125.8199997,8.097436905,287
小山田緑地,139.4164683,35.60108065,120.6200027,23.14829636,311
小山田緑地,139.4164692,35.60090038,111.6200027,36.04939651,299
小山田緑地,139.4164701,35.60072011,102.5199966,28.00148964,358
小山田緑地,139.4164711,35.60053983,103.3199997,37.17598724,347
小山田緑地,139.416472,35.60035956,103.7200012,18.42362595,3
小山田緑地,139.4164729,35.60017929,102.1200027,17.69711113,200
小山田緑地,139.4166871,35.60144196,129.3200073,10.96371937,179
小山田緑地,139.4166881,35.60126168,126.1200027,26.19842148,283
小山田緑地,139.416689,35.60108141,117.7200012,21.27543831,269
小山田緑地,139.4166899,35.60090114,108.2200012,29.99759293,266
小山田緑地,139.4166909,35.60072087,97.31999969,20.19645882,255
小山田緑地,139.4166918,35.6005406,92.51999664,10.69888401,279
小山田緑地,139.4166927,35.60036032,90.12000275,11.02764034,14
小山田緑地,139.4166937,35.60018005,100.8199997,36.79032516,49
小山田緑地,139.4166946,35.59999978,99.12000275,19.70309258,310
小山田緑地,139.4169079,35.60144272,127.5199966,35.11830902,289
小山田緑地,139.4169088,35.60126245,114.7200012,31.4318676,296
小山田緑地,139.4169097,35.60108218,106.5199966,33.5410347,329
小山田緑地,139.4169107,35.6009019,102.9199982,35.92054367,352
小山田緑地,139.4169116,35.60072163,101.5199966,34.08625793,330
小山田緑地,139.4169125,35.60054136,97.22000122,27.51945114,293
小山田緑地,139.4169135,35.60036109,88.51999664,3.668611526,321
小山田緑地,139.4169144,35.60018082,91.41999817,24.75689316,29
小山田緑地,139.4171286,35.60144348,125.4199982,23.89019394,309
小山田緑地,139.4171295,35.60126321,114.2200012,39.68954468,253
小山田緑地,139.4171305,35.60108294,102.6200027,19.72786522,264
小山田緑地,139.4171314,35.60090267,97.51999664,15.11218071,254
小山田緑地,139.4171323,35.60072239,92.62000275,9.230414391,246
小山田緑地,139.4171333,35.60054212,89.62000275,4.629456997,282
小山田緑地,139.4171342,35.60036185,88.41999817,3.731755972,255
小山田緑地,139.4173484,35.60162452,131.7200012,32.06976318,305
小山田緑地,139.4173493,35.60144424,121.1200027,37.28012848,289
小山田緑地,139.4173502,35.60126397,109.3199997,29.92246437,341
小山田緑地,139.4173512,35.6010837,108.6200027,28.08348274,355
小山田緑地,139.4173521,35.60090343,107.4199982,17.66657257,207
小山田緑地,139.417353,35.60072316,104.3199997,36.30968094,185
小山田緑地,139.417354,35.60054288,95.41999817,37.52903748,204
小山田緑地,139.4175682,35.60180555,132.3200073,19.36953926,328
小山田緑地,139.4175691,35.60162528,127.9199982,25.24725723,278
小山田緑地,139.41757,35.60144501,117.6200027,26.76285362,323
小山田緑地,139.417571,35.60126473,106.4199982,21.46333694,262
小山田緑地,139.4175719,35.60108446,101.9199982,13.41815281,280
小山田緑地,139.4175728,35.60090419,97.81999969,10.99401665,350
小山田緑地,139.4175738,35.60072392,100.6200027,35.95840454,35
小山田緑地,139.4177889,35.60180631,128.7200012,23.91816711,285
小山田緑地,139.4177898,35.60162604,122.0199966,25.53952217,307
小山田緑地,139.4177908,35.60144577,115.3199997,27.25452042,339
小山田緑地,139.4177917,35.6012655,107.8199997,17.59626961,262
小山田緑地,139.4180087,35.60198734,134.1199951,9.959533691,291
小山田緑地,139.4180096,35.60180707,126.6200027,35.15253067,275
小山田緑地,139.4102869,35.60123938,95.61000061,4.311087608,207
小山田緑地,139.4105067,35.60142043,96.20999908,0.576686859,234
小山田緑地,139.4105076,35.60124016,98.72000122,22.20628357,179
小山田緑地,139.4105086,35.60105989,95.51999664,3.201338768,188
小山田緑地,139.410717,35.60340419,115.8099976,3.213405609,283
小山田緑地,139.4107179,35.60322392,115.1100006,1.516545892,328
小山田緑地,139.4107189,35.60304365,113.1100006,10.16825867,280
小山田緑地,139.4107198,35.60286338,109.5100021,8.683886528,222
小山田緑地,139.4107208,35.60268311,107.0100021,12.88833714,330
小山田緑地,139.4107274,35.6014212,96.31999969,6.731890678,95
小山田緑地,139.4107284,35.60124093,103.5199966,12.75125027,229
小山田緑地,139.4107293,35.60106066,97.72000122,21.91757965,212
小山田緑地,139.4107303,35.60088039,97.31999969,8.079357147,90
小山田緑地,139.4109377,35.60340497,114.6200027,10.94412994,319
小山田緑地,139.4109387,35.6032247,112.0199966,16.8990078,333
小山田緑地,139.4109396,35.60304442,108.8199997,13.67871475,344
小山田緑地,139.4109406,35.60286415,109.0199966,17.25939178,345
小山田緑地,139.4109415,35.60268388,107.3199997,14.12409878,312
小山田緑地,139.4109425,35.60250361,104.2200012,3.599134445,351
小山田緑地,139.4109434,35.60232334,104.2200012,3.871327639,343
小山田緑地,139.4109453,35.60196279,103.4199982,33.28440475,348
小山田緑地,139.4109463,35.60178252,97.91999817,13.46626282,331
小山田緑地,139.4109472,35.60160225,98.51999664,14.03041744,149
小山田緑地,139.4109482,35.60142198,104.6200027,26.26881409,159
小山田緑地,139.4109491,35.60124171,108.5199966,20.81295204,211
小山田緑地,139.4109501,35.60106143,103.9199982,13.96247959,227
小山田緑地,139.410951,35.60088116,97.81999969,3.127387762,243
小山田緑地,139.4111613,35.60286493,105.7200012,11.61739349,200
小山田緑地,139.4111623,35.60268465,104.9199982,5.266120911,213
小山田緑地,139.4111632,35.60250438,104.4199982,1.261806011,227
小山田緑地,139.4111642,35.60232411,104.0199966,1.70672071,180
小山田緑地,139.4111651,35.60214384,104.0199966,21.57041931,197
小山田緑地,139.411166,35.60196357,101.9199982,11.29349422,194
小山田緑地,139.411167,35.60178329,104.3199997,29.95416451,188
小山田緑地,139.4111679,35.60160302,103.9199982,27.60064697,142
小山田緑地,139.4111689,35.60142275,114.4199982,24.26549339,145
小山田緑地,139.4111698,35.60124248,111.2200012,17.12998581,261
小山田緑地,139.4111708,35.60106221,106.6200027,14.77796173,283
小山田緑地,139.4111717,35.60088194,99.22000122,8.829458237,167
小山田緑地,139.4111727,35.60070166,99.12000275,7.567831516,188
小山田緑地,139.4113849,35.60232488,108.3199997,26.70356369,97
小山田緑地,139.4113858,35.60214461,109.8199997,18.49893951,225
小山田緑地,139.4113868,35.60196434,107.8199997,20.84259796,208
小山田緑地,139.4113877,35.60178407,109.0199966,13.74702168,147
小山田緑地,139.4113887,35.6016038,111.8199997,24.67287636,154
小山田緑地,139.4113896,35.60142352,118.4199982,10.74679947,214
小山田緑地,139.4113906,35.60124325,112.3199997,16.29342651,256
小山田緑地,139.4113915,35.60106298,109.1200027,18.23429871,213
小山田緑地,139.4113925,35.60088271,109.1200027,24.24899673,176
小山田緑地,139.4113934,35.60070244,109.0199966,25.62055206,182
小山田緑地,139.4113943,35.60052216,110.4199982,33.74081802,181
小山田緑地,139.4116056,35.60232566,108.2200012,17.46205521,92
小山田緑地,139.4116066,35.60214538,116.1200027,16.35025978,165
小山田緑地,139.4116075,35.60196511,110.9199982,14.80835915,195
小山田緑地,139.4116085,35.60178484,113.5199966,16.51408958,149
小山田緑地,139.4116094,35.60160457,118.2200012,23.33705139,144
小山田緑地,139.4116103,35.6014243,119.6200027,15.74086475,256
小山田緑地,139.4116113,35.60124403,114.6200027,13.52516842,224
小山田緑地,139.4116122,35.60106375,114.5199966,20.05488396,164
小山田緑地,139.4116132,35.60088348,115.7200012,20.28990364,174
小山田緑地,139.4116141,35.60070321,116.6200027,21.3498497,168
小山田緑地,139.4116151,35.60052294,117.8199997,17.50903893,173
小山田緑地,139.4118263,35.60232643,109.4199982,4.134168148,112
小山田緑地,139.4118273,35.60214616,118.8199997,22.09001732,92
小山田緑地,139.4118282,35.60196588,122.7200012,32.79507828,186
小山田緑地,139.4118292,35.60178561,120.9199982,26.52545166,181
小山田緑地,139.4118301,35.60160534,124.1200027,20.64669991,136
小山田緑地,139.4118311,35.60142507,120.7200012,18.41238403,244
小山田緑地,139.411832,35.6012448,118.2200012,18.48459816,174
小山田緑地,139.411833,35.60106453,119.8199997,1.793768167,284
小山田緑地,139.4118339,35.60088425,118.6200027,5.690709591,5
小山田緑地,139.4120471,35.6023272,110.6200027,22.09123993,153
小山田緑地,139.412048,35.60214693,119.1200027,17.68516731,93
小山田緑地,139.412049,35.60196666,126.5199966,22.07655334,90
小山田緑地,139.4120499,35.60178638,131.7200012,10.18931675,154
小山田緑地,139.4120509,35.60160611,129.5200043,20.53722954,298
小山田緑地,139.4120518,35.60142584,122.1200027,14.77770138,292
小山田緑地,139.4122678,35.60232797,118.8199997,14.36687183,144
小山田緑地,139.4122688,35.6021477,122.4199982,20.87368774,138
小山田緑地,139.4122697,35.60196743,127.6200027,14.78261662,114
小山田緑地,139.4122706,35.60178716,130.6199951,8.335400581,1
小山田緑地,139.4122716,35.60160688,122.9199982,27.99627113,312
小山田緑地,139.4124876,35.60250901,121.9199982,17.98805428,163
小山田緑地,139.4124885,35.60232874,124.2200012,13.81571198,146
小山田緑地,139.4124895,35.60214847,124.9199982,8.259980202,331
小山田緑地,139.4124904,35.6019682,124.9199982,28.20305061,5
小山田緑地,139.4124914,35.60178793,121.4199982,28.66807556,331
小山田緑地,139.4127064,35.60287033,123.3199997,7.420390606,194
小山田緑地,139.4127074,35.60269006,124.6200027,8.313532829,148
小山田緑地,139.4127083,35.60250979,125.9199982,6.352181911,146
小山田緑地,139.4127093,35.60232951,124.7200012,27.01153183,313
小山田緑地,139.4127102,35.60214924,115.1200027,24.2300415,313
小山田緑地,139.4129281,35.60269083,126.2200012,1.334449887,31
小山田緑地,139.4129291,35.60251056,126.2200012,19.31792259,289
小山田緑地,139.4091462,35.6082661,113.4100037,27.17469978,153
小山田緑地,139.4093622,35.60916824,129.3099976,12.77599716,193
小山田緑地,139.409366,35.60844715,110.7099991,23.11164856,100
小山田緑地,139.4095829,35.60916901,132.3099976,9.323534012,205
小山田緑地,139.4095867,35.60844793,115.1100006,36.84263611,118
小山田緑地,139.4095877,35.60826765,127.9100037,18.13734818,173
小山田緑地,139.4095886,35.60808738,122.4100037,25.82634163,251
小山田緑地,139.4098037,35.60916979,135.6100006,11.03138351,233
小山田緑地,139.4098046,35.60898952,125.3099976,30.70893478,308
小山田緑地,139.4098065,35.60862897,112.8099976,6.772191525,196
小山田緑地,139.4098075,35.6084487,117.2099991,29.75230789,80
小山田緑地,139.4098084,35.60826843,130.6100006,20.88490677,96
小山田緑地,139.4098094,35.60808816,129.0099945,33.90552139,253
小山田緑地,139.4098103,35.60790789,120.9100037,10.61117077,191
小山田緑地,139.4100235,35.60935083,142.8099976,17.39681816,172
小山田緑地,139.4100244,35.60917056,139.8099976,30.28682327,246
小山田緑地,139.4100254,35.60899029,127.0100021,29.58674431,226
小山田緑地,139.4100263,35.60881002,125.8099976,32.62813568,185
小山田緑地,139.4100273,35.60862975,118.3099976,23.6732769,236
小山田緑地,139.4100282,35.60844948,118.1100006,24.52370071,126
小山田緑地,139.4102433,35.60953188,146.8099976,16.07030487,150
小山田緑地,139.4102442,35.60935161,148.6100006,12.33532524,178
小山田緑地,139.4102452,35.60917134,141.6100006,27.2346859,250
小山田緑地,139.4102461,35.60899107,136.0099945,22.60079765,210
小山田緑地,139.4102471,35.6088108,130.5099945,21.88945389,248
小山田緑地,139.410248,35.60863052,123.5100021,32.89235306,206
小山田緑地,139.410249,35.60845025,124.1100006,29.48593712,148
小山田緑地,139.410464,35.60953266,147.8099976,11.96240807,30
小山田緑地,139.410465,35.60935239,149.3099976,15.78827858,15
小山田緑地,139.4104659,35.60917211,144.7100067,27.74637985,264
小山田緑地,139.4104669,35.60899184,138.6100006,18.75595474,233
小山田緑地,139.4104678,35.60881157,135.0099945,19.55328369,195
小山田緑地,139.4104688,35.6086313,135.8099976,22.06634331,170
小山田緑地,139.4104697,35.60845103,134.1100006,33.22816467,188
小山田緑地,139.4106867,35.60917289,146.6100006,20.34320641,64
小山田緑地,139.4106876,35.60899262,142.8099976,24.20042992,214
小山田緑地,139.4106886,35.60881234,141.2100067,18.14834023,170
小山田緑地,139.4106895,35.60863207,144.6100006,23.49756241,169
小山田緑地,139.4106905,35.6084518,145.3099976,28.4450798,178
小山内裏公園,139.3611411,35.60528049,167.5,10.00466537,182
小山内裏公園,139.3611422,35.60510021,163.8999939,30.03631973,211
小山内裏公園,139.3613608,35.60546162,168.8000031,17.94014931,131
小山内裏公園,139.3613619,35.60528135,171.8000031,21.86769676,166
小山内裏公園,139.3613629,35.60510108,168.8999939,23.62685394,234
小山内裏公園,139.361364,35.60492081,163.1000061,13.57556438,210
小山内裏公園,139.3613651,35.60474054,162.3999939,13.53213978,203
小山内裏公園,139.3613661,35.60456027,160.1000061,31.8321743,191
小山内裏公園,139.3613672,35.60438,156,26.86137962,194
小山内裏公園,139.3613682,35.60419973,154.3999939,28.34561539,183
小山内裏公園,139.3613693,35.60401946,154.8999939,31.93345833,180
小山内裏公園,139.3613703,35.60383919,153.8000031,29.6084671,167
小山内裏公園,139.3615816,35.60546248,176.1000061,16.78541756,115
小山内裏公園,139.3615826,35.60528221,178.1999969,8.306995392,90
小山内裏公園,139.3615837,35.60510194,174.8999939,22.9086113,210
小山内裏公園,139.3615847,35.60492167,171.3999939,23.72195435,211
小山内裏公園,139.3615858,35.6047414,167.8000031,24.82919693,189
小山内裏公園,139.3615868,35.60456113,165.8999939,23.11432266,206
小山内裏公園,139.3615879,35.60438086,163,11.46106052,192
小山内裏公園,139.361589,35.60420059,163.1000061,12.48663235,184
小山内裏公園,139.36159,35.60402032,162,16.76654053,184
小山内裏公園,139.3615911,35.60384005,161.3999939,13.56114292,195
小山内裏公園,139.3618012,35.60564362,177.1000061,29.66249275,133
小山内裏公園,139.3618023,35.60546335,181.3000031,8.83018589,167
小山内裏公園,139.3618034,35.60528308,177.3000031,12.06674194,229
小山内裏公園,139.3618044,35.60510281,182.3000031,9.308872223,63
小山内裏公園,139.3618055,35.60492254,179.3999939,19.48695946,210
小山内裏公園,139.3618065,35.60474227,174.8999939,29.04774666,205
小山内裏公園,139.3618076,35.604562,172.3000031,18.95904541,184
小山内裏公園,139.3618086,35.60438173,171.1000061,15.21298218,186
小山内裏公園,139.3618097,35.60420146,170.1999969,24.95399857,187
小山内裏公園,139.3618108,35.60402118,169.8000031,18.51792145,206
小山内裏公園,139.3618118,35.60384091,164.8999939,24.18742752,252
小山内裏公園,139.3620209,35.60582475,174.5,1.603000283,193
小山内裏公園,139.362022,35.60564448,178,25.32830811,38
小山内裏公園,139.362023,35.60546421,179.8000031,27.55856133,354
小山内裏公園,139.3620241,35.60528394,179.3000031,29.90644836,350
小山内裏公園,139.3620252,35.60510367,178,10.87265873,5
小山内裏公園,139.3620262,35.6049234,179.6999969,27.43644142,358
小山内裏公園,139.3620273,35.60474313,178.6999969,18.32539749,340
小山内裏公園,139.3620283,35.60456286,177.1999969,11.38620281,357
小山内裏公園,139.3620294,35.60438259,176.6999969,7.092223644,176
小山内裏公園,139.3620304,35.60420232,177.3000031,4.311126709,197
小山内裏公園,139.3620315,35.60402205,174.1999969,16.87729263,265
小山内裏公園,139.3620326,35.60384178,168.1000061,18.80193901,255
小山内裏公園,139.3622395,35.60618616,173.8000031,12.42204666,133
小山内裏公園,139.3622406,35.60600589,175.5,12.94799614,158
小山内裏公園,139.3622417,35.60582562,175.6999969,4.490448952,231
小山内裏公園,139.3622427,35.60564535,175.1999969,0.614708304,158
小山内裏公園,139.3622438,35.60546508,175,1.441518545,306
小山内裏公園,139.3622448,35.6052848,174.6999969,1.33449769,329
小山内裏公園,139.3622459,35.60510453,174.3000031,0.918376505,321
小山内裏公園,139.3622469,35.60492426,174,1.441496134,306
小山内裏公園,139.362248,35.60474399,173.6999969,1.089718699,301
小山内裏公園,139.3622491,35.60456372,173.3000031,1.405810833,336
小山内裏公園,139.3622501,35.60438345,173.3000031,4.557919502,21
小山内裏公園,139.3622512,35.60420318,177,13.90378857,27
小山内裏公園,139.3622522,35.60402291,173.1000061,17.197649,283
小山内裏公園,139.3622533,35.60384264,165.6000061,19.10680962,291
小山内裏公園,139.3622543,35.60366237,158,29.44668579,273
小山内裏公園,139.3624603,35.60618702,175.6999969,14.93572998,101
小山内裏公園,139.3624613,35.60600675,178.1999969,3.415934324,231
小山内裏公園,139.3624624,35.60582648,174.6000061,3.481423855,270
小山内裏公園,139.3624635,35.60564621,169.6999969,22.07077217,307
小山内裏公園,139.3624645,35.60546594,167.6999969,17.77025986,358
小山内裏公園,139.3624656,35.60528567,170.1000061,19.41959763,22
小山内裏公園,139.3624666,35.6051054,173.8999939,12.3779192,5
小山内裏公園,139.3624677,35.60492513,172.1999969,21.58419609,345
小山内裏公園,139.3624687,35.60474486,170.3999939,20.47049522,334
小山内裏公園,139.3624698,35.60456459,168.1000061,9.802741051,7
小山内裏公園,139.3624709,35.60438431,172,12.06651402,49
小山内裏公園,139.3624719,35.60420404,172.8999939,5.230154991,45
小山内裏公園,139.362473,35.60402377,171,20.617033,303
小山内裏公園,139.362474,35.6038435,164.3999939,16.77124405,284
小山内裏公園,139.3624751,35.60366323,158,13.55753136,263
小山内裏公園,139.3626736,35.60744978,165.3000031,13.78983593,126
小山内裏公園,139.3626747,35.60726951,170.8999939,13.82830524,168
小山内裏公園,139.36268,35.60636815,173.3999939,6.000012875,120
小山内裏公園,139.362681,35.60618788,174.6000061,4.249272346,116
小山内裏公園,139.3626821,35.60600761,178.1000061,10.46353149,120
小山内裏公園,139.3626831,35.60582734,174.1999969,14.13152409,255
小山内裏公園,139.3626842,35.60564707,168.8999939,19.46924973,255
小山内裏公園,139.3626853,35.6054668,166.1000061,4.76501894,321
小山内裏公園,139.3626863,35.60528653,164.3000031,19.15377235,31
小山内裏公園,139.3626874,35.60510626,169.5,13.03941059,336
小山内裏公園,139.3626884,35.60492599,166.3999939,15.2671814,324
小山内裏公園,139.3626895,35.60474572,162.6000061,20.81177521,338
小山内裏公園,139.3626905,35.60456545,164.1000061,12.30323505,78
小山内裏公園,139.3626916,35.60438518,171.8999939,13.6826992,123
小山内裏公園,139.3626926,35.60420491,172.6000061,11.13617325,272
小山内裏公園,139.3626937,35.60402464,166.5,13.98126602,260
小山内裏公園,139.3626948,35.60384437,163.1999969,9.334246635,254
小山内裏公園,139.3626958,35.60366409,159.1999969,18.29554939,269
小山内裏公園,139.3628933,35.60763091,165.5,21.42512131,136
小山内裏公園,139.3628944,35.60745064,173.8999939,27.75738335,137
小山内裏公園,139.3628954,35.60727037,177.1999969,17.06179619,205
小山内裏公園,139.3628965,35.6070901,174.6999969,14.86573792,205
小山内裏公園,139.3628976,35.60690983,173.5,16.45086098,187
小山内裏公園,139.3628986,35.60672956,172.8999939,16.20071793,180
小山内裏公園,139.3628997,35.60654929,174.1999969,9.696967125,152
小山内裏公園,139.3629007,35.60636902,174.6999969,10.38882065,167
小山内裏公園,139.3629018,35.60618874,178,15.14988613,139
小山内裏公園,139.3629028,35.60600847,179.3000031,1.101972222,141
小山内裏公園,139.3629039,35.6058282,175.8999939,11.29481411,276
小山内裏公園,139.3629049,35.60564793,171.1000061,15.2932272,250
小山内裏公園,139.362906,35.60546766,165.8000031,14.850667,244
小山内裏公園,139.362907,35.60528739,159.8999939,7.436024666,294
小山内裏公園,139.3629081,35.60510712,163.1000061,30.93361092,15
小山内裏公園,139.3629092,35.60492685,159.1000061,20.12628555,327
小山内裏公園,139.3629102,35.60474658,160.5,25.27568245,113
小山内裏公園,139.3629113,35.60456631,168.6999969,22.76949692,135
小山内裏公園,139.3629123,35.60438604,172.1000061,1.347210288,108
小山内裏公園,139.3629134,35.60420577,173.1999969,4.399819374,219
小山内裏公園,139.3629144,35.6040255,167.6999969,13.86813831,292
小山内裏公園,139.3629155,35.60384523,162.5,26.73099709,313
小山内裏公園,139.3629165,35.60366496,154.8000031,29.9573288,330
小山内裏公園,139.3631141,35.60763177,174.3999939,23.66858482,105
小山内裏公園,139.3631151,35.6074515,180.6999969,11.08140087,108
小山内裏公園,139.3631162,35.60727123,179.8999939,12.57812309,269
小山内裏公園,139.3631172,35.60709096,174.8999939,15.95344353,309
小山内裏公園,139.3631183,35.60691069,172.3000031,15.73987293,348
小山内裏公園,139.3631194,35.60673042,173.3000031,15.3579855,10
小山内裏公園,139.3631204,35.60655015,174.8000031,11.94470692,4
小山内裏公園,139.3631215,35.60636988,176.3999939,11.52929688,3
小山内裏公園,139.3631225,35.60618961,178,13.01807594,28
小山内裏公園,139.3631236,35.60600934,177.5,13.46076775,323
小山内裏公園,139.3631246,35.60582907,172.3999939,16.07559204,323
小山内裏公園,139.3631257,35.60564879,170.1999969,14.1439085,334
小山内裏公園,139.3631267,35.60546852,167.5,15.66496468,314
小山内裏公園,139.3631278,35.60528825,161.1999969,26.73313904,287
小山内裏公園,139.3631288,35.60510798,157.1999969,1.443738699,46
小山内裏公園,139.3631299,35.60492771,158.1999969,23.93974113,137
小山内裏公園,139.363131,35.60474744,168.3999939,31.91885185,132
小山内裏公園,139.363132,35.60456717,171.8000031,1.285781622,84
小山内裏公園,139.3631331,35.6043869,172.5,10.62139511,33
小山内裏公園,139.3631341,35.60420663,169,21.15428543,312
小山内裏公園,139.3631352,35.60402636,162.6999969,27.86998367,306
小山内裏公園,139.3631362,35.60384609,156.1000061,31.82164574,313
小山内裏公園,139.3633338,35.6078129,171.3999939,13.59406376,142
小山内裏公園,139.3633348,35.60763263,173.1999969,12.18455601,113
小山内裏公園,139.3633359,35.60745236,179.3000031,11.54691029,97
小山内裏公園,139.3633369,35.60727209,177.8999939,16.08907127,287
小山内裏公園,139.363338,35.60709182,171.6999969,18.48288727,288
小山内裏公園,139.363339,35.60691155,168.1999969,13.25852489,308
小山内裏公園,139.3633401,35.60673128,166.1000061,18.0461235,357
小山内裏公園,139.3633411,35.60655101,167.8000031,14.49693775,14
小山内裏公園,139.3633422,35.60637074,170.3000031,17.11113739,353
小山内裏公園,139.3633433,35.60619047,170.8999939,25.09314156,36
小山内裏公園,139.3633443,35.6060102,172.8999939,15.45754814,334
小山内裏公園,139.3633454,35.60582993,167.5,18.55470657,316
小山内裏公園,139.3633464,35.60564966,165,18.91114044,342
小山内裏公園,139.3633475,35.60546939,158.6999969,28.279459,320
小山内裏公園,139.3633485,35.60528911,155.6000061,4.439766407,352
小山内裏公園,139.3633496,35.60510884,161.5,25.15402031,134
小山内裏公園,139.3633506,35.60492857,167.8999939,28.53005981,128
小山内裏公園,139.3633517,35.6047483,171.5,1.505621552,112
小山内裏公園,139.3633527,35.60456803,171.1000061,14.75440311,317
小山内裏公園,139.3633538,35.60438776,164.8999939,20.33730316,357
小山内裏公園,139.3633549,35.60420749,163.3000031,25.69464684,319
小山内裏公園,139.3633559,35.60402722,157.5,32.56895447,313
小山内裏公園,139.3635535,35.60799403,171.3999939,13.67848873,136
小山内裏公園,139.3635545,35.60781376,172.6000061,5.937281132,134
小山内裏公園,139.3635556,35.60763349,176.8999939,16.51348114,116
小山内裏公園,139.3635566,35.60745322,180.5,5.033278942,126
小山内裏公園,139.3635577,35.60727295,178.3000031,15.65453625,260
小山内裏公園,139.3635587,35.60709268,172.3000031,17.0844593,251
小山内裏公園,139.3635598,35.60691241,167.6000061,10.22998714,251
小山内裏公園,139.3635608,35.60673214,162.5,15.73601437,285
小山内裏公園,139.3635619,35.60655187,161.6999969,18.16892815,3
小山内裏公園,139.3635629,35.6063716,161.3000031,24.27995491,8
小山内裏公園,139.363564,35.60619133,164.3000031,30.62347794,47
小山内裏公園,139.3635651,35.60601106,168.1999969,12.96426105,353
小山内裏公園,139.3635661,35.60583079,162.3999939,28.38791275,310
小山内裏公園,139.3635672,35.60565052,155.1999969,11.72975349,327
小山内裏公園,139.3635682,35.60547025,154.6000061,1.858367562,90
小山内裏公園,139.3635693,35.60528998,160.8000031,24.34035873,130
小山内裏公園,139.3635703,35.6051097,166.6999969,28.02471352,137
小山内裏公園,139.3635714,35.60492943,171.1999969,1.196046352,104
小山内裏公園,139.3635724,35.60474916,170.8999939,5.857494354,321
小山内裏公園,139.3635735,35.60456889,165.8000031,30.65069199,300
小山内裏公園,139.3635745,35.60438862,158.6999969,10.41181374,360
小山内裏公園,139.3635756,35.60420835,156.8000031,25.84181976,306
小山内裏公園,139.3637732,35.60817516,171.1000061,17.4937458,134
小山内裏公園,139.3637742,35.60799489,175.6000061,18.92821312,138
小山内裏公園,139.3637753,35.60781462,178.1000061,18.43659782,177
小山内裏公園,139.3637763,35.60763435,179.5,8.606767654,142
小山内裏公園,139.3637774,35.60745408,179.8000031,9.31032753,1
小山内裏公園,139.3637784,35.60727381,179,8.950701714,353
小山内裏公園,139.3637795,35.60709354,177,10.9477644,265
小山内裏公園,139.3637805,35.60691327,173.1000061,14.96290398,240
小山内裏公園,139.3637816,35.606733,167.8000031,22.23618317,228
小山内裏公園,139.3637826,35.60655273,158.5,25.47230721,215
小山内裏公園,139.3637837,35.60637246,155.8000031,5.714916706,323
小山内裏公園,139.3637847,35.60619219,156.3999939,21.24499512,57
小山内裏公園,139.3637858,35.60601192,162.3999939,21.74788857,343
小山内裏公園,139.3637868,35.60583165,157.6000061,17.30432701,313
小山内裏公園,139.3637879,35.60565138,154,1.793759584,104
小山内裏公園,139.363789,35.60547111,160.1000061,28.66691017,131
小山内裏公園,139.36379,35.60529084,165.8999939,23.44919014,131
小山内裏公園,139.3637911,35.60511057,170.8999939,1.102028251,141
小山内裏公園,139.3637921,35.60493029,170.6999969,7.604937077,318
小山内裏公園,139.3637932,35.60475002,165.6999969,27.15338135,334
小山内裏公園,139.3637942,35.60456975,159.8000031,23.47130203,289
小山内裏公園,139.3637953,35.60438948,156.1000061,5.934621334,305
小山内裏公園,139.3639928,35.60835629,170.3000031,14.80728817,139
小山内裏公園,139.3639939,35.60817602,174.1999969,17.20577621,123
小山内裏公園,139.363995,35.60799575,180,10.84985447,130
小山内裏公園,139.363996,35.60781548,180.8000031,1.516594648,148
小山内裏公園,139.3639971,35.60763521,179.5,11.86341763,264
小山内裏公園,139.3639981,35.60745494,174.6000061,15.52893829,325
小山内裏公園,139.3639992,35.60727467,173.6000061,21.48890495,8
小山内裏公園,139.3640002,35.6070944,172.1999969,21.79756737,1
小山内裏公園,139.3640013,35.60691413,170.6000061,17.35295868,330
小山内裏公園,139.3640023,35.60673386,167.8999939,14.04002762,321
小山内裏公園,139.3640034,35.60655359,163.5,16.2859478,310
小山内裏公園,139.3640044,35.60637332,158.5,19.61343765,275
小山内裏公園,139.3640055,35.60619305,153.6999969,12.64465237,334
小山内裏公園,139.3640065,35.60601278,154,18.69179916,3
小山内裏公園,139.3640076,35.60583251,152.6999969,5.035140514,133
小山内裏公園,139.3640086,35.60565224,160.1999969,31.5627861,140
小山内裏公園,139.3640097,35.60547197,166.3999939,29.79652596,136
小山内裏公園,139.3640107,35.6052917,171.3000031,3.165518045,154
小山内裏公園,139.3640118,35.60511143,170.8999939,8.926428795,309
小山内裏公園,139.3640128,35.60493115,163.6000061,21.62698936,326
小山内裏公園,139.3640139,35.60475088,159.8000031,12.90378189,318
小山内裏公園,139.364015,35.60457061,156.8999939,8.223669052,308
小山内裏公園,139.3642125,35.60853742,169.6999969,23.49927902,125
小山内裏公園,139.3642136,35.60835715,175.5,12.64887428,141
小山内裏公園,139.3642146,35.60817688,177.8000031,3.712868214,90
小山内裏公園,139.3642157,35.60799661,180,6.937310219,90
小山内裏公園,139.3642168,35.60781634,180.6999969,6.771902084,344
小山内裏公園,139.3642178,35.60763607,179,17.88436508,296
小山内裏公園,139.3642189,35.6074558,170.8000031,20.89708138,298
小山内裏公園,139.3642199,35.60727553,165.8000031,10.18966389,334
小山内裏公園,139.364221,35.60709526,165.8999939,25.59384537,8
小山内裏公園,139.364222,35.60691499,166.8999939,16.284832,350
小山内裏公園,139.3642231,35.60673472,163.3000031,15.52074718,319
小山内裏公園,139.3642241,35.60655445,157.6999969,18.5456543,322
小山内裏公園,139.3642252,35.60637418,152.6000061,21.33104134,320
小山内裏公園,139.3642262,35.60619391,151.8999939,2.550433159,120
小山内裏公園,139.3642273,35.60601364,154.8000031,28.97944069,160
小山内裏公園,139.3642283,35.60583337,160,27.09851646,150
小山内裏公園,139.3642294,35.6056531,166.8999939,27.40602303,131
小山内裏公園,139.3642304,35.60547283,171.6000061,2.849250793,148
小山内裏公園,139.3642315,35.60529256,170.8999939,12.70083141,291
小山内裏公園,139.3642325,35.60511228,166.6999969,17.24736595,359
小山内裏公園,139.3642336,35.60493201,163.6999969,16.41715431,260
小山内裏公園,139.3642346,35.60475174,157.8999939,12.43234158,285
小山内裏公園,139.3644322,35.60871855,166.6000061,8.289681435,58
小山内裏公園,139.3644333,35.60853828,174.1999969,22.1004715,93
小山内裏公園,139.3644343,35.60835801,176.6000061,6.464486122,313
小山内裏公園,139.3644354,35.60817774,172.6999969,17.57302666,349
小山内裏公園,139.3644364,35.60799747,175.1999969,23.46890831,352
小山内裏公園,139.3644375,35.6078172,172.1000061,18.54819679,2
小山内裏公園,139.3644385,35.60763693,176,9.528933525,352
小山内裏公園,139.3644396,35.60745666,170.3999939,25.01679611,249
小山内裏公園,139.3644407,35.60727639,164.3999939,8.223215103,275
小山内裏公園,139.3644417,35.60709612,162,7.436024189,294
小山内裏公園,139.3644428,35.60691585,160.1000061,21.89489937,349
小山内裏公園,139.3644438,35.60673558,160.1000061,15.48650837,322
小山内裏公園,139.3644449,35.60655531,151.5,15.47017956,300
小山内裏公園,139.3644459,35.60637504,151.3999939,7.799597263,106
小山内裏公園,139.364447,35.60619477,156.6999969,33.22768402,133
小山内裏公園,139.364448,35.6060145,164.3000031,21.74521065,155
小山内裏公園,139.3644491,35.60583423,165.8999939,22.03390694,169
小山内裏公園,139.3644501,35.60565396,171.8999939,11.96985912,117
小山内裏公園,139.3644512,35.60547368,171.5,1.619897485,128
小山内裏公園,139.3644522,35.60529341,172,16.42645645,254
小山内裏公園,139.3644533,35.60511314,163,18.16145134,304
小山内裏公園,139.3644543,35.60493287,159.5,18.11735344,345
小山内裏公園,139.3644554,35.6047526,157,8.75171566,310
小山内裏公園,139.364653,35.60871941,173.8000031,27.54116821,174
小山内裏公園,139.364654,35.60853914,176.3999939,13.59461498,145
小山内裏公園,139.3646551,35.60835887,175.3999939,17.93116188,265
小山内裏公園,139.3646561,35.6081786,169.8999939,16.79359055,301
小山内裏公園,139.3646572,35.60799833,166.8000031,18.92049217,1
小山内裏公園,139.3646582,35.60781806,166.8999939,11.18727112,24
小山内裏公園,139.3646593,35.60763779,171.1999969,17.51231384,38
小山内裏公園,139.3646603,35.60745752,170.5,13.94942474,296
小山内裏公園,139.3646614,35.60727725,166.6999969,11.56144142,220
小山内裏公園,139.3646624,35.60709698,162,16.9769783,240
小山内裏公園,139.3646635,35.60691671,154.8999939,19.65551949,259
小山内裏公園,139.3646645,35.60673644,154.8000031,13.03912163,13
小山内裏公園,139.3646656,35.60655617,151.8999939,13.04265594,297
小山内裏公園,139.3646667,35.6063759,153.5,25.83852196,122
小山内裏公園,139.3646677,35.60619563,163.6000061,20.94091988,123
小山内裏公園,139.3646688,35.60601536,169,17.79975319,103
小山内裏公園,139.3646698,35.60583508,174,17.93787003,137
小山内裏公園,139.3646709,35.60565481,172.1999969,15.3891964,255
小山内裏公園,139.3646719,35.60547454,171.8000031,2.044792652,115
小山内裏公園,139.364673,35.60529427,172.6000061,6.773002625,253
小山内裏公園,139.364674,35.605114,163.5,31.98820686,251
小山内裏公園,139.3646751,35.60493373,158.6000061,4.62235117,217
小山内裏公園,139.3646761,35.60475346,155.3999939,13.11495018,250
小山内裏公園,139.3648727,35.60890054,172.1000061,27.8523159,118
小山内裏公園,139.3648737,35.60872027,178.3999939,7.127178192,141
小山内裏公園,139.3648748,35.60854,178.1000061,2.849547148,250
小山内裏公園,139.3648758,35.60835973,175.5,17.56306839,268
小山内裏公園,139.3648769,35.60817946,168,20.64660072,250
小山内裏公園,139.3648779,35.60799919,159.8000031,15.520751,319
小山内裏公園,139.364879,35.60781892,160.5,30.6512146,38
小山内裏公園,139.36488,35.60763865,163.6000061,31.63161469,12
小山内裏公園,139.3648811,35.60745838,166,15.2904129,331
小山内裏公園,139.3648821,35.60727811,165.3999939,18.72885704,9
小山内裏公園,139.3648832,35.60709784,161.1999969,24.07247162,306
小山内裏公園,139.3648842,35.60691757,155,23.29314041,308
小山内裏公園,139.3648853,35.6067373,149.6000061,12.97416306,342
小山内裏公園,139.3648863,35.60655703,150.6999969,3.38441968,68
小山内裏公園,139.3648874,35.60637675,157.8999939,32.67201996,88
小山内裏公園,139.3648884,35.60619648,165.6000061,16.33777237,110
小山内裏公園,139.3648895,35.60601621,170.6999969,19.01623535,123
小山内裏公園,139.3648905,35.60583594,175.8999939,11.01091194,98
小山内裏公園,139.3648916,35.60565567,177.1000061,19.29572487,236
小山内裏公園,139.3648926,35.6054754,172.3999939,2.554089069,207
小山内裏公園,139.3648937,35.60529513,172.1999969,5.043402672,247
小山内裏公園,139.3648947,35.60511486,167.8000031,32.74466324,226
小山内裏公園,139.3648958,35.60493459,159.8000031,5.589992523,188
小山内裏公園,139.3648969,35.60475432,159.6999969,13.91215706,187
小山内裏公園,139.3648979,35.60457405,159.6000061,19.79969025,211
小山内裏公園,139.3650924,35.60908167,165.6000061,17.88367462,92
小山内裏公園,139.3650934,35.6089014,173.8000031,27.41802979,65
小山内裏公園,139.3650945,35.60872113,178.1000061,6.838371277,18
小山内裏公園,139.3650955,35.60854086,177.1999969,15.9740839,318
小山内裏公園,139.3650966,35.60836059,173,23.97830772,329
小山内裏公園,139.3650976,35.60818032,168,18.71201324,296
小山内裏公園,139.3650987,35.60800005,162.5,20.38075829,273
小山内裏公園,139.3650997,35.60781978,155.6000061,4.132842541,333
小山内裏公園,139.3651008,35.60763951,156.3999939,20.74975014,63
小山内裏公園,139.3651018,35.60745924,163.1999969,8.614964485,315
小山内裏公園,139.3651029,35.60727897,159.6999969,11.00048161,319
小山内裏公園,139.3651039,35.60709869,154.6000061,24.24578857,317
小山内裏公園,139.365105,35.60691842,148.8999939,6.039407253,321
小山内裏公園,139.365106,35.60673815,149.8999939,10.57014275,151
小山内裏公園,139.3651071,35.60655788,154.5,33.51023483,120
小山内裏公園,139.3651081,35.60637761,160.6000061,32.04173279,181
小山内裏公園,139.3651092,35.60619734,165,32.73049545,94
小山内裏公園,139.3651102,35.60601707,173.5,13.23980618,116
小山内裏公園,139.3651113,35.6058368,175.8000031,6.28487587,47
小山内裏公園,139.3651123,35.60565653,177.3000031,5.528121471,26
小山内裏公園,139.3651134,35.60547626,176.1999969,17.81254768,240
小山内裏公園,139.3651144,35.60529599,172.6999969,0.918354094,219
小山内裏公園,139.3651155,35.60511572,172.6000061,3.395008564,213
小山内裏公園,139.3651165,35.60493545,165.5,32.10739136,200
小山内裏公園,139.3651176,35.60475518,168.5,28.77079964,153
小山内裏公園,139.3651186,35.60457491,165.5,27.75993729,226
小山内裏公園,139.3651197,35.60439464,159.1999969,25.2100563,225
小山内裏公園,139.3653131,35.60908253,171,11.52931786,109
小山内裏公園,139.3653142,35.60890226,174.8999939,7.584806919,59
小山内裏公園,139.3653152,35.60872199,173.5,19.01646042,303
小山内裏公園,139.3653163,35.60854172,170.3999939,19.18072701,358
小山内裏公園,139.3653173,35.60836145,166.3000031,15.39540768,284
小山内裏公園,139.3653184,35.60818118,163.3999939,12.90411854,318
小山内裏公園,139.3653194,35.60800091,160.3000031,11.19484329,309
小山内裏公園,139.3653205,35.60782063,153.8999939,12.52843189,318
小山内裏公園,139.3653215,35.60764036,153.5,16.52296257,68
小山内裏公園,139.3653226,35.60746009,160.8000031,9.871322632,3
小山内裏公園,139.3653236,35.60727982,156.8000031,18.87874985,299
小山内裏公園,139.3653247,35.60709955,148.3999939,10.15478897,311
小山内裏公園,139.3653257,35.60691928,150.1000061,21.25695229,117
小山内裏公園,139.3653268,35.60673901,158.1000061,30.08314323,148
小山内裏公園,139.3653278,35.60655874,159.3000031,21.31664467,126
小山内裏公園,139.3653289,35.60637847,168.8999939,13.72675514,121
小山内裏公園,139.3653299,35.6061982,171.5,13.11806107,156
小山内裏公園,139.365331,35.60601793,173.1000061,4.558069706,21
小山内裏公園,139.365332,35.60583766,172,23.24821663,360
小山内裏公園,139.3653331,35.60565739,174.3000031,15.88123608,354
小山内裏公園,139.3653341,35.60547712,171.3999939,17.02698708,356
小山内裏公園,139.3653352,35.60529685,171.3000031,18.98085976,352
小山内裏公園,139.3653362,35.60511658,172.5,13.86632538,21
小山内裏公園,139.3653373,35.60493631,172.8999939,1.285421491,185
小山内裏公園,139.3653383,35.60475603,173,1.880031943,81
小山内裏公園,139.3653394,35.60457576,172.8000031,16.00213242,226
小山内裏公園,139.3653404,35.60439549,165.3000031,27.93754768,244
小山内裏公園,139.3653415,35.60421522,154,21.45500565,257
小山内裏公園,139.3655328,35.60926366,167.1999969,14.78236198,129
小山内裏公園,139.3655339,35.60908339,171.1999969,6.406747818,77
小山内裏公園,139.3655349,35.60890311,173.3000031,10.01433563,88
小山内裏公園,139.365536,35.60872284,173.8000031,12.64628983,291
小山内裏公園,139.365537,35.60854257,164.3000031,18.14053917,275
小山内裏公園,139.3655381,35.6083623,162.8000031,11.6727047,356
小山内裏公園,139.3655391,35.60818203,161.3999939,4.121317387,280
小山内裏公園,139.3655402,35.60800176,159.8999939,12.09649754,235
小山内裏公園,139.3655412,35.60782149,152.6999969,18.18198204,221
小山内裏公園,139.3655423,35.60764122,150.1999969,7.798497677,333
小山内裏公園,139.3655433,35.60746095,154.8000031,23.85076523,34
小山内裏公園,139.3655444,35.60728068,153.6000061,16.2284832,291
小山内裏公園,139.3655454,35.60710041,148.1999969,0.183697134,321
小山内裏公園,139.3655465,35.60692014,154.1000061,37.67983246,106
小山内裏公園,139.3655475,35.60673987,163.5,13.2251997,103
小山内裏公園,139.3655486,35.6065596,166.3999939,8.658219337,87
小山内裏公園,139.3655496,35.60637933,169.6000061,6.586151123,33
小山内裏公園,139.3655507,35.60619906,169.5,13.27786064,1
小山内裏公園,139.3655517,35.60601879,169.8000031,16.96924782,344
小山内裏公園,139.3655528,35.60583852,165.3999939,15.06608105,346
小山内裏公園,139.3655538,35.60565824,168.1999969,18.25294113,6
小山内裏公園,139.3655549,35.60547797,167.1999969,15.63395977,347
小山内裏公園,139.3655559,35.6052977,164.6999969,21.93319511,349
小山内裏公園,139.365557,35.60511743,164.6999969,28.2201252,18
小山内裏公園,139.365558,35.60493716,168.1000061,26.33778763,22
小山内裏公園,139.3655591,35.60475689,172.8000031,12.75146103,49
小山内裏公園,139.3655601,35.60457662,173.3000031,1.161710262,90
小山内裏公園,139.3655612,35.60439635,167.1999969,30.47173691,265
小山内裏公園,139.3655622,35.60421608,155.5,24.31306267,263
小山内裏公園,139.3657525,35.60944478,162.1999969,7.527490616,79
小山内裏公園,139.3657536,35.60926451,169.1000061,8.436225891,327
小山内裏公園,139.3657546,35.60908424,167.5,13.14336777,352
小山内裏公園,139.3657557,35.60890397,168.1999969,25.15310669,17
小山内裏公園,139.3657567,35.6087237,169.1999969,15.48245144,348
小山内裏公園,139.3657578,35.60854343,163.6999969,18.98242378,289
小山内裏公園,139.3657588,35.60836316,161.6000061,1.763204932,333
小山内裏公園,139.3657599,35.60818289,161.8000031,1.055238128,82
小山内裏公園,139.3657609,35.60800262,162.8000031,6.838644505,135
小山内裏公園,139.365762,35.60782235,158.6000061,22.51100159,241
小山内裏公園,139.365763,35.60764208,150.5,24.08244705,246
小山内裏公園,139.3657641,35.60746181,148.8000031,9.348535538,72
小山内裏公園,139.3657651,35.60728154,152,9.391142845,295
小山内裏公園,139.3657662,35.60710127,147.5,2.539917946,74
小山内裏公園,139.3657672,35.606921,156.3999939,25.06475639,69
小山内裏公園,139.3657683,35.60674073,160.6999969,15.17986584,16
小山内裏公園,139.3657693,35.60656045,161.6999969,22.65010834,9
小山内裏公園,139.3657704,35.60638018,159.1999969,32.92149734,356
小山内裏公園,139.3657714,35.60619991,161.8000031,36.46370697,356
小山内裏公園,139.3657725,35.60601964,162.1999969,30.48864937,6
小山内裏公園,139.3657735,35.60583937,161.3000031,14.70849323,353
小山内裏公園,139.3657746,35.6056591,161.3000031,22.27468872,351
小山内裏公園,139.3657756,35.60547883,158,29.29108238,338
小山内裏公園,139.3657767,35.60529856,156,13.7064743,4
小山内裏公園,139.3657777,35.60511829,157.1000061,9.804237366,52
小山内裏公園,139.3657788,35.60493802,161.6999969,25.5253849,106
小山内裏公園,139.3657798,35.60475775,172.1000061,17.81123543,117
小山内裏公園,139.3657808,35.60457748,173.1999969,1.129319668,68
小山内裏公園,139.3657819,35.60439721,168.1000061,26.33456612,263
小山内裏公園,139.3657829,35.60421694,156.8999939,25.29265976,262
小山内裏公園,139.3659743,35.60926537,162.6000061,21.81532288,31
小山内裏公園,139.3659754,35.6090851,163.6999969,13.3002367,305
小山内裏公園,139.3659764,35.60890483,161.5,10.87312698,5
小山内裏公園,139.3659775,35.60872456,164.3000031,17.92888832,21
小山内裏公園,139.3659785,35.60854429,161.3000031,6.882966518,318
小山内裏公園,139.3659796,35.60836402,161.6000061,0.544943511,59
小山内裏公園,139.3659806,35.60818375,161.6000061,1.843519092,338
小山内裏公園,139.3659817,35.60800348,161,10.8158083,13
小山内裏公園,139.3659827,35.6078232,156.8000031,29.13646317,331
小山内裏公園,139.3659838,35.60764293,150.8999939,23.11341858,303
小山内裏公園,139.3659848,35.60746266,147.3999939,0.614694953,338
小山内裏公園,139.3659859,35.60728239,150.5,7.946580887,355
小山内裏公園,139.3659869,35.60710212,147.5,1.422493458,0
小山内裏公園,139.365988,35.60692185,149.6999969,24.56010246,24
小山内裏公園,139.365989,35.60674158,152.3000031,33.30514145,14
小山内裏公園,139.3659901,35.60656131,152.8999939,9.955069542,8
小山内裏公園,139.3659911,35.60638104,156,10.9711647,358
小山内裏公園,139.3659922,35.60620077,152.8000031,4.421824932,330
小山内裏公園,139.3659932,35.6060205,152.6999969,5.566335201,311
小山内裏公園,139.3659942,35.60584023,151.8999939,10.20040798,6
小山内裏公園,139.3659953,35.60565996,152.3000031,10.18236446,46
小山内裏公園,139.3659963,35.60547969,154.3999939,4.62284708,115
小山内裏公園,139.3659974,35.60529942,158.6000061,30.60052299,154
小山内裏公園,139.3659984,35.60511915,163.3000031,27.67494392,160
小山内裏公園,139.3659995,35.60493888,167.6999969,30.39494514,134
小山内裏公園,139.3660005,35.6047586,173.3000031,0.853544295,180
小山内裏公園,139.3660016,35.60457833,173.3000031,2.246983767,325
小山内裏公園,139.3660026,35.60439806,168.5,26.9535141,295
小山内裏公園,139.3660037,35.60421779,157.8000031,25.51208115,278
小山内裏公園,139.3661972,35.60890568,161.8000031,2.550439835,300
小山内裏公園,139.3661982,35.60872541,161.1999969,1.462438226,241
小山内裏公園,139.3661993,35.60854514,161.3999939,0.720873296,54
小山内裏公園,139.3662003,35.60836487,161.3000031,2.10937047,341
小山内裏公園,139.3662014,35.6081846,157.8000031,21.05908012,318
小山内裏公園,139.3662024,35.60800433,157.1000061,16.98344612,350
小山内裏公園,139.3662035,35.60782406,150.8000031,8.649145126,271
小山内裏公園,139.3662045,35.60764379,147.6999969,4.782934666,289
小山内裏公園,139.3662056,35.60746352,147.6000061,0.183680311,141
小山内裏公園,139.3662066,35.60728325,147.6999969,1.229248405,338
小山内裏公園,139.3662077,35.60710298,147.6000061,4.248628616,166
小山内裏公園,139.3662087,35.60692271,148,18.25292397,174
小山内裏公園,139.3662097,35.60674244,147.6000061,6.647542,200
小山内裏公園,139.3662108,35.60656217,148.5,3.093915462,120
小山内裏公園,139.3662118,35.6063819,149.6999969,1.626065135,46
小山内裏公園,139.3662129,35.60620163,150,15.67849636,147
小山内裏公園,139.3662139,35.60602136,154.3999939,35.38666916,172
小山内裏公園,139.366215,35.60584108,154,36.08298874,174
小山内裏公園,139.366216,35.60566081,159.1999969,34.30501175,159
小山内裏公園,139.3662171,35.60548054,161.6999969,29.16471291,164
小山内裏公園,139.3662181,35.60530027,165,20.56137657,141
小山内裏公園,139.3662192,35.60512,168.8000031,17.57777023,150
小山内裏公園,139.3662202,35.60493973,173.5,3.093419075,165
小山内裏公園,139.3662213,35.60475946,173.3000031,0.884660065,165
小山内裏公園,139.3662223,35.60457919,169.1999969,22.96902657,321
小山内裏公園,139.3662234,35.60439892,163.6999969,22.63372421,303
小山内裏公園,139.3662244,35.60421865,153.6000061,14.14648819,305
小山内裏公園,139.36642,35.608546,161.1999969,7.611215115,300
小山内裏公園,139.3664211,35.60836573,156.8000031,22.16923141,323
小山内裏公園,139.3664221,35.60818546,152.8999939,8.504666328,318
小山内裏公園,139.3664232,35.60800519,152.8999939,0.551065028,141
小山内裏公園,139.3664242,35.60782492,151.6000061,12.84595013,243
小山内裏公園,139.3664253,35.60764465,147.6999969,4.805346966,262
小山内裏公園,139.3664263,35.60746438,147.6999969,1.619870067,128
小山内裏公園,139.3664274,35.6072841,148.6000061,12.43821526,107
小山内裏公園,139.3664284,35.60710383,150.5,8.997566223,153
小山内裏公園,139.3664294,35.60692356,156.1000061,29.91425705,104
小山内裏公園,139.3664305,35.60674329,158,27.93133545,214
小山内裏公園,139.3664315,35.60656302,158,23.09496117,167
小山内裏公園,139.3664326,35.60638275,158.3000031,28.53970337,179
小山内裏公園,139.3664336,35.60620248,162,20.86087418,143
小山内裏公園,139.3664347,35.60602221,163.8000031,15.31777287,184
小山内裏公園,139.3664357,35.60584194,163.8000031,14.68048382,152
小山内裏公園,139.3664368,35.60566167,167.6999969,17.80651474,162
小山内裏公園,139.3664378,35.6054814,170,21.07117844,164
小山内裏公園,139.3664389,35.60530113,171.3999939,21.52198792,155
小山内裏公園,139.3664399,35.60512086,174.1000061,1.99108088,180
小山内裏公園,139.366441,35.60494059,173.8000031,1.843422055,158
小山内裏公園,139.366442,35.60476032,171,22.21627045,308
小山内裏公園,139.3664431,35.60458005,165,20.3402462,310
小山内裏公園,139.3664441,35.60439977,159.1999969,23.60369873,307
小山内裏公園,139.3666418,35.60836658,153,4.008136272,300
小山内裏公園,139.3666429,35.60818631,154,16.24401855,166
小山内裏公園,139.3666439,35.60800604,154,10.84042645,190
小山内裏公園,139.366645,35.60782577,152,12.13675117,246
小山内裏公園,139.366646,35.6076455,148.3000031,17.44027328,230
小山内裏公園,139.366647,35.60746523,147.8000031,4.213767052,98
小山内裏公園,139.3666481,35.60728496,151.6999969,17.78280449,155
小山内裏公園,139.3666491,35.60710469,153.3000031,15.84362411,149
小山内裏公園,139.3666502,35.60692442,156.3999939,30.85946274,106
小山内裏公園,139.3666512,35.60674415,166.6999969,19.95657349,177
小山内裏公園,139.3666523,35.60656388,166.3999939,23.8538475,178
小山内裏公園,139.3666533,35.60638361,165.8999939,18.42514229,183
小山内裏公園,139.3666544,35.60620334,167.1000061,19.81707954,160
小山内裏公園,139.3666554,35.60602307,169.5,18.92053032,179
小山内裏公園,139.3666565,35.60584279,168.6000061,15.06110477,171
小山内裏公園,139.3666575,35.60566252,173.6999969,17.97642708,141
小山内裏公園,139.3666586,35.60548225,175.8999939,3.088336706,223
小山内裏公園,139.3666596,35.60530198,174.3000031,1.152796745,330
小山内裏公園,139.3666607,35.60512171,174.3999939,0.59811306,256
小山内裏公園,139.3666617,35.60494144,171.6999969,24.94464302,319
小山内裏公園,139.3666627,35.60476117,165.3000031,23.05862236,318
小山内裏公園,139.3666638,35.6045809,159.8000031,23.11210442,316
小山内裏公園,139.3668647,35.6080069,158.8000031,12.50445175,223
小山内裏公園,139.3668657,35.60782663,155.1000061,8.38937664,219
小山内裏公園,139.3668667,35.60764636,151.8000031,6.220932484,219
小山内裏公園,139.3668678,35.60746609,151.8000031,2.63323307,157
小山内裏公園,139.3668688,35.60728581,153.1000061,14.67584705,93
小山内裏公園,139.3668699,35.60710554,164.1999969,23.28948593,128
小山内裏公園,139.3668709,35.60692527,164.6999969,44.58137131,169
小山内裏公園,139.366872,35.606745,173,14.09604645,164
小山内裏公園,139.366873,35.60656473,173.1999969,12.03813267,172
小山内裏公園,139.3668741,35.60638446,172,16.9160881,192
小山内裏公園,139.3668751,35.60620419,173.6000061,18.96088028,145
小山内裏公園,139.3668762,35.60602392,176.5,15.55262947,172
小山内裏公園,139.3668772,35.60584365,175.6000061,18.50913048,189
小山内裏公園,139.3668783,35.60566338,174.3999939,9.738121033,330
小山内裏公園,139.3668793,35.60548311,174.1999969,2.211011648,117
小山内裏公園,139.3668803,35.60530284,174.8999939,5.869220734,340
小山内裏公園,139.3668814,35.60512257,172.1999969,25.40877533,333
小山内裏公園,139.3668824,35.6049423,164.8000031,23.10712433,319
小山内裏公園,139.3668835,35.60476203,158.8000031,25.75121689,317
小山内裏公園,139.3670864,35.60782748,157.1999969,11.38216972,234
小山内裏公園,139.3670875,35.60764721,156.1000061,11.71674347,206
小山内裏公園,139.3670885,35.60746694,155,21.58125687,156
小山内裏公園,139.3670896,35.60728667,156.8000031,23.83127403,160
小山内裏公園,139.3670906,35.6071064,164.5,27.54269791,95
小山内裏公園,139.3670917,35.60692613,171.1000061,17.77604866,49
小山内裏公園,139.3670927,35.60674586,174.1999969,8.381064415,19
小山内裏公園,139.3670938,35.60656559,174.3999939,8.58489418,9
小山内裏公園,139.3670948,35.60638532,175.6999969,4.680979252,55
小山内裏公園,139.3670959,35.60620505,176.5,4.651784897,19
小山内裏公園,139.3670969,35.60602477,176.6999969,16.09321404,357
小山内裏公園,139.3670979,35.6058445,173.3999939,14.8365593,319
小山内裏公園,139.367099,35.60566423,173.6999969,3.441966534,8
小山内裏公園,139.3671,35.60548396,171.3000031,20.13837624,335
小山内裏公園,139.3671011,35.60530369,169.1999969,19.81973457,322
小山内裏公園,139.3671021,35.60512342,163.1999969,17.60198784,332
小山内裏公園,139.3671032,35.60494315,157.1999969,20.966856,317
小山内裏公園,139.3673082,35.60764806,157.1999969,4.564775467,206
小山内裏公園,139.3673093,35.60746779,157.8999939,6.772830486,63
小山内裏公園,139.3673103,35.60728752,160.8000031,7.442567825,60
小山内裏公園,139.3673114,35.60710725,161.6999969,9.413414955,73
小山内裏公園,139.3673124,35.60692698,167.6999969,14.37645149,79
小山内裏公園,139.3673135,35.60674671,169.6000061,11.18937588,345
小山内裏公園,139.3673145,35.60656644,168.3000031,19.17466354,1
小山内裏公園,139.3673156,35.60638617,172,18.89133453,19
小山内裏公園,139.3673166,35.6062059,171.1000061,23.48772812,344
小山内裏公園,139.3673176,35.60602563,170.3000031,14.88149452,44
小山内裏公園,139.3673187,35.60584536,172.6000061,3.031093597,328
小山内裏公園,139.3673197,35.60566509,167.8000031,16.63710403,321
小山内裏公園,139.3673208,35.60548482,165.1999969,18.4770546,337
小山内裏公園,139.3673218,35.60530455,163.3000031,18.99993706,342
小山内裏公園,139.3673229,35.60512428,159.3000031,18.43550682,307
小山内裏公園,139.36753,35.60746865,158.6000061,3.246568918,125
小山内裏公園,139.3675311,35.60728838,159.3000031,0.825642109,80
小山内裏公園,139.3675321,35.60710811,160.6000061,14.75443172,36
小山内裏公園,139.3675332,35.60692784,163.3000031,24.58223724,31
小山内裏公園,139.3675342,35.60674756,166.3999939,19.5688839,325
小山内裏公園,139.3675353,35.60656729,162.6000061,16.8769474,357
小山内裏公園,139.3675363,35.60638702,163,29.06912422,345
小山内裏公園,139.3675373,35.60620675,160.3999939,19.40446091,6
小山内裏公園,139.3675384,35.60602648,168.8000031,28.25966644,83
小山内裏公園,139.3675394,35.60584621,171.6999969,6.109739304,305
小山内裏公園,139.3675405,35.60566594,165.6999969,19.08711624,275
小山内裏公園,139.3675415,35.60548567,160.8999939,8.756726265,311
小山内裏公園,139.3675426,35.6053054,160.3999939,4.494261742,307
小山内裏公園,139.3675436,35.60512513,158,9.500156403,251
小山内裏公園,139.3675447,35.60494486,156.6000061,1.347202539,252
小山内裏公園,139.3677508,35.6074695,158.8999939,1.161492825,12
小山内裏公園,139.3677518,35.60728923,158.8999939,0.853604019,180
小山内裏公園,139.3677529,35.60710896,159.5,1.793771505,76
小山内裏公園,139.3677539,35.60692869,159.6999969,1.943441987,73
小山内裏公園,139.3677549,35.60674842,160.1000061,2.136316538,183
小山内裏公園,139.367756,35.60656815,160.1999969,0.972012222,107
小山内裏公園,139.367757,35.60638788,160.5,1.937970877,163
小山内裏公園,139.3677581,35.60620761,160.5,7.29279995,93
小山内裏公園,139.3677591,35.60602733,168.8000031,26.99338722,82
小山内裏公園,139.3677602,35.60584706,171.3000031,6.149156094,266
小山内裏公園,139.3677612,35.60566679,166.6999969,22.33905602,286
小山内裏公園,139.3677623,35.60548652,160,5.374102592,288
小山内裏公園,139.3677633,35.60530625,159.6999969,4.508538723,292
小山内裏公園,139.3677643,35.60512598,158.1000061,3.921099186,293
小山内裏公園,139.3677654,35.60494571,157.6999969,4.596045017,189
小山内裏公園,139.3679726,35.60729008,158.8000031,3.335035563,160
小山内裏公園,139.3679736,35.60710981,159.8000031,1.089758277,121
小山内裏公園,139.3679746,35.60692954,159.8000031,2.420432806,114
小山内裏公園,139.3679757,35.60674927,161,3.384460449,112
小山内裏公園,139.3679767,35.606569,162,3.508731127,159
小山内裏公園,139.3679778,35.60638873,161.3999939,1.69897747,147
小山内裏公園,139.3679788,35.60620846,161,1.668897867,200
小山内裏公園,139.3679799,35.60602819,166.8999939,33.91258621,66
小山内裏公園,139.3679809,35.60584792,171.6000061,2.304733992,210
小山内裏公園,139.367982,35.60566765,167.6999969,29.09288979,233
小山内裏公園,139.367983,35.60548738,161.8000031,14.84909248,208
小山内裏公園,139.367984,35.6053071,159.6000061,13.80701923,206
小山内裏公園,139.3679851,35.60512683,158.8999939,12.44742775,134
小山内裏公園,139.3679861,35.60494656,162,13.97411728,176
小山内裏公園,139.3679872,35.60476629,159.1999969,20.22463989,205
小山内裏公園,139.3681933,35.60729093,159,5.746327877,71
小山内裏公園,139.3681943,35.60711066,159.6000061,0.918359637,39
小山内裏公園,139.3681954,35.60693039,159.8999939,3.613583326,135
小山内裏公園,139.3681964,35.60675012,160.8999939,2.33986187,83
小山内裏公園,139.3681975,35.60656985,161.6000061,3.135536432,4
小山内裏公園,139.3681985,35.60638958,161.8000031,0.367407292,141
小山内裏公園,139.3681996,35.60620931,161.3999939,2.913801908,287
小山内裏公園,139.3682006,35.60602904,160.8000031,11.25030708,62
小山内裏公園,139.3682017,35.60584877,169.8000031,28.00407028,58
小山内裏公園,139.3682027,35.6056685,172.3999939,3.7740767,200
小山内裏公園,139.3682037,35.60548823,169.6000061,22.02480316,211
小山内裏公園,139.3682048,35.60530796,164.1999969,22.79606438,217
小山内裏公園,139.3682058,35.60512769,162.6000061,14.766119,168
小山内裏公園,139.3682069,35.60494742,165.8000031,18.35232353,123
小山内裏公園,139.3682079,35.60476715,166.6000061,20.10479355,236
小山内裏公園,139.368209,35.60458687,159.3999939,25.89704895,239
小山内裏公園,139.3682142,35.60368552,149.6999969,14.64963818,189
小山内裏公園,139.3682152,35.60350525,152.1999969,26.87110138,179
小山内裏公園,139.3682163,35.60332498,146.6000061,26.26595116,191
小山内裏公園,139.3682173,35.60314471,145.5,25.07701874,184
小山内裏公園,139.368414,35.60729179,159,10.43649006,98
小山内裏公園,139.3684151,35.60711152,159.3999939,0.614681542,338
小山内裏公園,139.3684161,35.60693125,159.6999969,2.322536707,90
小山内裏公園,139.3684172,35.60675097,160.5,3.613720655,57
小山内裏公園,139.3684182,35.6065707,161,0.376482844,248
小山内裏公園,139.3684193,35.60639043,162.3999939,10.30724621,97
小山内裏公園,139.3684203,35.60621016,161.5,15.96211243,210
小山内裏公園,139.3684213,35.60602989,160.6999969,6.284874439,133
小山内裏公園,139.3684224,35.60584962,164.8999939,17.27952385,94
小山内裏公園,139.3684234,35.60566935,173,13.50497818,81
小山内裏公園,139.3684245,35.60548908,173.3000031,2.987451792,155
小山内裏公園,139.3684255,35.60530881,170.6999969,20.34663582,209
小山内裏公園,139.3684266,35.60512854,169.3999939,24.94333458,177
小山内裏公園,139.3684276,35.60494827,170.8999939,17.45516968,160
小山内裏公園,139.3684286,35.604768,168.1999969,18.8312397,261
小山内裏公園,139.3684297,35.60458773,163.6999969,15.14500237,227
小山内裏公園,139.3684328,35.60404691,154.1000061,19.04968071,182
小山内裏公園,139.3684339,35.60386664,152.1999969,9.381615639,213
小山内裏公園,139.3684349,35.60368637,152.1999969,14.99093437,119
小山内裏公園,139.3684359,35.6035061,159.8999939,14.43598843,138
小山内裏公園,139.368437,35.60332583,160,17.82461548,189
小山内裏公園,139.368438,35.60314556,158.3000031,22.55770874,209
小山内裏公園,139.3686348,35.60729264,159.1000061,22.97200966,91
小山内裏公園,139.3686358,35.60711237,160.1000061,8.832873344,263
小山内裏公園,139.3686369,35.6069321,160,1.08045435,131
小山内裏公園,139.3686379,35.60675183,160.6000061,1.08045435,131
小山内裏公園,139.368639,35.60657156,160.8999939,1.462392092,61
小山内裏公園,139.36864,35.60639128,160.8999939,4.421824932,30
小山内裏公園,139.368641,35.60621101,167.8000031,12.18173122,85
小山内裏公園,139.3686421,35.60603074,166.5,18.15967751,203
小山内裏公園,139.3686431,35.60585047,166.6000061,8.657324791,137
小山内裏公園,139.3686442,35.6056702,169.8999939,18.94882393,60
小山内裏公園,139.3686452,35.60548993,173.8999939,2.10941124,161
小山内裏公園,139.3686463,35.60530966,174.1000061,7.22703743,66
小山内裏公園,139.3686473,35.60512939,176.6999969,9.149990082,155
小山内裏公園,139.3686483,35.60494912,176.3000031,10.08485889,201
小山内裏公園,139.3686494,35.60476885,171.3000031,13.57247257,222
小山内裏公園,139.3686504,35.60458858,170.1999969,13.42106247,215
小山内裏公園,139.3686515,35.60440831,165.3000031,25.5952549,206
小山内裏公園,139.3686525,35.60422804,163.3000031,24.94509125,192
小山内裏公園,139.3686536,35.60404777,161,24.2085247,186
小山内裏公園,139.3686546,35.60386749,159.1000061,21.72753906,203
小山内裏公園,139.3686556,35.60368722,159.1999969,20.03834724,165
小山内裏公園,139.3686567,35.60350695,160.8000031,14.20254612,106
小山内裏公園,139.3686577,35.60332668,168.1000061,22.18600082,219
小山内裏公園,139.3686588,35.60314641,160.6999969,19.44567108,261
小山内裏公園,139.3686598,35.60296614,150.6000061,32.0760994,263
小山内裏公園,139.3688555,35.60729349,159.6000061,26.41494942,102
小山内裏公園,139.3688566,35.60711322,160.3000031,8.822412491,238
小山内裏公園,139.3688576,35.60693295,160.1999969,0.232376143,90
小山内裏公園,139.3688587,35.60675268,164.6000061,22.60680962,120
小山内裏公園,139.3688597,35.60657241,164.1999969,29.43325806,204
小山内裏公園,139.3688607,35.60639214,160.5,2.667539835,211
小山内裏公園,139.3688618,35.60621186,166.3000031,21.28015137,91
小山内裏公園,139.3688628,35.60603159,172.8999939,16.96550941,126
小山内裏公園,139.3688639,35.60585132,173,32.14455414,189
小山内裏公園,139.3688649,35.60567105,171.8000031,26.48794365,171
小山内裏公園,139.368866,35.60549078,174.8999939,5.460424423,221
小山内裏公園,139.368867,35.60531051,174.1000061,2.044792652,245
小山内裏公園,139.368868,35.60513024,173.3999939,2.420433044,294
小山内裏公園,139.3688691,35.60494997,172.6999969,2.379702091,299
小山内裏公園,139.3688701,35.6047697,171.8000031,2.318124771,288
小山内裏公園,139.3688712,35.60458943,171.3000031,1.722791076,289
小山内裏公園,139.3688722,35.60440916,170.8999939,2.044784069,295
小山内裏公園,139.3688732,35.60422889,169.8999939,6.316284657,224
小山内裏公園,139.3688743,35.60404862,169.6999969,8.407684326,197
小山内裏公園,139.3688753,35.60386835,165.6000061,19.20721626,212
小山内裏公園,139.3688764,35.60368807,166.3000031,20.39166451,138
小山内裏公園,139.3688774,35.6035078,169.6999969,22.69089317,176
小山内裏公園,139.3688785,35.60332753,169.8999939,21.17329407,270
小山内裏公園,139.3688795,35.60314726,161,18.72502136,263
小山内裏公園,139.3688805,35.60296699,151.6999969,23.38010979,260
小山内裏公園,139.3690752,35.60747461,153.5,4.549162865,3
小山内裏公園,139.3690763,35.60729434,157.6999969,24.71215248,55
小山内裏公園,139.3690773,35.60711407,163.8999939,5.351195335,323
小山内裏公園,139.3690784,35.6069338,160.5,4.360140324,148
小山内裏公園,139.3690794,35.60675353,166,25.34242439,86
小山内裏公園,139.3690804,35.60657326,170.8999939,9.485066414,157
小山内裏公園,139.3690815,35.60639299,169.3000031,18.37182808,192
小山内裏公園,139.3690825,35.60621272,167.8999939,14.61748981,181
小山内裏公園,139.3690836,35.60603244,173.1000061,28.98669434,99
小山内裏公園,139.3690846,35.60585217,177.8000031,3.584066391,76
小山内裏公園,139.3690857,35.6056719,178.1000061,6.936067104,348
小山内裏公園,139.3690867,35.60549163,177.6000061,5.08113718,259
小山内裏公園,139.3690877,35.60531136,175.8000031,6.284985065,234
小山内裏公園,139.3690888,35.60513109,174.6000061,7.074748993,325
小山内裏公園,139.3690898,35.60495082,169.8999939,22.83485985,297
小山内裏公園,139.3690909,35.60477055,165.6000061,23.61004639,1
小山内裏公園,139.3690919,35.60459028,166.6000061,22.40202332,359
小山内裏公園,139.3690929,35.60441001,167,21.10110474,14
小山内裏公園,139.369094,35.60422974,168.8000031,16.59344292,7
小山内裏公園,139.369095,35.60404947,169,3.410461187,0
小山内裏公園,139.3690961,35.6038692,168.6000061,1.422748685,258
小山内裏公園,139.3690971,35.60368893,168.3000031,1.763148546,27
小山内裏公園,139.3690982,35.60350865,169.1999969,12.74377537,27
小山内裏公園,139.3690992,35.60332838,168.1999969,7.443276405,282
小山内裏公園,139.3691002,35.60314811,161.1000061,17.67300987,261
小山内裏公園,139.3691013,35.60296784,153.5,23.3821125,262
小山内裏公園,139.369297,35.60729519,152.8000031,13.59832478,51
小山内裏公園,139.3692981,35.60711492,159,22.42712975,55
小山内裏公園,139.3692991,35.60693465,163.8999939,14.35262966,169
小山内裏公園,139.3693002,35.60675438,166,15.88087845,111
小山内裏公園,139.3693012,35.60657411,172.8999939,14.58876228,121
小山内裏公園,139.3693022,35.60639384,175.6999969,15.0137825,166
小山内裏公園,139.3693033,35.60621357,176.6999969,12.88619232,183
小山内裏公園,139.3693043,35.6060333,176.8999939,2.356818199,136
小山内裏公園,139.3693054,35.60585302,176,13.0517025,318
小山内裏公園,139.3693064,35.60567275,173.1000061,14.31965828,342
小山内裏公園,139.3693074,35.60549248,173.3999939,13.81190205,0
小山内裏公園,139.3693085,35.60531221,172.3999939,15.26701069,340
小山内裏公園,139.3693095,35.60513194,171.1999969,13.51941776,344
小山内裏公園,139.3693106,35.60495167,170.1000061,8.436879158,292
小山内裏公園,139.3693116,35.6047714,163.3000031,14.77874756,268
小山内裏公園,139.3693126,35.60459113,160.3000031,10.16061115,312
小山内裏公園,139.3693137,35.60441086,159.6999969,22.71891975,13
小山内裏公園,139.3693147,35.60423059,161.1999969,23.9299469,10
小山内裏公園,139.3693158,35.60405032,163.8000031,23.05465508,10
小山内裏公園,139.3693168,35.60387005,165,20.35134315,34
小山内裏公園,139.3693178,35.60368978,167.8000031,2.539661884,43
小山内裏公園,139.3693189,35.6035095,168.1000061,1.054981828,19
小山内裏公園,139.3693199,35.60332923,168.1999969,0.442361057,345
小山内裏公園,139.369321,35.60314896,162.3999939,19.83100319,258
小山内裏公園,139.369322,35.60296869,155.1000061,28.05366707,263
小山内裏公園,139.3695188,35.60711577,154.1000061,22.90010071,59
小山内裏公園,139.3695199,35.6069355,163.6000061,27.12788391,53
小山内裏公園,139.3695209,35.60675523,169.3000031,13.09049129,131
小山内裏公園,139.3695219,35.60657496,175,8.200382233,100
小山内裏公園,139.369523,35.60639469,176.1000061,7.665793419,34
小山内裏公園,139.369524,35.60621442,177.1000061,7.642663002,344
小山内裏公園,139.3695251,35.60603414,175.8000031,11.94282722,338
小山内裏公園,139.3695261,35.60585387,172.1999969,19.17149162,316
小山内裏公園,139.3695271,35.6056736,168.6999969,12.950634,326
小山内裏公園,139.3695282,35.60549333,167.3000031,16.08261681,2
小山内裏公園,139.3695292,35.60531306,167.6000061,17.1573391,347
小山内裏公園,139.3695303,35.60513279,165.5,15.19418526,355
小山内裏公園,139.3695313,35.60495252,165.6999969,28.86170006,352
小山内裏公園,139.3695323,35.60477225,162.8000031,20.05244446,336
小山内裏公園,139.3695334,35.60459198,158,18.41679573,309
小山内裏公園,139.3695344,35.60441171,156.6000061,2.178728819,59
小山内裏公園,139.3695355,35.60423144,157.3999939,3.666449547,79
小山内裏公園,139.3695365,35.60405117,160.1000061,6.328007221,76
小山内裏公園,139.3695375,35.6038709,161.6999969,14.55376911,89
小山内裏公園,139.3695386,35.60369063,167.8000031,3.817062378,110
小山内裏公園,139.3695396,35.60351035,167.8999939,0.569096327,0
小山内裏公園,139.3695407,35.60333008,170,5.255166531,157
小山内裏公園,139.3695417,35.60314981,164.1000061,23.49634933,261
小山内裏公園,139.3695427,35.60296954,156.5,30.68392372,264
小山内裏公園,139.3697396,35.60711662,150.3999939,8.786211967,38
小山内裏公園,139.3697406,35.60693635,158.8000031,26.30650711,55
小山内裏公園,139.3697416,35.60675608,165.3999939,27.44391441,54
小山内裏公園,139.3697427,35.60657581,173.8000031,16.87434769,45
小山内裏公園,139.3697437,35.60639554,172.3999939,11.35324287,338
小山内裏公園,139.3697448,35.60621527,172.1999969,16.50541306,345
小山内裏公園,139.3697458,35.60603499,168.3999939,25.73080063,354
小山内裏公園,139.3697468,35.60585472,166.1000061,27.66728783,339
小山内裏公園,139.3697479,35.60567445,163.8000031,22.94010735,343
小山内裏公園,139.3697489,35.60549418,161.8000031,17.27232361,357
小山内裏公園,139.36975,35.60531391,160.6999969,25.75237274,347
小山内裏公園,139.369751,35.60513364,157.6000061,33.22803497,346
小山内裏公園,139.369752,35.60495337,156.3000031,23.25932693,358
小山内裏公園,139.3697531,35.6047731,155.1000061,7.767672062,338
小山内裏公園,139.3697541,35.60459283,155.3999939,2.019985199,78
小山内裏公園,139.3697552,35.60441256,157.8999939,24.37699699,137
小山内裏公園,139.3697562,35.60423229,163.5,17.52798653,159
小山内裏公園,139.3697572,35.60405202,165.1000061,15.01831818,159
小山内裏公園,139.3697583,35.60387175,167.8000031,10.97415257,146
小山内裏公園,139.3697593,35.60369147,167.8999939,2.01957202,336
小山内裏公園,139.3697604,35.6035112,168.3000031,7.845164299,146
小山内裏公園,139.3697614,35.60333093,169.3999939,13.29619217,3
小山内裏公園,139.3697624,35.60315066,165.5,25.69373512,267
小山内裏公園,139.3697635,35.60297039,157.3000031,30.63353539,263
小山内裏公園,139.3699613,35.6069372,153,24.75432205,57
小山内裏公園,139.3699624,35.60675693,159.6999969,24.67061234,54
小山内裏公園,139.3699634,35.60657666,167.5,27.69141388,52
小山内裏公園,139.3699645,35.60639638,169.6000061,14.30270863,296
小山内裏公園,139.3699655,35.60621611,166.1000061,14.86548233,344
小山内裏公園,139.3699665,35.60603584,161.8000031,23.77473068,299
小山内裏公園,139.3699676,35.60585557,156.3999939,18.129776,313
小山内裏公園,139.3699686,35.6056753,151.5,15.59067631,336
小山内裏公園,139.3699697,35.60549503,151.8000031,11.25637245,4
小山内裏公園,139.3699707,35.60531476,152.6999969,2.704226494,81
小山内裏公園,139.3699717,35.60513449,152.8000031,14.96517658,165
小山内裏公園,139.3699728,35.60495422,153.3999939,14.86545849,164
小山内裏公園,139.3699738,35.60477395,156.3000031,18.25217056,174
小山内裏公園,139.3699749,35.60459368,159.8999939,30.57133865,144
小山内裏公園,139.3699759,35.60441341,166.1999969,21.33052254,140
小山内裏公園,139.3699769,35.60423314,168.3999939,3.203299999,167
小山内裏公園,139.369978,35.60405287,167.6999969,1.405798316,336
小山内裏公園,139.369979,35.60387259,167.8000031,1.626060247,134
小山内裏公園,139.36998,35.60369232,168.1999969,9.227780342,291
小山内裏公園,139.3699811,35.60351205,166,24.08047485,354
小山内裏公園,139.3699821,35.60333178,160.1999969,19.22653389,11
小山内裏公園,139.3699832,35.60315151,162.1000061,21.00692177,334
小山内裏公園,139.3699842,35.60297124,157,27.92000771,317
小山内裏公園,139.3701831,35.60675777,154.1999969,25.2430954,53
小山内裏公園,139.3701842,35.6065775,161.3000031,25.68501472,53
小山内裏公園,139.3701852,35.60639723,167,12.03823566,345
小山内裏公園,139.3701862,35.60621696,162.8000031,13.32966995,324
小山内裏公園,139.3701873,35.60603669,158.1000061,31.13446045,312
小山内裏公園,139.3701883,35.60585642,150.8999939,14.76897621,337
小山内裏公園,139.3701894,35.60567615,151.1999969,5.045905113,124
小山内裏公園,139.3701904,35.60549588,154.8000031,14.48023033,153
小山内裏公園,139.3701914,35.60531561,157.6000061,19.47763062,149
小山内裏公園,139.3701925,35.60513534,160,10.92372036,145
小山内裏公園,139.3701935,35.60495507,162,13.8664341,156
小山内裏公園,139.3701945,35.6047748,163.3000031,14.63373375,177
小山内裏公園,139.3701956,35.60459453,165.6000061,17.61515999,127
小山内裏公園,139.3701966,35.60441426,167.5,1.443735957,314
小山内裏公園,139.3701977,35.60423398,167.5,2.849187613,328
小山内裏公園,139.3701987,35.60405371,166.3999939,23.22736359,17
小山内裏公園,139.3701997,35.60387344,168.5,13.85810852,351
小山内裏公園,139.3702008,35.60369317,164.8999939,24.66498756,312
小山内裏公園,139.3702018,35.6035129,158.1999969,16.81822014,318
小山内裏公園,139.3702029,35.60333263,153.1999969,20.46552277,331
小山内裏公園,139.3702039,35.60315236,152.8999939,28.11239815,343
小山内裏公園,139.3702049,35.60297209,147.8999939,10.67552853,327
小山内裏公園,139.3704039,35.60675862,149.8000031,7.99549818,41
小山内裏公園,139.3704049,35.60657835,155.6999969,24.35476685,53
小山内裏公園,139.3704059,35.60639808,156.5,26.08421326,354
小山内裏公園,139.370407,35.60621781,155.6999969,18.65816689,335
小山内裏公園,139.370408,35.60603754,151.1999969,17.42742348,289
小山内裏公園,139.3704091,35.60585727,149.8999939,12.87787342,108
小山内裏公園,139.3704101,35.605677,156.6999969,9.20412159,147
小山内裏公園,139.3704111,35.60549673,160.5,25.55916595,132
小山内裏公園,139.3704122,35.60531646,162.5,18.36921501,186
小山内裏公園,139.3704132,35.60513619,163.3000031,15.62668991,150
小山内裏公園,139.3704142,35.60495592,166.1000061,14.53930664,144
小山内裏公園,139.3704153,35.60477565,169.8999939,15.33475876,175
小山内裏公園,139.3704163,35.60459537,167.5,2.539932489,286
小山内裏公園,139.3704174,35.6044151,167.6999969,11.71394825,309
小山内裏公園,139.3704184,35.60423483,160.6000061,24.638134,309
小山内裏公園,139.3704194,35.60405456,156.8999939,17.67870903,38
小山内裏公園,139.3704205,35.60387429,161.1000061,25.64838028,340
小山内裏公園,139.3704215,35.60369402,156.8000031,24.00921631,332
小山内裏公園,139.3704226,35.60351375,154.3000031,26.36054039,328
小山内裏公園,139.3704236,35.60333348,150.3000031,6.707846165,300
小山内裏公園,139.3706256,35.6065792,149.8999939,17.44708443,49
小山内裏公園,139.3706267,35.60639893,152.3000031,10.26113605,9
小山内裏公園,139.3706277,35.60621866,149.6000061,16.80193329,338
小山内裏公園,139.3706288,35.60603839,149.3000031,1.089758396,121
小山内裏公園,139.3706298,35.60585812,152.5,24.72753334,104
小山内裏公園,139.3706308,35.60567785,159.3000031,12.09129238,115
小山内裏公園,139.3706319,35.60549758,164.5,23.17422676,92
小山内裏公園,139.3706329,35.60531731,170.3000031,20.25115395,185
小山内裏公園,139.3706339,35.60513703,169.3000031,26.56399536,160
小山内裏公園,139.370635,35.60495676,173.6999969,23.14161301,166
小山内裏公園,139.370636,35.60477649,169.6000061,25.93675804,293
小山内裏公園,139.3706371,35.60459622,167.5,1.285796762,96
小山内裏公園,139.3706381,35.60441595,166,24.33390045,270
小山内裏公園,139.3706391,35.60423568,157.3999939,17.45386887,269
小山内裏公園,139.3706402,35.60405541,154.6999969,2.82059741,343
小山内裏公園,139.3706412,35.60387514,154.3000031,12.98145008,324
小山内裏公園,139.3706423,35.60369487,152.3999939,4.476536751,287
小山内裏公園,139.3708464,35.60658005,147.6999969,4.920750618,75
小山内裏公園,139.3708474,35.60639978,148.3999939,5.823608398,357
小山内裏公園,139.3708485,35.60621951,150.1000061,24.45754433,135
小山内裏公園,139.3708495,35.60603924,155.3000031,26.10060692,161
小山内裏公園,139.3708505,35.60585896,158.5,14.38248539,146
小山内裏公園,139.3708516,35.60567869,161.5,15.15684032,133
小山内裏公園,139.3708526,35.60549842,167.3000031,23.34662056,142
小山内裏公園,139.3708537,35.60531815,174,21.19816017,111
小山内裏公園,139.3708547,35.60513788,176.6999969,0.792122543,334
小山内裏公園,139.3708557,35.60495761,175.6000061,23.19158936,317
小山内裏公園,139.3708568,35.60477734,167.3000031,2.485951662,329
小山内裏公園,139.3708578,35.60459707,166.5,22.92852211,277
小山内裏公園,139.3708588,35.6044168,158.1000061,22.81439781,345
小山内裏公園,139.3708599,35.60423653,156.3000031,14.19942951,336
小山内裏公園,139.3708609,35.60405626,155.1000061,2.019739628,219
小山内裏公園,139.3710671,35.60658089,148.6000061,15.05985737,150
小山内裏公園,139.3710682,35.60640062,149.3999939,11.80313396,171
小山内裏公園,139.3710692,35.60622035,158.5,21.90616608,129
小山内裏公園,139.3710702,35.60604008,163.8000031,19.90710258,138
小山内裏公園,139.3710713,35.60585981,167.1000061,25.544384,164
小山内裏公園,139.3710723,35.60567954,169.1000061,26.20943832,164
小山内裏公園,139.3710734,35.60549927,173.1999969,6.802321434,100
小山内裏公園,139.3710744,35.605319,176,3.777127028,53
小山内裏公園,139.3710754,35.60513873,173.8999939,24.81971931,319
小山内裏公園,139.3710765,35.60495846,167.1999969,12.32936192,325
小山内裏公園,139.3710775,35.60477819,167,3.422409296,336
小山内裏公園,139.3710785,35.60459792,162.1000061,26.31384277,313
小山内裏公園,139.3710796,35.60441765,156.1999969,6.026312828,267
小山内裏公園,139.3712879,35.60658174,152.8999939,17.59468269,104
小山内裏公園,139.3712889,35.60640147,159.8999939,25.47799683,149
小山内裏公園,139.3712899,35.6062212,165.1000061,24.54994011,137
小山内裏公園,139.371291,35.60604093,168.8999939,18.90216255,140
小山内裏公園,139.371292,35.60586066,171.8000031,5.255349636,157
小山内裏公園,139.3712931,35.60568039,171.5,7.519506931,356
小山内裏公園,139.3712941,35.60550012,170.6000061,16.29913521,348
小山内裏公園,139.3712951,35.60531985,170.8000031,18.69181824,357
小山内裏公園,139.3712962,35.60513958,167.1000061,7.19864893,315
小山内裏公園,139.3712972,35.6049593,166.6000061,7.273863792,319
小山内裏公園,139.3712982,35.60477903,161.3000031,23.90497017,319
小山内裏公園,139.3712993,35.60459876,157.8999939,2.913757324,253
小山内裏公園,139.3715086,35.60658259,150.3000031,24.60558701,76
小山内裏公園,139.3715097,35.60640232,158.6999969,24.18752289,72
小山内裏公園,139.3715107,35.60622205,168.1000061,13.31492901,45
小山内裏公園,139.3715117,35.60604178,171.8000031,8.698513031,79
小山内裏公園,139.3715128,35.6058615,171.6999969,9.959609985,291
小山内裏公園,139.3715138,35.60568123,166.1000061,23.28028679,321
小山内裏公園,139.3715148,35.60550096,164.3000031,5.374115944,72
小山内裏公園,139.3715159,35.60532069,166.8999939,2.51846838,52
小山内裏公園,139.3715169,35.60514042,166.6000061,7.389200687,295
小山内裏公園,139.3715179,35.60496015,161.6999969,12.50530815,284
小山内裏公園,139.371519,35.60477988,159.1999969,3.809018612,239
小山内裏公園,139.3717294,35.60658343,147.3000031,21.79187584,72
小山内裏公園,139.3717304,35.60640316,155.6000061,24.42833519,73
小山内裏公園,139.3717314,35.60622289,159.1999969,19.22725677,11
小山内裏公園,139.3717325,35.60604262,169,19.23247337,43
小山内裏公園,139.3717335,35.60586235,169.6999969,13.98853874,326
小山内裏公園,139.3717345,35.60568208,164.1999969,20.67474747,292
小山内裏公園,139.3717356,35.60550181,166,10.50236702,52
小山内裏公園,139.3717366,35.60532154,166.3999939,5.918895721,51
小山内裏公園,139.3717376,35.60514127,166.6000061,4.628714085,252
小山内裏公園,139.3717387,35.604961,162.3999939,21.78673363,306
小山内裏公園,139.3719501,35.60658428,145.5,10.25450897,94
小山内裏公園,139.3719511,35.60640401,153.3999939,25.61831665,86
小山内裏公園,139.3719522,35.60622374,154.8000031,13.56595135,334
小山内裏公園,139.3719532,35.60604347,160.3999939,25.42134666,11
小山内裏公園,139.3719542,35.6058632,162.1999969,24.39017105,355
小山内裏公園,139.3719553,35.60568292,156.8000031,11.35752106,336
小山内裏公園,139.3719563,35.60550265,159.8999939,17.77498055,16
小山内裏公園,139.3719573,35.60532238,162.6999969,22.31853294,57
小山内裏公園,139.3719584,35.60514211,166.6999969,0.376507491,292
小山内裏公園,139.3721708,35.60658512,145.6000061,12.50160503,94
小山内裏公園,139.3721719,35.60640485,151.6999969,23.39202881,7
小山内裏公園,139.3721729,35.60622458,149.8999939,18.75679588,48
小山内裏公園,139.3721739,35.60604431,154.6999969,23.93334198,15
小山内裏公園,139.372175,35.60586404,155.8999939,23.5698967,355
小山内裏公園,139.372176,35.60568377,154.1999969,12.27840805,7
小山内裏公園,139.3721771,35.6055035,156.6000061,8.779439926,94
小山内裏公園,139.3721781,35.60532323,159.6000061,5.901229382,110
小山内裏公園,139.3723916,35.60658597,145.6000061,1.722558856,188
小山内裏公園,139.3723926,35.6064057,145.8999939,2.098486185,70
小山内裏公園,139.3723937,35.60622543,147,3.224820375,69
小山内裏公園,139.3723947,35.60604516,148.5,4.892644882,59
小山内裏公園,139.3723957,35.60586489,149.5,5.20539999,51
小山内裏公園,139.3723968,35.60568461,150.8000031,12.7008543,111
小山内裏公園,139.3723978,35.60550434,155.8000031,23.49925423,125
小山内裏公園,139.3723988,35.60532407,160.1000061,4.008136749,120
小山内裏公園,139.3723999,35.6051438,161.3999939,8.427139282,142
小山内裏公園,139.3726113,35.60676708,148.6999969,18.87997818,122
小山内裏公園,139.3726123,35.60658681,151.3999939,25.71176338,174
小山内裏公園,139.3726134,35.60640654,151,24.62379074,159
小山内裏公園,139.3726144,35.60622627,153.6000061,23.01885223,182
小山内裏公園,139.3726154,35.606046,152.1999969,24.35146713,168
小山内裏公園,139.3726165,35.60586573,153.1000061,19.4967041,202
小山内裏公園,139.3726175,35.60568546,151.3000031,7.705773354,98
小山内裏公園,139.3726185,35.60550519,156.8999939,23.95942688,46
小山内裏公園,139.3726196,35.60532492,161.6999969,9.323508263,142
小山内裏公園,139.3726206,35.60514465,164,20.49806786,148
小山内裏公園,139.3726216,35.60496438,169.1000061,27.40524292,204
小山内裏公園,139.372831,35.6069482,149.8000031,24.69808578,157
小山内裏公園,139.372832,35.60676793,149.5,22.03827667,136
小山内裏公園,139.3728331,35.60658766,154.3000031,15.48288345,99
小山内裏公園,139.3728341,35.60640739,159.6999969,19.18422699,158
小山内裏公園,139.3728351,35.60622711,159.5,18.54065895,182
小山内裏公園,139.3728362,35.60604684,161.1000061,25.84186745,170
小山内裏公園,139.3728372,35.60586657,160.3000031,17.64095306,206
小山内裏公園,139.3728382,35.6056863,153.6999969,19.96110916,211
小山内裏公園,139.3728393,35.60550603,154.6999969,9.456041336,128
小山内裏公園,139.3728403,35.60532576,160.3000031,12.08932686,40
小山内裏公園,139.3728413,35.60514549,164.8000031,23.03650856,43
小山内裏公園,139.3728424,35.60496522,172,14.48177719,119
小山内裏公園,139.3728434,35.60478495,171.6000061,18.87123299,216
小山内裏公園,139.3730517,35.60694904,154.3000031,21.13272667,103
小山内裏公園,139.3730528,35.60676877,155.3999939,18.17518425,196
小山内裏公園,139.3730538,35.6065885,156.6000061,17.43947601,129
小山内裏公園,139.3730548,35.60640823,162.6000061,11.7197628,131
小山内裏公園,139.3730559,35.60622796,164.6999969,5.777872086,123
小山内裏公園,139.3730569,35.60604769,166.3999939,17.82623863,169
小山内裏公園,139.3730579,35.60586742,164.3000031,17.81484032,235
小山内裏公園,139.373059,35.60568715,160.1000061,18.58789825,229
小山内裏公園,139.37306,35.60550687,157.6999969,8.57426548,163
小山内裏公園,139.373061,35.6053266,159.8999939,9.917443275,115
小山内裏公園,139.3730621,35.60514633,165.6999969,24.17481995,107
小山内裏公園,139.3730631,35.60496606,172.1999969,13.63782406,30
小山内裏公園,139.3730641,35.60478579,170.6000061,15.01839638,336
小山内裏公園,139.3730652,35.60460552,167.3999939,22.03248024,339
小山内裏公園,139.3732725,35.60694988,154.3000031,23.47179985,88
小山内裏公園,139.3732735,35.60676961,160.8999939,9.102100372,231
小山内裏公園,139.3732746,35.60658934,160.5,4.901082039,97
小山内裏公園,139.3732756,35.60640907,161.8000031,9.756386757,11
小山内裏公園,139.3732766,35.6062288,163.3999939,16.69022751,56
小山内裏公園,139.3732777,35.60604853,169,5.901219845,110
小山内裏公園,139.3732787,35.60586826,168,12.0655899,233
小山内裏公園,139.3732797,35.60568799,164.5,16.41389847,217
小山内裏公園,139.3732807,35.60550772,159.8999939,12.29720879,199
小山内裏公園,139.3732818,35.60532745,162.5,18.58038139,130
小山内裏公園,139.3732828,35.60514718,169.3999939,13.87198544,151
小山内裏公園,139.3732838,35.60496691,168.1999969,18.80654335,256
小山内裏公園,139.3732849,35.60478663,165.1999969,2.80E-05,219
小山内裏公園,139.3732859,35.60460636,165.3999939,0.442361057,165
小山内裏公園,139.3734932,35.60695073,154.1999969,24.34170723,88
小山内裏公園,139.3734943,35.60677046,157.5,20.00991821,11
小山内裏公園,139.3734953,35.60659019,155.6000061,23.84511757,354
小山内裏公園,139.3734963,35.60640991,157.1000061,11.62854862,44
小山内裏公園,139.3734974,35.60622964,161.1999969,18.94968987,77
小山内裏公園,139.3734984,35.60604937,167,8.813136101,44
小山内裏公園,139.3734994,35.6058691,167.8999939,5.035138607,133
小山内裏公園,139.3735005,35.60568883,170.1999969,12.35940456,176
小山内裏公園,139.3735015,35.60550856,168.1999969,28.21299171,203
小山内裏公園,139.3735025,35.60532829,170.1000061,24.44781113,140
小山内裏公園,139.3735036,35.60514802,171.1000061,2.843749762,258
小山内裏公園,139.3735046,35.60496775,167.8000031,18.49326515,295
小山内裏公園,139.3735056,35.60478748,165,0.918385625,39
小山内裏公園,139.3735066,35.60460721,165.3000031,3.613478184,315
小山内裏公園,139.373714,35.60695157,152.1999969,15.95535469,27
小山内裏公園,139.373715,35.6067713,148.3999939,18.5355854,1
小山内裏公園,139.373716,35.60659103,149.3999939,15.18840408,35
小山内裏公園,139.3737171,35.60641076,154.3999939,24.68703079,30
小山内裏公園,139.3737181,35.60623049,158,17.53763199,28
小山内裏公園,139.3737191,35.60605021,160.8999939,12.55486488,42
小山内裏公園,139.3737202,35.60586994,166,20.70954704,64
小山内裏公園,139.3737212,35.60568967,172.1999969,10.83193207,100
小山内裏公園,139.3737222,35.6055094,173.5,6.239723682,182
小山内裏公園,139.3737233,35.60532913,172.6000061,6.098149776,229
小山内裏公園,139.3737243,35.60514886,170.3000031,13.33315563,303
小山内裏公園,139.3737253,35.60496859,165.8000031,15.00072575,304
小山内裏公園,139.3737264,35.60478832,164.6000061,1.881520152,34
小山内裏公園,139.3737274,35.60460805,162.8999939,12.74766159,308
小山内裏公園,139.3739347,35.60695241,147.1999969,0.825620949,100
小山内裏公園,139.3739358,35.60677214,148.5,14.89591026,146
小山内裏公園,139.3739368,35.60659187,152.3999939,25.49779892,179
小山内裏公園,139.3739378,35.6064116,151.3000031,16.06388092,169
小山内裏公園,139.3739388,35.60623133,153.8000031,13.69874573,136
小山内裏公園,139.3739399,35.60605106,159.6999969,7.436041355,114
小山内裏公園,139.3739409,35.60587079,163.3999939,13.46020412,89
小山内裏公園,139.3739419,35.60569052,169.1000061,18.77129745,67
小山内裏公園,139.373943,35.60551024,173.8000031,9.102100372,51
小山内裏公園,139.373944,35.60532997,172.1999969,11.87124443,300
小山内裏公園,139.373945,35.6051497,166.1000061,22.87890053,305
小山内裏公園,139.3739461,35.60496943,163.6999969,2.275212765,360
小山内裏公園,139.3739471,35.60478916,164.1000061,2.600929976,10
小山内裏公園,139.3739481,35.60460889,160.6000061,5.292992115,345
小山内裏公園,139.3741565,35.60677298,152.1999969,13.5050106,99
小山内裏公園,139.3741575,35.60659271,156.6000061,13.21389484,97
小山内裏公園,139.3741586,35.60641244,159.3999939,14.35077572,181
小山内裏公園,139.3741596,35.60623217,159.1999969,11.02744675,161
小山内裏公園,139.3741606,35.6060519,163,14.3255806,143
小山内裏公園,139.3741616,35.60587163,165.1999969,14.06648064,144
小山内裏公園,139.3741627,35.60569136,168.6000061,15.81598282,120
小山内裏公園,139.3741637,35.60551109,171.3999939,4.440068722,37
小山内裏公園,139.3741647,35.60533081,168.3999939,20.12014771,319
小山内裏公園,139.3741658,35.60515054,163.1000061,7.349906921,312
小山内裏公園,139.3741668,35.60497027,163.1999969,1.943165541,29
小山内裏公園,139.3741678,35.60479,161.8000031,18.78476524,313
小山内裏公園,139.3743772,35.60677382,150.3000031,25.04993629,86
小山内裏公園,139.3743783,35.60659355,159.1999969,19.61070633,107
小山内裏公園,139.3743793,35.60641328,164.1000061,16.60256195,141
小山内裏公園,139.3743803,35.60623301,165.1000061,17.89213753,181
小山内裏公園,139.3743814,35.60605274,168.1000061,15.72235489,140
小山内裏公園,139.3743824,35.60587247,170.1999969,7.965400219,138
小山内裏公園,139.3743834,35.6056922,171.1999969,1.161560178,168
小山内裏公園,139.3743844,35.60551193,170.1000061,8.251454353,304
小山内裏公園,139.3743855,35.60533166,164,22.56674385,299
小山内裏公園,139.3743865,35.60515138,162.5,1.496448994,18
小山内裏公園,139.3743875,35.60497111,162.1999969,15.77842045,324
小山内裏公園,139.374598,35.60677466,151.6000061,23.10187149,70
小山内裏公園,139.374599,35.60659439,158.8000031,25.36096382,57
小山内裏公園,139.3746,35.60641412,165,19.81891632,61
小山内裏公園,139.3746011,35.60623385,167,4.920047283,333
小山内裏公園,139.3746021,35.60605358,167.6000061,13.43150806,52
小山内裏公園,139.3746031,35.60587331,170.1999969,6.801078796,2
小山内裏公園,139.3746042,35.60569304,168.8000031,19.40453148,323
小山内裏公園,139.3746052,35.60551277,164.8999939,28.20968819,346
小山内裏公園,139.3746062,35.6053325,161.6999969,3.599407911,335
小山内裏公園,139.3746072,35.60515223,160.8000031,16.00162125,319
小山内裏公園,139.3748177,35.60695577,148.8000031,8.652869225,59
小山内裏公園,139.3748187,35.6067755,148.8999939,2.703986645,47
小山内裏公園,139.3748198,35.60659523,153.3999939,26.39789581,51
小山内裏公園,139.3748208,35.60641496,160.5,26.85695457,54
小山内裏公園,139.3748218,35.60623469,164.3000031,11.45236778,325
小山内裏公園,139.3748228,35.60605442,163,13.97900009,15
小山内裏公園,139.3748239,35.60587415,165.8999939,20.12078094,8
小山内裏公園,139.3748249,35.60569388,164.3000031,21.80542755,318
小山内裏公園,139.3748259,35.60551361,156.5,7.274333954,299
小山内裏公園,139.374827,35.60533334,157.6999969,14.34860802,45
小山内裏公園,139.3750384,35.60695661,145.3999939,18.1499958,60
小山内裏公園,139.3750395,35.60677634,148.6999969,0.918354094,321
小山内裏公園,139.3750405,35.60659607,148.5,6.658480644,45
小山内裏公園,139.3750415,35.6064158,154.3000031,27.14684677,54
小山内裏公園,139.3750426,35.60623553,159.8999939,21.17631531,1
小山内裏公園,139.3750436,35.60605526,159.3000031,19.29938889,359
小山内裏公園,139.3750446,35.60587499,155.6999969,28.55784035,348
小山内裏公園,139.3750456,35.60569472,156.8000031,22.81944275,4
小山内裏公園,139.3750467,35.60551445,154.5,9.479711533,355
小山内裏公園,139.3752602,35.60677718,148.5,3.246542215,55
小山内裏公園,139.3752612,35.60659691,148.3999939,0.569034815,360
小山内裏公園,139.3752623,35.60641664,148.6000061,14.48855495,46
長沼公園,139.3646327,35.63932094,113.2099991,27.96558762,340
長沼公園,139.3646337,35.63914067,113.1100006,34.663414,22
長沼公園,139.3646348,35.6389604,115.8099976,23.85501671,12
長沼公園,139.3646358,35.63878013,122.8099976,39.35681152,27
長沼公園,139.364844,35.64094423,103.5100021,32.61434174,30
長沼公園,139.3648525,35.63950207,118.9100037,31.81848526,282
長沼公園,139.3648535,35.6393218,107.5100021,9.588175774,0
長沼公園,139.3648546,35.63914153,109.4100037,8.009847641,118
長沼公園,139.3648556,35.63896126,112.5100021,20.83238411,137
長沼公園,139.3648567,35.63878099,116.2099991,20.24802017,124
長沼公園,139.3648577,35.63860072,126.9100037,31.10099983,135
長沼公園,139.3648619,35.63787965,128.0099945,32.12910461,295
長沼公園,139.364863,35.63769938,124.3099976,17.32091522,26
長沼公園,139.3650659,35.64076482,104.8099976,33.65063095,26
長沼公園,139.3650712,35.63986347,108.1100006,27.71278,4
長沼公園,139.3650722,35.6396832,113.3099976,39.94720078,355
長沼公園,139.3650754,35.63914239,110.1100006,32.13815308,62
長沼公園,139.3650764,35.63896212,119.8099976,32.0324173,84
長沼公園,139.3650775,35.63878185,127.4100037,33.73783493,166
長沼公園,139.3650817,35.63806077,121.5100021,31.76703453,318
長沼公園,139.3650828,35.6378805,124.2099991,30.14853287,317
長沼公園,139.3650838,35.63770023,120.4100037,21.11247253,63
長沼公園,139.3650849,35.63751997,125.7099991,17.2868557,53
長沼公園,139.3650901,35.63661862,133.9100037,12.03217125,21
長沼公園,139.3650912,35.63643835,136.5099945,15.04167557,105
長沼公園,139.3650922,35.63625808,142.4100037,13.37614536,98
長沼公園,139.3650933,35.63607781,145.5099945,13.16742134,62
長沼公園,139.3652878,35.64058541,102.8099976,32.97119141,38
長沼公園,139.3652889,35.64040514,111.8099976,32.36391068,38
長沼公園,139.365291,35.6400446,101.1100006,27.56697083,335
長沼公園,139.365292,35.63986433,100.3099976,18.48252296,338
長沼公園,139.3652962,35.63914325,104.3099976,35.0326767,84
長沼公園,139.3652973,35.63896298,117.2099991,37.26556778,20
長沼公園,139.3652983,35.63878271,124.1100006,37.14239883,49
長沼公園,139.3652994,35.63860244,132.7100067,5.564860821,52
長沼公園,139.3653015,35.6382419,121.5100021,43.03635025,319
長沼公園,139.3653025,35.63806163,111.9100037,37.68244934,327
長沼公園,139.3653036,35.63788136,108.0100021,21.00998306,69
長沼公園,139.3653046,35.63770109,116.5100021,12.74842834,67
長沼公園,139.3653057,35.63752082,120.6100006,20.29421806,30
長沼公園,139.3653099,35.63679974,129.0099945,19.07724953,127
長沼公園,139.3653109,35.63661948,136.4100037,26.86460686,120
長沼公園,139.365312,35.63643921,145.8099976,31.62652397,153
長沼公園,139.365313,35.63625894,146.9100037,24.67991257,154
長沼公園,139.3653141,35.63607867,152.4100037,40.6771698,164
長沼公園,139.3653151,35.6358984,154.4100037,45.92653275,173
長沼公園,139.3653162,35.63571813,156.7100067,34.75001526,177
長沼公園,139.3653172,35.63553786,161.4100037,19.95257568,135
長沼公園,139.3653183,35.63535759,167.4100037,25.29530144,134
長沼公園,139.3653193,35.63517732,173.8099976,26.69241524,128
長沼公園,139.3655097,35.640406,100.0100021,18.67100906,32
長沼公園,139.365516,35.63932438,97.80999756,6.403277874,73
長沼公園,139.3655171,35.63914411,100.4100037,17.94168091,53
長沼公園,139.3655181,35.63896384,109.9100037,33.5418663,51
長沼公園,139.3655192,35.63878357,118.1100006,35.20973206,8
長沼公園,139.3655202,35.6386033,123.9100037,38.73860931,17
長沼公園,139.3655213,35.63842303,119.1100006,45.97624207,307
長沼公園,139.3655223,35.63824276,105.9100037,33.27672195,334
長沼公園,139.3655234,35.63806249,107.0100021,22.83167648,129
長沼公園,139.3655244,35.63788222,120.4100037,35.85298538,137
長沼公園,139.3655255,35.63770195,123.5100021,38.04416656,160
長沼公園,139.3655265,35.63752168,122.6100006,16.48447227,203
長沼公園,139.3655276,35.63734141,123.3099976,15.5810957,146
長沼公園,139.3655286,35.63716114,126.3099976,21.66292381,149
長沼公園,139.3655297,35.63698087,129.3099976,20.53118134,167
長沼公園,139.3655307,35.6368006,132.4100037,22.39321709,88
長沼公園,139.3655318,35.63662033,142.3099976,23.80667114,80
長沼公園,139.3655328,35.63644006,160.6100006,37.8331604,115
長沼公園,139.3655339,35.63625979,162.1100006,31.80916977,169
長沼公園,139.3655349,35.63607952,166.2100067,26.98564911,144
長沼公園,139.365536,35.63589925,170.4100037,1.285765648,96
長沼公園,139.365537,35.63571898,171.9100037,2.322533131,90
長沼公園,139.3655381,35.63553871,172.8099976,2.020277023,156
長沼公園,139.3655391,35.63535845,175.0099945,21.75270271,51
長沼公園,139.3655402,35.63517818,181.4100037,14.47922421,69
長沼公園,139.3655433,35.63463737,163,25.07563019,17
長沼公園,139.3657368,35.63932524,103.0100021,42.58849716,200
長沼公園,139.3657379,35.63914497,98.61000061,13.11720467,211
長沼公園,139.3657389,35.6389647,99.51000214,16.59494019,34
長沼公園,139.36574,35.63878443,101.0100021,26.42295074,1
長沼公園,139.365741,35.63860416,111.0100021,41.96452332,353
長沼公園,139.3657421,35.63842389,104.3099976,20.44566154,348
長沼公園,139.3657431,35.63824362,107.7099991,28.60974503,101
長沼公園,139.3657442,35.63806335,119.2099991,31.16086006,117
長沼公園,139.3657452,35.63788308,131.7100067,38.15856171,135
長沼公園,139.3657463,35.63770281,138.7100067,32.92671585,155
長沼公園,139.3657473,35.63752254,134.8099976,38.96626663,197
長沼公園,139.3657484,35.63734227,130.8099976,33.46195984,185
長沼公園,139.3657494,35.637162,137.1100006,33.68574905,154
長沼公園,139.3657505,35.63698173,139.6100006,31.89576912,184
長沼公園,139.3657515,35.63680146,138.8099976,31.45589256,183
長沼公園,139.3657526,35.63662119,142.3099976,20.50056839,129
長沼公園,139.3657536,35.63644092,153.3099976,37.68744659,86
長沼公園,139.3657547,35.63626065,164.8099976,11.5477457,49
長沼公園,139.3657557,35.63608038,163.2100067,27.2226162,6
長沼公園,139.3657568,35.63590011,162.9100037,28.07980156,326
長沼公園,139.3657578,35.63571984,160.3099976,45.50964737,16
長沼公園,139.3657589,35.63553957,158.1100006,43.02662659,356
長沼公園,139.3657599,35.6353593,167.3099976,37.64538574,60
長沼公園,139.365761,35.63517903,178.8099976,25.8270359,75
長沼公園,139.3657631,35.63481849,165.1999969,30.01942253,277
長沼公園,139.3657641,35.63463822,161,4.312015057,264
長沼公園,139.3659545,35.6398669,107.4100037,34.55930328,119
長沼公園,139.3659556,35.63968663,111.5100021,23.28428841,3
長沼公園,139.3659566,35.63950636,110.3099976,36.98069382,5
長沼公園,139.3659577,35.63932609,112.9100037,23.74658775,253
長沼公園,139.3659587,35.63914582,102.8099976,17.62504768,234
長沼公園,139.3659598,35.63896555,100.1100006,10.80109978,34
長沼公園,139.3659608,35.63878528,102.4100037,8.459305763,75
長沼公園,139.3659619,35.63860501,103.9100037,12.33782864,142
長沼公園,139.3659629,35.63842474,106.3099976,23.46389389,145
長沼公園,139.365964,35.63824447,111.5100021,25.38260078,152
長沼公園,139.365965,35.6380642,116.2099991,20.66761971,89
長沼公園,139.3659661,35.63788394,126.2099991,30.46033287,90
長沼公園,139.3659671,35.63770367,139.8099976,32.94532776,83
長沼公園,139.3659682,35.6375234,145.2100067,12.04262352,345
長沼公園,139.3659692,35.63734313,145.0099945,18.67882919,178
長沼公園,139.3659703,35.63716286,146.4100037,23.1536808,137
長沼公園,139.3659713,35.63698259,150.4100037,9.402469635,22
長沼公園,139.3659724,35.63680232,150.4100037,13.75078487,33
長沼公園,139.3659734,35.63662205,154.1100006,22.11697769,165
長沼公園,139.3659745,35.63644178,159.2100067,15.98503208,87
長沼公園,139.3659755,35.63626151,162.9100037,20.12646484,329
長沼公園,139.3659766,35.63608124,154.0099945,43.1190834,314
長沼公園,139.3659776,35.63590097,144.1100006,31.17997742,346
長沼公園,139.3659787,35.6357207,146.0099945,20.35066414,49
長沼公園,139.3659797,35.63554043,154.4100037,33.74768448,104
長沼公園,139.3659808,35.63536016,167.6100006,31.26622009,93
長沼公園,139.3659818,35.63517989,176.2100067,21.77226257,30
長沼公園,139.3659829,35.63499962,177.1100006,19.10902023,247
長沼公園,139.3659839,35.63481935,166.3999939,23.07491875,194
長沼公園,139.365985,35.63463908,167.3000031,23.30433273,217
長沼公園,139.3661754,35.63986776,100.2099991,28.73784256,26
長沼公園,139.3661764,35.63968749,99.20999908,22.4844799,350
長沼公園,139.3661775,35.63950722,100.7099991,24.41708374,36
長沼公園,139.3661785,35.63932695,109.2099991,33.41444016,85
長沼公園,139.3661796,35.63914668,109.6100006,39.18764496,215
長沼公園,139.3661806,35.63896641,103.0100021,12.48516369,213
長沼公園,139.3661817,35.63878614,99.41000366,10.10340309,60
長沼公園,139.3661827,35.63860587,107.8099976,34.58266449,37
長沼公園,139.3661838,35.6384256,111.1100006,34.96762085,11
長沼公園,139.3661848,35.63824533,115.2099991,36.23244476,27
長沼公園,139.3661858,35.63806506,121.4100037,28.59605789,4
長沼公園,139.3661869,35.63788479,123.0100021,38.95512009,11
長沼公園,139.3661879,35.63770452,132.7100067,33.64254379,43
長沼公園,139.366189,35.63752425,133.4100037,28.40221405,355
長沼公園,139.36619,35.63734398,136.6100006,35.00867462,19
長沼公園,139.3661911,35.63716371,138.6100006,33.86097717,348
長沼公園,139.3661921,35.63698344,136.2100067,39.06014633,356
長沼公園,139.3661932,35.63680317,138.2100067,28.08355904,59
長沼公園,139.3661942,35.6366229,150.4100037,25.42875481,55
長沼公園,139.3661953,35.63644263,151.4100037,31.12770462,332
長沼公園,139.3661963,35.63626236,144.0099945,40.11920929,2
長沼公園,139.3661974,35.63608209,140.6100006,35.36806488,314
長沼公園,139.3661984,35.63590183,136.6100006,20.1339283,30
長沼公園,139.3661995,35.63572156,148.0099945,16.88448334,101
長沼公園,139.3662005,35.63554129,154.2100067,44.35447311,20
長沼公園,139.3662016,35.63536102,157.1100006,44.323246,22
長沼公園,139.3662026,35.63518075,162.9100037,46.43000031,358
長沼公園,139.3662037,35.63500048,164.6100006,38.68939972,32
長沼公園,139.3662047,35.63482021,176.5099945,0.637641907,280
長沼公園,139.3662058,35.63463994,170.3999939,24.91247559,271
長沼公園,139.3662068,35.63445967,159.8999939,19.14008904,256
長沼公園,139.3662079,35.6342794,158.5,22.82087898,214
長沼公園,139.3663941,35.64022915,93.01000214,10.89897728,56
長沼公園,139.3663951,35.64004888,93.61000061,10.41911888,10
長沼公園,139.3663962,35.63986861,94.80999756,2.70482254,358
長沼公園,139.3663972,35.63968834,95.91000366,9.759264946,139
長沼公園,139.3663983,35.63950807,98.80999756,16.36132622,177
長沼公園,139.3663993,35.6393278,103.5100021,25.83405876,76
長沼公園,139.3664004,35.63914754,113.3099976,28.76809502,84
長沼公園,139.3664014,35.63896727,109.9100037,30.60160065,234
長沼公園,139.3664025,35.638787,105.5100021,21.17498016,171
長沼公園,139.3664035,35.63860673,105.5100021,31.19927406,189
長沼公園,139.3664046,35.63842646,105.2099991,21.09136772,177
長沼公園,139.3664056,35.63824619,104.7099991,14.93989658,39
長沼公園,139.3664067,35.63806592,104.7099991,18.61024475,18
長沼公園,139.3664077,35.63788565,115.8099976,31.49473572,51
長沼公園,139.3664088,35.63770538,121.1100006,35.76653671,355
長沼公園,139.3664098,35.63752511,119.8099976,30.38589859,25
長沼公園,139.3664109,35.63734484,122.2099991,36.33442307,359
長沼公園,139.3664119,35.63716457,123.9100037,36.26060104,346
長沼公園,139.366413,35.6369843,126.0100021,30.50745964,81
長沼公園,139.366414,35.63680403,139.0099945,31.62715912,67
長沼公園,139.3664151,35.63662376,143.7100067,31.02843666,343
長沼公園,139.3664161,35.63644349,138.4100037,36.39298248,335
長沼公園,139.3664172,35.63626322,132.2100067,34.5576973,340
長沼公園,139.3664182,35.63608295,129.0099945,37.53227234,346
長沼公園,139.3664193,35.63590268,131.8099976,33.08877182,39
長沼公園,139.3664203,35.63572241,138.6100006,22.86761475,47
長沼公園,139.3664214,35.63554214,143.7100067,18.84764099,45
長沼公園,139.3664224,35.63536187,148.8099976,16.80001068,48
長沼公園,139.3664235,35.6351816,156.2100067,34.64800262,124
長沼公園,139.3664245,35.63500133,167.5099945,37.79315948,142
長沼公園,139.3664256,35.63482106,176.0099945,5.067203999,304
長沼公園,139.3664266,35.63464079,172.1999969,16.88784027,303
長沼公園,139.3664276,35.63446052,167.1999969,19.4006691,312
長沼公園,139.3664287,35.63428025,162,20.58532143,293
長沼公園,139.3664297,35.63409998,153.3000031,22.90247154,247
長沼公園,139.366616,35.64004974,99.80999756,17.66098213,90
長沼公園,139.366617,35.63986947,99.41000366,33.43309784,161
長沼公園,139.3666181,35.6396892,105.8099976,31.98681259,144
長沼公園,139.3666191,35.63950893,107.0100021,41.59214783,234
長沼公園,139.3666202,35.63932866,97.30999756,4.996494293,65
長沼公園,139.3666212,35.63914839,105.2099991,36.39126205,44
長沼公園,139.3666223,35.63896812,113.6100006,33.48887253,65
長沼公園,139.3666233,35.63878785,118.8099976,38.36968613,184
長沼公園,139.3666244,35.63860758,122.0100021,39.24916077,192
長沼公園,139.3666254,35.63842731,120.0100021,31.51207352,195
長沼公園,139.3666265,35.63824704,113.8099976,37.98371124,193
長沼公園,139.3666275,35.63806677,117.5100021,38.32435608,194
長沼公園,139.3666286,35.6378865,105.9100037,4.67056036,152
長沼公園,139.3666296,35.63770623,106.7099991,5.441524506,107
長沼公園,139.3666307,35.63752596,112.3099976,1.516797304,85
長沼公園,139.3666317,35.63734569,112.4100037,1.74813056,95
長沼公園,139.3666327,35.63716542,114.4100037,16.52462959,45
長沼公園,139.3666338,35.63698516,121.8099976,33.70317841,39
長沼公園,139.3666348,35.63680489,128.7100067,37.71433258,31
長沼公園,139.3666359,35.63662462,130.2100067,40.06355286,334
長沼公園,139.3666369,35.63644435,126.1100006,29.12361717,329
長沼公園,139.366638,35.63626408,122.8099976,7.600875378,70
長沼公園,139.366639,35.63608381,134.2100067,35.83433533,108
長沼公園,139.3666401,35.63590354,140.6100006,30.08025742,178
長沼公園,139.3666411,35.63572327,140.7100067,32.12893677,173
長沼公園,139.3666422,35.635543,145.9100037,25.45032692,165
長沼公園,139.3666432,35.63536273,149.3099976,22.75905228,134
長沼公園,139.3666443,35.63518246,155.5099945,31.1323967,54
長沼公園,139.3666453,35.63500219,166.6100006,37.48527908,49
長沼公園,139.3666464,35.63482192,172.1100006,26.32660103,270
長沼公園,139.3666474,35.63464165,163.8000031,19.26080704,301
長沼公園,139.3666485,35.63446138,160.3999939,18.13156128,318
長沼公園,139.3666495,35.63428111,156.8000031,10.80612946,295
長沼公園,139.3666506,35.63410084,153.6000061,14.66409302,210
長沼公園,139.3666516,35.63392057,151,15.79997253,213
長沼公園,139.3668368,35.64005059,96.70999908,29.92501259,99
長沼公園,139.3668379,35.63987033,109.1100006,33.83739471,93
長沼公園,139.3668389,35.63969006,116.4100037,15.05835247,162
長沼公園,139.36684,35.63950979,112.3099976,35.00664139,247
長沼公園,139.366841,35.63932952,104.1100006,21.19939804,252
長沼公園,139.366842,35.63914925,102.2099991,29.57312584,105
長沼公園,139.3668431,35.63896898,112.1100006,31.07745743,88
長沼公園,139.3668441,35.63878871,125.1100006,28.70038605,71
長沼公園,139.3668452,35.63860844,131.4100037,8.581112862,49
長沼公園,139.3668462,35.63842817,132.9100037,16.99115944,180
長沼公園,139.3668473,35.6382479,128.2100067,33.38600159,186
長沼公園,139.3668483,35.63806763,131.4100037,39.41454315,206
長沼公園,139.3668494,35.63788736,116.8099976,36.8873558,192
長沼公園,139.3668504,35.63770709,117.0100021,28.40234566,142
長沼公園,139.3668515,35.63752682,121.5100021,38.39580154,193
長沼公園,139.3668525,35.63734655,124.1100006,32.97276306,159
長沼公園,139.3668536,35.63716628,123.0100021,43.16474915,218
長沼公園,139.3668546,35.63698601,116.1100006,25.08846855,195
長沼公園,139.3668557,35.63680574,113.8099976,19.15656853,120
長沼公園,139.3668567,35.63662547,119.2099991,7.602195263,156
長沼公園,139.3668578,35.6364452,120.0100021,3.852172136,96
長沼公園,139.3668588,35.63626493,132.7100067,38.28166962,74
長沼公園,139.3668599,35.63608466,144.0099945,21.58646393,122
長沼公園,139.3668609,35.63590439,151.8099976,24.96250343,86
長沼公園,139.366862,35.63572412,159.5099945,30.91322136,146
長沼公園,139.366863,35.63554385,161.7100067,34.98423004,174
長沼公園,139.366864,35.63536358,161.7100067,41.17276382,170
長沼公園,139.3668651,35.63518331,165.0099945,42.75030899,173
長沼公園,139.3668661,35.63500304,168.6100006,33.56826782,153
長沼公園,139.3668672,35.63482277,170.8099976,28.64291763,273
長沼公園,139.3668682,35.6346425,162.8999939,12.97562313,244
長沼公園,139.3668693,35.63446223,160.5,15.82603645,215
長沼公園,139.3668703,35.63428196,159.1999969,19.35359001,176
長沼公園,139.3668714,35.63410169,158.6000061,11.1848793,241
長沼公園,139.3668724,35.63392142,156,15.51093483,201
長沼公園,139.3668735,35.63374116,150.5,21.76073837,285
長沼公園,139.3670576,35.64005145,96.41000366,31.19408989,96
長沼公園,139.3670587,35.63987118,107.5100021,28.17051315,102
長沼公園,139.3670597,35.63969091,120.0100021,33.6462822,104
長沼公園,139.3670608,35.63951064,122.5100021,27.19193459,212
長沼公園,139.3670618,35.63933037,108.0100021,40.60115814,237
長沼公園,139.3670629,35.6391501,100.2099991,24.3252964,78
長沼公園,139.3670639,35.63896983,109.3099976,26.88591194,55
長沼公園,139.367065,35.63878956,119.6100006,26.93501091,42
長沼公園,139.367066,35.63860929,124.8099976,19.79294586,18
長沼公園,139.3670671,35.63842902,129.3099976,26.12389183,44
長沼公園,139.3670681,35.63824875,134.9100037,25.11610413,8
長沼公園,139.3670692,35.63806848,137.6100006,21.88161469,15
長沼公園,139.3670702,35.63788821,134.5099945,22.68227577,187
長沼公園,139.3670713,35.63770794,129.4100037,41.26620102,185
長沼公園,139.3670723,35.63752767,136.1100006,34.27510071,151
長沼公園,139.3670734,35.6373474,135.8099976,39.72962189,161
長沼公園,139.3670744,35.63716714,139.5099945,32.77163696,216
長沼公園,139.3670754,35.63698687,125.8099976,36.77364349,186
長沼公園,139.3670765,35.6368066,128.4100037,34.3617897,170
長沼公園,139.3670775,35.63662633,128.3099976,30.63979912,176
長沼公園,139.3670786,35.63644606,135.5099945,34.5650177,177
長沼公園,139.3670796,35.63626579,122.9100037,12.74852848,120
長沼公園,139.3670807,35.63608552,134.8099976,38.24322128,44
長沼公園,139.3670817,35.63590525,138.2100067,33.15996933,14
長沼公園,139.3670828,35.63572498,145.6100006,45.93667221,79
長沼公園,139.3670838,35.63554471,164.2100067,30.46345329,12
長沼公園,139.3670849,35.63536444,163.1100006,35.80993652,10
長沼公園,139.3670859,35.63518417,170.9100037,31.0628643,38
長沼公園,139.367087,35.6350039,174.1100006,29.19503593,29
長沼公園,139.367088,35.63482363,175.9100037,10.97419739,222
長沼公園,139.3670891,35.63464336,171.0099945,23.0727253,206
長沼公園,139.3670901,35.63446309,168.1999969,20.95775414,198
長沼公園,139.3670912,35.63428282,165.6000061,11.74045563,289
長沼公園,139.3670922,35.63410255,159.1000061,23.75320053,297
長沼公園,139.3670953,35.63356174,147.6000061,13.75034904,147
長沼公園,139.3670964,35.63338147,146.1999969,12.9408474,234
長沼公園,139.3672785,35.6400523,96.20999908,30.96756744,95
長沼公園,139.3672795,35.63987203,107.1100006,28.60179138,109
長沼公園,139.3672806,35.63969177,118.1100006,35.85109329,95
長沼公園,139.3672816,35.6395115,128.0099945,13.81494427,198
長沼公園,139.3672827,35.63933123,116.3099976,34.80518341,225
長沼公園,139.3672837,35.63915096,105.2099991,27.46740723,227
長沼公園,139.3672848,35.63897069,105.6100006,14.69415188,45
長沼公園,139.3672858,35.63879042,109.5100021,26.25321198,40
長沼公園,139.3672869,35.63861015,114.3099976,24.72701263,35
長沼公園,139.3672879,35.63842988,120.0100021,32.02964783,5
長沼公園,139.3672889,35.63824961,119.2099991,34.12773132,8
長沼公園,139.36729,35.63806934,128.6100006,31.37997818,352
長沼公園,139.367291,35.63788907,120.7099991,24.34263039,2
長沼公園,139.3672921,35.6377088,124.5100021,30.42144012,29
長沼公園,139.3672931,35.63752853,129.2100067,29.41130066,33
長沼公園,139.3672942,35.63734826,135.9100037,26.66927528,38
長沼公園,139.3672952,35.63716799,146.6100006,13.02598858,71
長沼公園,139.3672963,35.63698772,140.5099945,39.46666336,185
長沼公園,139.3672973,35.63680745,139.0099945,32.44568253,161
長沼公園,139.3672984,35.63662718,136.0099945,23.90807915,204
長沼公園,139.3672994,35.63644691,137.8099976,23.72404861,120
長沼公園,139.3673005,35.63626664,135.5099945,33.06180573,181
長沼公園,139.3673015,35.63608637,131.6100006,30.03754616,207
長沼公園,139.3673026,35.6359061,134.8099976,35.21094894,58
長沼公園,139.3673036,35.63572583,141.7100067,28.96772194,34
長沼公園,139.3673046,35.63554556,147.2100067,21.94327164,38
長沼公園,139.3673057,35.63536529,153.1100006,16.49946022,73
長沼公園,139.3673067,35.63518502,158.0099945,17.20668602,96
長沼公園,139.3673078,35.63500475,165.0099945,29.44297409,80
長沼公園,139.3673088,35.63482448,176.7100067,11.92209053,87
長沼公園,139.3673099,35.63464421,175.2100067,19.33627129,269
長沼公園,139.3673109,35.63446394,166.5,21.60483742,299
長沼公園,139.367312,35.63428367,160.8000031,25.86713409,313
長沼公園,139.3673141,35.63392313,152.3999939,17.57869911,169
長沼公園,139.3673151,35.63374286,155.3000031,27.20157242,169
長沼公園,139.3673162,35.63356259,154.6000061,14.55523968,209
長沼公園,139.3674993,35.64005316,98.51000214,35.41340256,98
長沼公園,139.3675004,35.63987289,112.6100006,27.67893028,107
長沼公園,139.3675014,35.63969262,120.2099991,36.44402695,52
長沼公園,139.3675025,35.63951235,129.6100006,30.60160065,54
長沼公園,139.3675035,35.63933208,127.7099991,33.63104248,212
長沼公園,139.3675045,35.63915181,119.1100006,44.22176361,218
長沼公園,139.3675056,35.63897154,111.1100006,37.38573456,190
長沼公園,139.3675066,35.63879127,110.4100037,36.33245468,193
長沼公園,139.3675077,35.638611,110.1100006,25.14138412,30
長沼公園,139.3675087,35.63843073,110.8099976,24.03707695,4
長沼公園,139.3675098,35.63825046,113.3099976,15.11488247,31
長沼公園,139.3675108,35.63807019,114.8099976,18.99804115,324
長沼公園,139.3675119,35.63788992,113.8099976,11.81082153,142
長沼公園,139.3675129,35.63770965,116.4100037,7.171908855,69
長沼公園,139.367514,35.63752938,123.7099991,33.61341858,47
長沼公園,139.367515,35.63734911,131.7100067,33.37038803,42
長沼公園,139.3675161,35.63716884,136.4100037,29.81995964,70
長沼公園,139.3675171,35.63698857,143.8099976,35.13918686,12
長沼公園,139.3675181,35.6368083,150.7100067,37.4340744,35
長沼公園,139.3675192,35.63662803,154.6100006,54.21567917,189
長沼公園,139.3675202,35.63644777,152.3099976,57.2051239,168
長沼公園,139.3675213,35.6362675,148.4100037,48.73066711,197
長沼公園,139.3675223,35.63608723,141.6100006,27.887146,209
長沼公園,139.3675234,35.63590696,139.1100006,19.42972946,180
長沼公園,139.3675244,35.63572669,140.0099945,15.63071346,150
長沼公園,139.3675255,35.63554642,145.3099976,22.51095581,93
長沼公園,139.3675265,35.63536615,158.7100067,30.52948761,69
長沼公園,139.3675276,35.63518588,166.0099945,23.1750679,68
長沼公園,139.3675286,35.63500561,174.9100037,18.73603821,74
長沼公園,139.3675297,35.63482534,178.5099945,2.849951744,328
長沼公園,139.3675307,35.63464507,174.2100067,22.44672203,291
長沼公園,139.3675317,35.6344648,167.3000031,19.60760689,244
長沼公園,139.3675328,35.63428453,161.3999939,19.24566078,242
長沼公園,139.3675338,35.63410426,156.8000031,13.37254715,169
長沼公園,139.3675349,35.63392399,159.3999939,19.60050774,155
長沼公園,139.3675359,35.63374372,162.1000061,15.48266888,194
長沼公園,139.367537,35.63356345,156.8999939,14.83761978,236
長沼公園,139.367538,35.63338318,153.8999939,18.90289307,239
長沼公園,139.3677212,35.63987374,107.9100037,24.316679,62
長沼公園,139.3677222,35.63969347,113.0100021,24.44111061,59
長沼公園,139.3677233,35.6395132,121.4100037,29.34063339,45
長沼公園,139.3677243,35.63933293,135.5099945,24.800457,49
長沼公園,139.3677254,35.63915266,131.4100037,33.37199402,196
長沼公園,139.3677264,35.63897239,129.2100067,33.39086533,197
長沼公園,139.3677275,35.63879212,122.6100006,33.28162003,201
長沼公園,139.3677285,35.63861186,118.0100021,40.58751678,209
長沼公園,139.3677296,35.63843159,115.4100037,22.89871407,181
長沼公園,139.3677306,35.63825132,115.0100021,19.80423164,207
長沼公園,139.3677317,35.63807105,114.4100037,10.27716923,84
長沼公園,139.3677327,35.63789078,122.8099976,33.69333267,104
長沼公園,139.3677337,35.63771051,129.8099976,30.36218643,211
長沼公園,139.3677348,35.63753024,122.6100006,35.09337234,204
長沼公園,139.3677358,35.63734997,119.6100006,15.66778755,46
長沼公園,139.3677369,35.6371697,127.4100037,34.6594429,29
長沼公園,139.3677379,35.63698943,133.5099945,22.92399597,77
長沼公園,139.367739,35.63680916,139.2100067,33.66011429,24
長沼公園,139.36774,35.63662889,141.9100037,27.94473648,40
長沼公園,139.3677411,35.63644862,151.8099976,39.23554611,64
長沼公園,139.3677421,35.63626835,163.5099945,13.57944584,30
長沼公園,139.3677432,35.63608808,160.5099945,44.47341156,209
長沼公園,139.3677442,35.63590781,152.2100067,48.98155212,191
長沼公園,139.3677452,35.63572754,149.3099976,45.03537369,202
長沼公園,139.3677463,35.63554727,147.1100006,17.27838516,141
長沼公園,139.3677473,35.635367,150.8099976,22.48940849,145
長沼公園,139.3677484,35.63518673,157.0099945,24.97216415,105
長沼公園,139.3677494,35.63500646,166.3099976,27.54880142,88
長沼公園,139.3677505,35.63482619,178.1100006,6.456773281,131
長沼公園,139.3677515,35.63464592,174.8099976,15.90490818,238
長沼公園,139.3677526,35.63446565,170.9100037,20.14108086,203
長沼公園,139.3677536,35.63428538,168.8000031,18.87315559,208
長沼公園,139.3677547,35.63410511,167.3999939,24.17026711,194
長沼公園,139.3677557,35.63392484,166.6000061,23.4383831,162
長沼公園,139.3677567,35.63374457,166.8999939,13.68358517,196
長沼公園,139.3677578,35.6335643,164.5,17.91776657,223
長沼公園,139.3677588,35.63338403,155.3000031,24.05537987,268
長沼公園,139.367942,35.6398746,103.4100037,11.36053467,76
長沼公園,139.3679431,35.63969433,108.2099991,21.12934303,50
長沼公園,139.3679441,35.63951406,115.0100021,24.66578674,39
長沼公園,139.3679452,35.63933379,120.5100021,28.83281136,75
長沼公園,139.3679462,35.63915352,136.0099945,36.14308548,68
長沼公園,139.3679473,35.63897325,140.1100006,30.80894279,211
長沼公園,139.3679483,35.63879298,136.5099945,26.87948799,190
長沼公園,139.3679493,35.63861271,131.3099976,32.2253418,210
長沼公園,139.3679504,35.63843244,130.7100067,32.06203842,199
長沼公園,139.3679514,35.63825217,123.8099976,37.98661041,215
長沼公園,139.3679525,35.6380719,116.7099991,13.83901215,207
長沼公園,139.3679535,35.63789163,117.4100037,25.36111069,80
長沼公園,139.3679546,35.63771136,134.9100037,32.24374008,91
長沼公園,139.3679556,35.63753109,134.5099945,34.67212677,204
長沼公園,139.3679567,35.63735082,130.5099945,33.53522873,198
長沼公園,139.3679577,35.63717055,128.6100006,37.1223259,195
長沼公園,139.3679588,35.63699028,130.3099976,9.967684746,61
長沼公園,139.3679598,35.63681001,132.6100006,14.34411907,65
長沼公園,139.3679608,35.63662974,137.3099976,21.90095139,93
長沼公園,139.3679619,35.63644947,148.0099945,19.9894886,41
長沼公園,139.3679629,35.6362692,154.3099976,36.31914139,68
長沼公園,139.367964,35.63608893,164.1100006,20.79051971,58
長沼公園,139.367965,35.63590866,168.9100037,6.490488052,154
長沼公園,139.3679661,35.63572839,165.3099976,29.78900909,228
長沼公園,139.3679671,35.63554812,152.9100037,31.66464806,193
長沼公園,139.3679682,35.63536785,153.4100037,29.23675156,91
長沼公園,139.3679692,35.63518758,168.5099945,23.37639999,118
長沼公園,139.3679702,35.63500731,173.1100006,33.05478287,137
長沼公園,139.3679713,35.63482704,182.3099976,10.42587662,183
長沼公園,139.3679723,35.63464677,180.7100067,14.31608868,206
長沼公園,139.3679734,35.6344665,178.2100067,17.77582741,217
長沼公園,139.3679744,35.63428623,173.1999969,9.120191574,247
長沼公園,139.3679755,35.63410596,172,5.336827755,273
長沼公園,139.3679765,35.6339257,169.8999939,9.491065025,339
長沼公園,139.3679786,35.63356516,167.3000031,8.02590847,277
長沼公園,139.3679797,35.63338489,159.1999969,26.21575928,236
長沼公園,139.3679807,35.63320462,152.5,30.06021309,207
長沼公園,139.3681597,35.64041626,93.20999908,16.39242935,136
長沼公園,139.3681608,35.64023599,95.30999756,16.18412781,149
長沼公園,139.3681618,35.64005572,99.91000366,28.47574425,147
長沼公園,139.3681629,35.63987545,106.7099991,32.96790695,159
長沼公園,139.3681639,35.63969518,108.5100021,16.67738914,134
長沼公園,139.368165,35.63951491,112.7099991,16.0895977,107
長沼公園,139.368166,35.63933464,120.5100021,26.23271561,109
長沼公園,139.368167,35.63915437,136.5099945,21.08611107,92
長沼公園,139.3681681,35.6389741,135.9100037,33.38030243,19
長沼公園,139.3681691,35.63879383,142.8099976,16.50303841,36
長沼公園,139.3681702,35.63861356,141.9100037,19.21378708,192
長沼公園,139.3681712,35.63843329,136.8099976,18.48905373,221
長沼公園,139.3681723,35.63825302,133.3099976,18.99806595,216
長沼公園,139.3681733,35.63807275,123.1100006,32.9455452,246
長沼公園,139.3681744,35.63789248,121.1100006,27.92715263,84
長沼公園,139.3681754,35.63771221,135.5099945,27.09111977,104
長沼公園,139.3681764,35.63753194,143.3099976,14.40399551,59
長沼公園,139.3681775,35.63735167,143.4100037,35.95204926,203
長沼公園,139.3681785,35.6371714,142.6100006,34.30582809,202
長沼公園,139.3681796,35.63699113,137.0099945,20.58035088,225
長沼公園,139.3681806,35.63681086,131.5099945,11.53326511,177
長沼公園,139.3681817,35.63663059,135.6100006,13.168787,57
長沼公園,139.3681827,35.63645033,138.1100006,14.80526257,18
長沼公園,139.3681838,35.63627006,144.0099945,28.04827309,43
長沼公園,139.3681848,35.63608979,150.1100006,35.19372559,59
長沼公園,139.3681858,35.63590952,160.5099945,42.3429985,8
長沼公園,139.3681869,35.63572925,164.7100067,30.79253769,38
長沼公園,139.3681879,35.63554898,165.5099945,26.80999565,213
長沼公園,139.368189,35.63536871,163.4100037,30.27371025,210
長沼公園,139.36819,35.63518844,165.4100037,31.38471413,102
長沼公園,139.3681911,35.63500817,179.6100006,31.15831757,77
長沼公園,139.3681921,35.6348279,184.0099945,4.312046051,276
長沼公園,139.3681932,35.63464763,181.6100006,10.35757065,305
長沼公園,139.3681942,35.63446736,177.0099945,27.16840935,302
長沼公園,139.3681952,35.63428709,168.6000061,18.89158249,327
長沼公園,139.3681963,35.63410682,168.5,27.57360458,341
長沼公園,139.3681973,35.63392655,165.3999939,16.2180233,349
長沼公園,139.3682005,35.63338574,156.1000061,26.52944756,282
長沼公園,139.3682015,35.63320547,151.1000061,15.29327679,311
長沼公園,139.3682026,35.6330252,147.3999939,14.41207695,261
長沼公園,139.3683806,35.64041711,95.30999756,33.03920746,83
長沼公園,139.3683816,35.64023684,107.0100021,22.97195244,91
長沼公園,139.3683827,35.64005657,116.5100021,33.0343399,156
長沼公園,139.3683837,35.6398763,116.9100037,34.08972931,170
長沼公園,139.3683847,35.63969603,119.0100021,29.74765778,181
長沼公園,139.3683858,35.63951576,117.7099991,25.99332237,157
長沼公園,139.3683868,35.63933549,125.4100037,36.39614487,102
長沼公園,139.3683879,35.63915522,128.3099976,33.75278473,318
長沼公園,139.3683889,35.63897495,125.0100021,27.46517181,27
長沼公園,139.36839,35.63879468,135.3099976,22.63924789,12
長沼公園,139.368391,35.63861441,130.6100006,38.57326508,8
長沼公園,139.3683921,35.63843414,141.1100006,9.279165268,50
長沼公園,139.3683931,35.63825387,138.6100006,17.2587471,217
長沼公園,139.3683941,35.63807361,131.5099945,40.20004654,236
長沼公園,139.3683952,35.63789334,122.6100006,23.73323441,224
長沼公園,139.3683962,35.63771307,126.9100037,31.44614601,43
長沼公園,139.3683973,35.6375328,133.0099945,26.6865921,64
長沼公園,139.3683983,35.63735253,144.2100067,34.44424438,29
長沼公園,139.3683994,35.63717226,152.3099976,17.60702515,50
長沼公園,139.3684004,35.63699199,144.1100006,48.86484528,220
長沼公園,139.3684014,35.63681172,138.0099945,24.06126976,200
長沼公園,139.3684025,35.63663145,137.9100037,18.83190346,176
長沼公園,139.3684035,35.63645118,138.6100006,13.33262253,144
長沼公園,139.3684046,35.63627091,141.1100006,6.843711853,106
長沼公園,139.3684056,35.63609064,144.8099976,11.91551685,55
長沼公園,139.3684067,35.63591037,148.2100067,21.46485519,48
長沼公園,139.3684077,35.6357301,155.4100037,32.40128708,51
長沼公園,139.3684088,35.63554983,171.0099945,33.35043716,47
長沼公園,139.3684098,35.63536956,177.3099976,24.6985054,182
長沼公園,139.3684108,35.63518929,177.4100037,34.54520035,164
長沼公園,139.3684119,35.63500902,182.1100006,13.30841827,96
長沼公園,139.3684129,35.63482875,181.6100006,15.35850525,315
長沼公園,139.368414,35.63464848,178.9100037,15.16677761,305
長沼公園,139.368415,35.63446821,170.8099976,22.0825119,269
長沼公園,139.3684161,35.63428794,165.5,10.57732773,290
長沼公園,139.3684171,35.63410767,162.1000061,9.685810089,315
長沼公園,139.3684213,35.63338659,160.8000031,24.23992348,218
長沼公園,139.3684223,35.63320632,155,24.9150486,262
長沼公園,139.3684234,35.63302605,147.3999939,12.66864109,251
長沼公園,139.3686014,35.64041796,94.41000366,32.42983627,65
長沼公園,139.3686024,35.64023769,105.0100021,30.36470795,73
長沼公園,139.3686035,35.64005742,116.2099991,30.42851067,34
長沼公園,139.3686045,35.63987715,122.8099976,29.67538834,47
長沼公園,139.3686056,35.63969688,129.5099945,23.62386703,152
長沼公園,139.3686066,35.63951661,132.4100037,22.29050064,181
長沼公園,139.3686077,35.63933635,128.8099976,28.25187874,310
長沼公園,139.3686087,35.63915608,119.7099991,29.77582932,318
長沼公園,139.3686097,35.63897581,121.3099976,29.70141029,70
長沼公園,139.3686108,35.63879554,127.1100006,30.73110199,312
長沼公園,139.3686118,35.63861527,121.5100021,23.55531883,60
長沼公園,139.3686129,35.638435,133.9100037,33.64003372,74
長沼公園,139.3686139,35.63825473,142.3099976,5.825411797,41
長沼公園,139.368615,35.63807446,138.4100037,24.51215935,228
長沼公園,139.368616,35.63789419,133.3099976,37.81541061,208
長沼公園,139.3686171,35.63771392,126.6100006,23.76074791,200
長沼公園,139.3686181,35.63753365,124.9100037,5.758002281,134
長沼公園,139.3686191,35.63735338,132.1100006,29.92180824,34
長沼公園,139.3686202,35.63717311,138.3099976,28.49244881,81
長沼公園,139.3686212,35.63699284,156.5099945,23.02256012,71
長沼公園,139.3686223,35.63681257,157.9100037,40.42380524,200
長沼公園,139.3686233,35.6366323,153.0099945,52.21397781,184
長沼公園,139.3686244,35.63645203,149.6100006,43.95986938,187
長沼公園,139.3686254,35.63627176,150.6100006,46.15196228,191
長沼公園,139.3686264,35.63609149,148.6100006,33.24423599,141
長沼公園,139.3686275,35.63591122,156.7100067,31.92577553,173
長沼公園,139.3686285,35.63573095,157.8099976,26.17011452,152
長沼公園,139.3686296,35.63555068,164.2100067,21.99903297,96
長沼公園,139.3686306,35.63537041,176.2100067,28.66314125,74
長沼公園,139.3686317,35.63519014,181.9100037,8.892133713,340
長沼公園,139.3686327,35.63500987,177.2100067,24.81104088,326
長沼公園,139.3686338,35.6348296,176.7100067,17.68751144,338
長沼公園,139.3686348,35.63464933,171.1100006,17.37441826,7
長沼公園,139.3686358,35.63446906,173.1100006,10.59482098,317
長沼公園,139.3686369,35.63428879,167.2100067,24.79200172,250
長沼公園,139.3686379,35.63410852,160.8000031,13.24982738,259
長沼公園,139.3686421,35.63338744,163.3000031,7.643976212,274
長沼公園,139.3686431,35.63320717,157.8000031,24.34245682,217
長沼公園,139.3686442,35.6330269,153,29.14227295,209
長沼公園,139.3686452,35.63284663,143.1999969,19.6721611,256
長沼公園,139.3688222,35.64041881,92.30999756,25.93408394,83
長沼公園,139.3688233,35.64023855,100.9100037,28.35965729,88
長沼公園,139.3688243,35.64005828,109.2099991,24.28443336,109
長沼公園,139.3688254,35.63987801,123.2099991,20.61964798,100
長沼公園,139.3688264,35.63969774,127.5100021,31.58932686,21
長沼公園,139.3688275,35.63951747,126.5100021,34.66598129,351
長沼公園,139.3688285,35.6393372,119.6100006,33.01477432,293
長沼公園,139.3688295,35.63915693,111.3099976,10.38435078,8
長沼公園,139.3688306,35.63897666,118.4100037,18.18587112,41
長沼公園,139.3688316,35.63879639,120.1100006,32.09096146,357
長沼公園,139.3688327,35.63861612,116.7099991,26.31870461,59
長沼公園,139.3688337,35.63843585,126.2099991,28.68423843,48
長沼公園,139.3688348,35.63825558,133.8099976,35.95661163,39
長沼公園,139.3688358,35.63807531,137.0099945,36.7829628,19
長沼公園,139.3688368,35.63789504,143.4100037,12.00109959,191
長沼公園,139.3688379,35.63771477,134.5099945,28.17486,197
長沼公園,139.3688389,35.6375345,131.1100006,16.59945488,180
長沼公園,139.36884,35.63735423,133.7100067,12.64858437,206
長沼公園,139.368841,35.63717396,131.9100037,22.49479103,44
長沼公園,139.3688421,35.63699369,147.1100006,47.33806992,60
長沼公園,139.3688431,35.63681342,160.0099945,25.62676239,35
長沼公園,139.3688441,35.63663315,162.5099945,11.45476437,44
長沼公園,139.3688452,35.63645288,163.6100006,20.63550186,164
長沼公園,139.3688462,35.63627261,165.6100006,24.40943336,202
長沼公園,139.3688473,35.63609234,163.5099945,24.15728188,172
長沼公園,139.3688483,35.63591207,166.5099945,22.61791801,175
長沼公園,139.3688494,35.6357318,165.1100006,20.6402092,175
長沼公園,139.3688504,35.63555153,174.5099945,29.78992653,126
長沼公園,139.3688514,35.63537126,178.0099945,7.341521263,128
長沼公園,139.3688525,35.63519099,178.1100006,15.88004875,293
長沼公園,139.3688535,35.63501072,171.7100067,27.69347382,298
長沼公園,139.3688546,35.63483045,170.0099945,22.70349884,32
長沼公園,139.3688556,35.63465018,167.4100037,22.98237419,319
長沼公園,139.3688567,35.63446991,167.4100037,27.38173485,32
長沼公園,139.3688577,35.63428964,170.7100067,6.639498234,328
長沼公園,139.3688587,35.63410937,166.1000061,21.4357338,238
長沼公園,139.3688629,35.63338829,159.5,20.82420349,53
長沼公園,139.368864,35.63320802,162.6999969,6.170343399,300
長沼公園,139.368865,35.63302775,153.8000031,26.68621254,244
長沼公園,139.368866,35.63284748,146.6999969,22.26717758,239
長沼公園,139.3690441,35.6402394,98.11000061,35.28163528,32
長沼公園,139.3690452,35.64005913,107.0100021,34.74082947,61
長沼公園,139.3690462,35.63987886,109.7099991,34.23727798,7
長沼公園,139.3690472,35.63969859,114.4100037,33.98444748,34
長沼公園,139.3690483,35.63951832,114.3099976,34.02898788,344
長沼公園,139.3690493,35.63933805,114.1100006,31.50946426,348
長沼公園,139.3690504,35.63915778,108.4100037,12.94202232,37
長沼公園,139.3690514,35.63897751,109.0100021,4.212127686,24
長沼公園,139.3690525,35.63879724,111.3099976,7.391699314,58
長沼公園,139.3690535,35.63861697,113.1100006,8.752840996,67
長沼公園,139.3690545,35.6384367,118.8099976,27.47748375,24
長沼公園,139.3690556,35.63825643,122.9100037,24.86019707,24
長沼公園,139.3690566,35.63807616,128.9100037,26.97486877,76
長沼公園,139.3690577,35.63789589,137.8099976,28.21331024,86
長沼公園,139.3690587,35.63771562,145.3099976,27.72512245,206
長沼公園,139.3690598,35.63753535,142.2100067,30.70635223,207
長沼公園,139.3690608,35.63735508,136.5099945,21.84903908,208
長沼公園,139.3690618,35.63717481,136.9100037,6.286375046,149
長沼公園,139.3690629,35.63699454,141.8099976,30.79352188,65
長沼公園,139.3690639,35.63681427,148.3099976,26.1233654,44
長沼公園,139.369065,35.636634,156.5099945,18.79229355,82
長沼公園,139.369066,35.63645373,163.6100006,23.87316322,84
長沼公園,139.3690671,35.63627346,172.8099976,6.895966053,145
長沼公園,139.3690681,35.63609319,173.0099945,22.34648514,170
長沼公園,139.3690691,35.63591292,175.7100067,23.01381683,168
長沼公園,139.3690702,35.63573265,174.5099945,30.49017143,181
長沼公園,139.3690712,35.63555238,177.7100067,2.211174488,117
長沼公園,139.3690754,35.6348313,166.2100067,4.970321655,181
長沼公園,139.3690764,35.63465103,159.5099945,17.75383949,293
長沼公園,139.3690775,35.63447076,160.0099945,27.45573807,60
長沼公園,139.3690785,35.63429049,162.6100006,23.13611031,1
長沼公園,139.3690796,35.63411023,164.6999969,14.72843552,326
長沼公園,139.3690837,35.63338915,151.6000061,20.6577549,50
長沼公園,139.3690848,35.63320888,157.6000061,27.57434654,31
長沼公園,139.3690858,35.63302861,159.1999969,11.86113358,255
長沼公園,139.369267,35.63987971,96.70999908,20.18160629,31
長沼公園,139.3692712,35.63915863,107.8099976,8.147110939,138
長沼公園,139.3692722,35.63897836,111.3099976,26.26413536,154
長沼公園,139.3692733,35.63879809,117.9100037,29.50799561,162
長沼公園,139.3692743,35.63861782,117.8099976,30.45908165,173
長沼公園,139.3692754,35.63843755,117.7099991,19.21027184,172
長沼公園,139.3692764,35.63825728,125.6100006,31.29782867,133
長沼公園,139.3692775,35.63807701,129.6100006,24.2320118,126
長沼公園,139.3692785,35.63789674,139.3099976,36.64823151,119
長沼公園,139.3692795,35.63771647,152.6100006,15.73916245,194
長沼公園,139.3692806,35.6375362,150.0099945,21.90917206,218
長沼公園,139.3692816,35.63735593,143.4100037,29.98321915,209
長沼公園,139.3692827,35.63717566,138.4100037,8.125249863,187
長沼公園,139.3692837,35.63699539,139.8099976,7.728480816,104
長沼公園,139.3692847,35.63681512,150.3099976,39.28958511,71
長沼公園,139.3692858,35.63663485,156.0099945,29.74614716,19
長沼公園,139.3692868,35.63645458,161.2100067,29.09520721,36
長沼公園,139.3692879,35.63627431,164.1100006,28.49363327,16
長沼公園,139.3692889,35.63609404,170.7100067,32.18463516,48
長沼公園,139.36929,35.63591377,173.6100006,32.4869957,357
長沼公園,139.369291,35.6357335,175.1100006,24.62915039,23
長沼公園,139.3692983,35.63447162,153.8099976,4.721871853,353
長沼公園,139.3693056,35.63320973,150.6000061,23.52387238,32
長沼公園,139.3693066,35.63302946,155.8999939,20.5977726,39
長沼公園,139.3693077,35.63284919,155.3000031,48.16149139,252
長沼公園,139.36949,35.63952002,104.1100006,23.81034279,125
長沼公園,139.369491,35.63933975,110.9100037,35.29055405,144
長沼公園,139.369492,35.63915948,116.4100037,37.33773804,147
長沼公園,139.3694931,35.63897921,120.4100037,33.42349243,141
長沼公園,139.3694941,35.63879894,126.8099976,30.76135826,153
長沼公園,139.3694952,35.63861867,128.7100067,32.18097687,169
長沼公園,139.3694962,35.6384384,130.0099945,32.56207657,181
長沼公園,139.3694972,35.63825813,132.1100006,34.41177368,161
長沼公園,139.3694983,35.63807786,141.7100067,22.92573738,120
長沼公園,139.3694993,35.63789759,145.9100037,29.52417564,97
長沼公園,139.3695004,35.63771732,150.8099976,35.34717941,354
長沼公園,139.3695014,35.63753705,147.7100067,44.35110092,357
長沼公園,139.3695025,35.63735678,151.2100067,16.7450943,33
長沼公園,139.3695035,35.63717651,148.5099945,26.54273033,198
長沼公園,139.3695045,35.63699624,142.2100067,26.88554001,182
長沼公園,139.3695056,35.63681597,142.5099945,8.536743164,140
長沼公園,139.3695066,35.6366357,149.1100006,24.43665504,56
長沼公園,139.3695077,35.63645543,153.5099945,22.26431465,354
長沼公園,139.3695087,35.63627516,155.1100006,29.06518745,17
長沼公園,139.3695097,35.63609489,160.7100067,34.42079163,17
長沼公園,139.3695108,35.63591462,161.1100006,33.66875839,348
長沼公園,139.3695118,35.63573435,164.4100037,34.97883987,69
長沼公園,139.3695274,35.63303031,148.6000061,26.98047447,52
長沼公園,139.3695285,35.63285004,154,4.637441635,270
長沼公園,139.3697108,35.63952087,107.5100021,31.47573662,77
長沼公園,139.3697118,35.6393406,117.8099976,23.32982254,47
長沼公園,139.3697129,35.63916033,126.3099976,16.17220116,90
長沼公園,139.3697139,35.63898006,128.8099976,16.8163147,12
長沼公園,139.3697149,35.63879979,127.4100037,34.98177719,13
長沼公園,139.369716,35.63861952,132.4100037,26.49278069,23
長沼公園,139.369717,35.63843925,133.2100067,28.44394493,359
長沼公園,139.3697181,35.63825898,130.4100037,35.21446991,2
長沼公園,139.3697191,35.63807871,129.7100067,32.03409576,34
長沼公園,139.3697202,35.63789844,136.8099976,24.40196609,13
長沼公園,139.3697212,35.63771817,134.5099945,39.00350571,359
長沼公園,139.3697222,35.6375379,132.8099976,25.20000648,9
長沼公園,139.3697233,35.63735763,138.2100067,33.72997284,58
長沼公園,139.3697243,35.63717736,146.0099945,50.25204086,359
長沼公園,139.3697254,35.63699709,152.8099976,14.15622616,37
長沼公園,139.3697264,35.63681682,151.4100037,24.56844139,216
長沼公園,139.3697274,35.63663655,148.7100067,6.241884232,182
長沼公園,139.3697285,35.63645628,149.9100037,22.83876038,154
長沼公園,139.3697295,35.63627601,153.1100006,32.0481987,181
長沼公園,139.3697306,35.63609574,153.3099976,31.31389427,171
長沼公園,139.3697316,35.63591547,157.5099945,32.65620804,158
長沼公園,139.3697326,35.6357352,165.2100067,40.34117889,146
長沼公園,139.3697337,35.63555494,176.6100006,18.39778709,89
長沼公園,139.3697493,35.63285089,151.3999939,13.57804298,33
長沼公園,139.3697503,35.63267062,148.8999939,18.99518204,265
長沼公園,139.3699254,35.64060334,101.9100037,31.82865715,117
長沼公園,139.3699306,35.63970199,99.70999908,23.93218231,73
長沼公園,139.3699316,35.63952172,103.5100021,29.79551506,29
長沼公園,139.3699327,35.63934145,110.4100037,27.08450699,45
長沼公園,139.3699337,35.63916118,118.0100021,35.61040115,13
長沼公園,139.3699347,35.63898091,118.6100006,27.36740494,348
長沼公園,139.3699358,35.63880064,114.4100037,35.74744415,25
長沼公園,139.3699368,35.63862037,120.4100037,29.68150139,349
長沼公園,139.3699379,35.6384401,118.8099976,32.19454956,12
長沼公園,139.3699389,35.63825983,117.8099976,30.86182594,4
長沼公園,139.3699399,35.63807956,120.3099976,33.95608521,36
長沼公園,139.369941,35.63789929,125.2099991,37.99631119,351
長沼公園,139.369942,35.63771902,122.9100037,26.47407341,13
長沼公園,139.3699431,35.63753875,124.3099976,24.25845337,27
長沼公園,139.3699441,35.63735848,132.5099945,27.27313995,20
長沼公園,139.3699451,35.63717821,131.8099976,29.58520508,24
長沼公園,139.3699462,35.63699794,136.8099976,23.54015541,29
長沼公園,139.3699472,35.63681767,149.4100037,47.53198624,62
長沼公園,139.3699483,35.6366374,152.9100037,10.90001297,187
長沼公園,139.3699493,35.63645713,157.0099945,28.55327415,107
長沼公園,139.3699503,35.63627686,162.9100037,21.37176514,163
長沼公園,139.3699514,35.63609659,164.9100037,20.44685936,200
長沼公園,139.3699524,35.63591632,164.5099945,26.10559273,123
長沼公園,139.3699535,35.63573605,174.4100037,27.3208065,119
長沼公園,139.3699545,35.63555578,178.3099976,18.81314278,166
長沼公園,139.3699691,35.63303201,143.3000031,15.07610703,43
長沼公園,139.3699701,35.63285174,143.6000061,25.62787056,351
長沼公園,139.3699712,35.63267147,142.8999939,25.77963448,356
長沼公園,139.3701462,35.64060419,102.2099991,29.50384712,127
長沼公園,139.3701472,35.64042392,119.6100006,43.84612656,120
長沼公園,139.3701483,35.64024365,116.5100021,40.20404053,230
長沼公園,139.3701504,35.63988311,99.80999756,30.83270836,196
長沼公園,139.3701514,35.63970284,97.70999908,9.178923607,178
長沼公園,139.3701524,35.63952257,94.51000214,0.972044051,73
長沼公園,139.3701535,35.6393423,99.30999756,32.1602211,2
長沼公園,139.3701545,35.63916203,101.1100006,26.99685097,2
長沼公園,139.3701556,35.63898176,103.1100006,21.04967308,22
長沼公園,139.3701566,35.63880149,106.0100021,28.74288177,36
長沼公園,139.3701577,35.63862122,107.9100037,27.66016579,332
長沼公園,139.3701587,35.63844095,109.6100006,7.066070557,66
長沼公園,139.3701597,35.63826068,112.5100021,10.4256897,68
長沼公園,139.3701608,35.63808041,114.2099991,4.035029888,78
長沼公園,139.3701618,35.63790014,116.9100037,7.857102394,68
長沼公園,139.3701629,35.63771987,119.8099976,6.943050385,92
長沼公園,139.3701639,35.6375396,122.4100037,11.54695606,97
長沼公園,139.3701649,35.63735933,125.2099991,10.68837166,88
長沼公園,139.370166,35.63717906,128.3099976,10.78662968,73
長沼公園,139.370167,35.63699879,130.5099945,18.84388733,97
長沼公園,139.3701681,35.63681852,136.8099976,11.46387863,67
長沼公園,139.3701691,35.63663825,144.1100006,40.88789368,42
長沼公園,139.3701701,35.63645798,157.6100006,35.15751266,66
長沼公園,139.3701712,35.63627771,168.8099976,27.35919952,46
長沼公園,139.3701722,35.63609744,173.5099945,18.95256042,183
長沼公園,139.3701733,35.63591717,170.7100067,21.66027641,159
長沼公園,139.3701743,35.6357369,178.9100037,23.18822289,98
長沼公園,139.3701753,35.63555663,183.4100037,5.157001019,172
長沼公園,139.370365,35.64096558,88.51000214,5.123353004,118
長沼公園,139.370366,35.64078531,94.11000061,31.82008743,122
長沼公園,139.370367,35.64060504,108.7099991,39.23524857,108
長沼公園,139.3703681,35.64042477,123.6100006,35.56090927,105
長沼公園,139.3703691,35.6402445,121.7099991,36.2168541,247
長沼公園,139.3703702,35.64006423,112.3099976,24.87927246,220
長沼公園,139.3703712,35.63988396,106.8099976,30.65625381,209
長沼公園,139.3703722,35.63970369,104.9100037,26.18461037,196
長沼公園,139.3703733,35.63952342,98.70999908,19.20393944,220
長沼公園,139.3703743,35.63934315,100.0100021,37.60731125,49
長沼公園,139.3703754,35.63916288,106.0100021,35.02371979,157
長沼公園,139.3703764,35.63898261,110.8099976,37.62519073,163
長沼公園,139.3703774,35.63880234,106.2099991,14.60514832,211
長沼公園,139.3703785,35.63862207,108.3099976,28.21133995,137
長沼公園,139.3703795,35.6384418,116.3099976,32.25981522,181
長沼公園,139.3703806,35.63826153,118.2099991,29.77515793,141
長沼公園,139.3703816,35.63808126,118.4100037,31.38531494,174
長沼公園,139.3703826,35.63790099,119.7099991,31.67529106,172
長沼公園,139.3703837,35.63772072,126.6100006,28.18680382,168
長沼公園,139.3703847,35.63754045,124.1100006,18.16017723,179
長沼公園,139.3703858,35.63736018,126.4100037,17.74721718,150
長沼公園,139.3703868,35.63717991,129.2100067,15.36858082,155
長沼公園,139.3703878,35.63699964,133.9100037,14.22319508,112
長沼公園,139.3703889,35.63681937,138.8099976,14.12412548,113
長沼公園,139.3703899,35.6366391,144.0099945,18.62623215,113
長沼公園,139.370391,35.63645883,150.5099945,23.68976593,108
長沼公園,139.370392,35.63627856,160.1100006,29.55520821,62
長沼公園,139.370393,35.63609829,177.6100006,31.35222244,80
長沼公園,139.3703941,35.63591802,181.5099945,28.66816139,174
長沼公園,139.3703951,35.63573775,184.6100006,23.04701614,152
長沼公園,139.3705858,35.64096642,92.41000366,34.06925201,127
長沼公園,139.3705868,35.64078615,103.3099976,37.3975029,102
長沼公園,139.3705879,35.64060588,115.8099976,27.03198624,107
長沼公園,139.3705889,35.64042561,125.2099991,24.15642548,88
長沼公園,139.37059,35.64024535,127.6100006,11.96554375,210
長沼公園,139.370591,35.64006508,123.0100021,30.49959183,192
長沼公園,139.370592,35.63988481,120.8099976,27.17259598,221
長沼公園,139.3705931,35.63970454,109.3099976,26.44547653,257
長沼公園,139.3705941,35.63952427,103.4100037,15.78933716,250
長沼公園,139.3705952,35.639344,98.91000366,24.80562401,131
長沼公園,139.3705962,35.63916373,112.4100037,28.81475258,37
長沼公園,139.3705972,35.63898346,109.7099991,19.29734802,353
長沼公園,139.3705983,35.63880319,111.4100037,6.812858105,64
長沼公園,139.3705993,35.63862292,117.2099991,24.17928123,60
長沼公園,139.3706004,35.63844265,128.5099945,25.21040154,151
長沼公園,139.3706014,35.63826238,127.0100021,30.68227196,162
長沼公園,139.3706024,35.63808211,130.0099945,38.48403549,179
長沼公園,139.3706035,35.63790184,133.3099976,36.50055313,164
長沼公園,139.3706045,35.63772157,134.1100006,30.83893776,153
長沼公園,139.3706055,35.6375413,137.6100006,35.6531868,186
長沼公園,139.3706066,35.63736103,135.7100067,33.94566345,158
長沼公園,139.3706076,35.63718076,139.8099976,44.58499908,176
長沼公園,139.3706087,35.63700049,141.3099976,47.63041687,184
長沼公園,139.3706097,35.63682022,143.7100067,41.04107285,163
長沼公園,139.3706107,35.63663995,146.4100037,33.77175522,159
長沼公園,139.3706118,35.63645968,154.3099976,37.81985855,171
長沼公園,139.3706128,35.63627941,159.3099976,36.08504105,142
長沼公園,139.3706139,35.63609914,173.1100006,38.47700119,97
長沼公園,139.3706149,35.63591887,187.7100067,11.25386524,87
長沼公園,139.3706159,35.6357386,187.9100037,3.872728825,197
長沼公園,139.370617,35.63555833,185.2100067,24.06793976,238
長沼公園,139.370618,35.63537806,176.5099945,28.26347542,229
長沼公園,139.3708066,35.64096727,97.30999756,38.08659363,110
長沼公園,139.3708077,35.640787,108.5100021,19.91234016,47
長沼公園,139.3708087,35.64060673,114.4100037,35.80060196,25
長沼公園,139.3708098,35.64042646,119.0100021,34.58037567,19
長沼公園,139.3708108,35.64024619,125.9100037,29.94942665,47
長沼公園,139.3708118,35.64006592,130.5099945,6.859124184,84
長沼公園,139.3708129,35.63988565,124.4100037,33.19776535,241
長沼公園,139.3708139,35.63970538,115.0100021,31.42426109,235
長沼公園,139.3708149,35.63952511,104.6100006,20.39077187,235
長沼公園,139.370816,35.63934484,100.4100037,22.84608269,83
長沼公園,139.370817,35.63916458,106.4100037,8.633595467,24
長沼公園,139.3708181,35.63898431,108.0100021,13.28077984,64
長沼公園,139.3708191,35.63880404,112.2099991,8.988368034,90
長沼公園,139.3708201,35.63862377,115.7099991,17.41749954,95
長沼公園,139.3708212,35.6384435,126.7099991,31.73628616,116
長沼公園,139.3708222,35.63826323,138.5099945,16.87757492,135
長沼公園,139.3708233,35.63808296,142.7100067,8.253170013,78
長沼公園,139.3708243,35.63790269,142.3099976,21.32789612,357
長沼公園,139.3708253,35.63772242,141.6100006,25.59045219,350
長沼公園,139.3708264,35.63754215,140.0099945,42.4798584,8
長沼公園,139.3708274,35.63736188,139.0099945,49.87404251,352
長沼公園,139.3708285,35.63718161,141.4100037,46.05158997,6
長沼公園,139.3708295,35.63700134,144.4100037,45.95346832,7
長沼公園,139.3708305,35.63682107,151.9100037,47.36199951,15
長沼公園,139.3708316,35.6366408,154.3099976,33.86756516,350
長沼公園,139.3708326,35.63646053,159.3099976,30.86072922,65
長沼公園,139.3708336,35.63628026,167.4100037,41.80245972,42
長沼公園,139.3708347,35.63609999,183.9100037,30.10179901,82
長沼公園,139.3708357,35.63591972,187.9100037,4.550076485,76
長沼公園,139.3708368,35.63573945,188.1100006,5.221457005,305
長沼公園,139.3708378,35.63555918,183.9100037,22.13539124,314
長沼公園,139.3708388,35.63537891,178.9100037,16.33388138,324
長沼公園,139.3708399,35.63519864,176.0099945,14.49566936,319
長沼公園,139.3708409,35.63501837,173.3099976,11.51443386,300
長沼公園,139.370842,35.6348381,170.1100006,9.500473976,289
長沼公園,139.370843,35.63465783,165.5099945,7.948178291,253
長沼公園,139.370844,35.63447756,163.6100006,12.68130207,317
長沼公園,139.3708451,35.63429729,159.4100037,17.2582531,323
長沼公園,139.3710275,35.64096812,98.70999908,20.48576736,58
長沼公園,139.3710285,35.64078785,101.6100006,10.92713642,63
長沼公園,139.3710296,35.64060758,105.8099976,14.66065598,91
長沼公園,139.3710306,35.64042731,110.2099991,13.2481184,82
長沼公園,139.3710316,35.64024704,116.5100021,29.13170433,25
長沼公園,139.3710327,35.64006677,122.4100037,24.10201645,71
長沼公園,139.3710337,35.6398865,131.1100006,29.64851761,261
長沼公園,139.3710347,35.63970623,118.9100037,25.85963249,238
長沼公園,139.3710358,35.63952596,109.6100006,32.65908813,231
長沼公園,139.3710368,35.63934569,100.9100037,15.99840546,202
長沼公園,139.3710379,35.63916542,101.4100037,5.388088226,30
長沼公園,139.3710389,35.63898515,104.8099976,20.5117321,203
長沼公園,139.3710399,35.63880488,113.3099976,33.2845993,81
長沼公園,139.371041,35.63862461,121.3099976,23.48172188,106
長沼公園,139.371042,35.63844434,129.7100067,16.7936554,49
長沼公園,139.371043,35.63826407,131.5099945,32.88837051,346
長沼公園,139.3710441,35.6380838,129.5099945,33.70588684,354
長沼公園,139.3710451,35.63790353,127.8099976,28.3278904,0
長沼公園,139.3710462,35.63772326,126.9100037,35.41850281,355
長沼公園,139.3710472,35.63754299,127.0100021,24.60567284,18
長沼公園,139.3710482,35.63736273,128.1100006,11.79878998,89
長沼公園,139.3710493,35.63718246,134.8099976,18.20385742,87
長沼公園,139.3710503,35.63700219,138.6100006,9.057866096,97
長沼公園,139.3710514,35.63682192,143.9100037,11.6534586,59
長沼公園,139.3710524,35.63664165,147.1100006,16.3144207,86
長沼公園,139.3710534,35.63646138,151.6100006,19.10339737,31
長沼公園,139.3710545,35.63628111,158.2100067,31.69379234,87
長沼公園,139.3710555,35.63610084,178.8099976,41.38028336,93
長沼公園,139.3710565,35.63592057,186.7100067,7.887170792,47
長沼公園,139.3710576,35.6357403,187.2100067,3.137221813,267
長沼公園,139.3710586,35.63556003,181.4100037,23.15432549,243
長沼公園,139.3710597,35.63537976,172.7100067,25.20783424,261
長沼公園,139.3712483,35.64096897,94.91000366,29.20718193,72
長沼公園,139.3712494,35.6407887,105.6100006,26.27952766,96
長沼公園,139.3712504,35.64060843,114.8099976,27.80887985,158
長沼公園,139.3712514,35.64042816,115.2099991,30.80594826,179
長沼公園,139.3712525,35.64024789,117.5100021,32.07178116,146
長沼公園,139.3712535,35.64006762,126.1100006,32.06244659,133
長沼公園,139.3712545,35.63988735,135.5099945,22.96179199,224
長沼公園,139.3712556,35.63970708,126.0100021,35.47213364,219
長沼公園,139.3712566,35.63952681,121.6100006,30.83893967,207
長沼公園,139.3712577,35.63934654,117.0100021,33.42025757,211
長沼公園,139.3712587,35.63916627,117.1100006,41.79876328,161
長沼公園,139.3712597,35.638986,114.9100037,40.97554779,228
長沼公園,139.3712608,35.63880573,105.8099976,4.855221272,102
長沼公園,139.3712618,35.63862546,114.7099991,41.09773636,25
長沼公園,139.3712628,35.63844519,119.4100037,31.63441277,5
長沼公園,139.3712639,35.63826492,117.8099976,38.1852684,354
長沼公園,139.3712649,35.63808465,117.3099976,31.87124252,354
長沼公園,139.371266,35.63790438,118.4100037,10.13312244,61
長沼公園,139.371267,35.63772411,124.9100037,28.89198875,148
長沼公園,139.371268,35.63754384,132.5099945,28.72276115,153
長沼公園,139.3712691,35.63736357,138.3099976,39.9159317,151
長沼公園,139.3712701,35.6371833,147.9100037,46.3094368,147
長沼公園,139.3712711,35.63700303,154.0099945,39.70334625,172
長沼公園,139.3712722,35.63682276,147.5099945,26.56731415,173
長沼公園,139.3712732,35.63664249,155.7100067,35.55221939,146
長沼公園,139.3712743,35.63646222,156.3099976,27.39510727,140
長沼公園,139.3712753,35.63628195,166.4100037,39.90608597,127
長沼公園,139.3712763,35.63610168,183.4100037,22.29046059,121
長沼公園,139.3712774,35.63592141,184.3099976,13.50414562,7
長沼公園,139.3712784,35.63574114,184.6100006,18.32984734,24
長沼公園,139.3712794,35.63556087,185.3099976,12.06858826,311
長沼公園,139.3712805,35.6353806,178.5099945,28.30540657,242
長沼公園,139.3712815,35.63520033,166.7100067,32.16252518,222
長沼公園,139.3714691,35.64096981,91.20999908,16.0976963,62
長沼公園,139.3714702,35.64078954,101.0100021,28.26545334,85
長沼公園,139.3714712,35.64060927,112.4100037,24.85532951,70
長沼公園,139.3714723,35.64042901,121.1100006,24.43508911,89
長沼公園,139.3714733,35.64024874,127.4100037,8.311728477,92
長沼公園,139.3714743,35.64006847,130.0099945,14.3768549,31
長沼公園,139.3714754,35.6398882,133.0099945,19.1429882,26
長沼公園,139.3714764,35.63970793,136.9100037,7.887303829,133
長沼公園,139.3714774,35.63952766,130.8099976,36.1769371,199
長沼公園,139.3714785,35.63934739,128.7100067,35.96566772,218
長沼公園,139.3714795,35.63916712,127.3099976,34.83251953,166
長沼公園,139.3714806,35.63898685,125.6100006,38.95054626,240
長沼公園,139.3714816,35.63880658,114.1100006,38.75735855,205
長沼公園,139.3714826,35.63862631,110.5100021,24.57567024,215
長沼公園,139.3714837,35.63844604,108.5100021,7.029250622,144
長沼公園,139.3714847,35.63826577,113.5100021,32.81482315,61
長沼公園,139.3714857,35.6380855,124.3099976,17.66097641,90
長沼公園,139.3714868,35.63790523,129.6100006,21.87201309,115
長沼公園,139.3714878,35.63772496,135.1100006,32.60329437,159
長沼公園,139.3714889,35.63754469,147.7100067,46.31679916,147
長沼公園,139.3714899,35.63736442,157.5099945,34.02794266,162
長沼公園,139.3714909,35.63718415,162.0099945,36.84937286,136
長沼公園,139.371492,35.63700388,166.3099976,36.37660217,186
長沼公園,139.371493,35.63682361,159.3099976,35.7765007,203
長沼公園,139.371494,35.63664334,162.2100067,34.30487442,119
長沼公園,139.3714951,35.63646307,172.7100067,35.99248505,174
長沼公園,139.3714961,35.6362828,177.7100067,39.7016716,151
長沼公園,139.3714972,35.63610253,181.8099976,17.82674599,289
長沼公園,139.3714982,35.63592226,178.1100006,13.1274128,331
長沼公園,139.3714992,35.63574199,178.5099945,24.40103149,13
長沼公園,139.3715003,35.63556172,175.3099976,31.19754601,353
長沼公園,139.3715013,35.63538145,173.1100006,29.96969223,339
長沼公園,139.371691,35.64079039,105.0100021,33.71208191,91
長沼公園,139.3716921,35.64061012,117.6100006,22.03945732,108
長沼公園,139.3716931,35.64042985,122.3099976,8.400753975,52
長沼公園,139.3716941,35.64024958,121.3099976,29.23877144,3
長沼公園,139.3716952,35.64006931,119.8099976,17.85093689,21
長沼公園,139.3716962,35.63988904,128.8099976,28.36310577,97
長沼公園,139.3716972,35.63970877,136.5099945,16.98526764,29
長沼公園,139.3716983,35.6395285,134.2100067,36.56094742,354
長沼公園,139.3716993,35.63934823,136.6100006,20.18338966,342
長沼公園,139.3717004,35.63916796,137.5099945,11.96637917,5
長沼公園,139.3717014,35.63898769,135.4100037,23.26534843,196
長沼公園,139.3717024,35.63880742,131.9100037,40.59931564,202
長沼公園,139.3717035,35.63862715,122.7099991,30.64163399,221
長沼公園,139.3717045,35.63844688,123.1100006,32.91027832,211
長沼公園,139.3717055,35.63826661,119.0100021,44.97854614,210
長沼公園,139.3717066,35.63808635,115.7099991,13.16241646,86
長沼公園,139.3717076,35.63790608,125.1100006,27.15864944,65
長沼公園,139.3717086,35.63772581,125.0100021,45.11350632,10
長沼公園,139.3717097,35.63754554,139.7100067,44.12018967,47
長沼公園,139.3717107,35.63736527,154.5099945,32.23846817,18
長沼公園,139.3717118,35.637185,160.0099945,35.29155731,61
長沼公園,139.3717128,35.63700473,170.6100006,28.59950638,26
長沼公園,139.3717138,35.63682446,174.5099945,9.231121063,66
長沼公園,139.3717149,35.63664419,177.2100067,21.26011658,151
長沼公園,139.3717159,35.63646392,181.5099945,14.77684593,59
長沼公園,139.3717169,35.63628365,184.7100067,13.35223484,33
長沼公園,139.371718,35.63610338,182.9100037,18.90469551,230
長沼公園,139.371719,35.63592311,176.7100067,23.07657242,251
長沼公園,139.3719119,35.64079124,99.11000061,47.25291443,66
長沼公園,139.3719129,35.64061097,114.0100021,29.12576485,357
長沼公園,139.3719139,35.6404307,111.0100021,34.39442825,354
長沼公園,139.371915,35.64025043,112.2099991,14.14084435,77
長沼公園,139.371916,35.64007016,121.1100006,34.13887024,114
長沼公園,139.371917,35.63988989,128.7100067,17.17108154,355
長沼公園,139.3719181,35.63970962,127.8099976,29.36948013,347
長沼公園,139.3719191,35.63952935,123.4100037,26.92201042,4
長沼公園,139.3719202,35.63934908,123.7099991,30.94329643,8
長沼公園,139.3719212,35.63916881,126.1100006,29.73757553,343
長沼公園,139.3719222,35.63898854,130.0099945,28.38851166,33
長沼公園,139.3719233,35.63880827,138.1100006,29.61125183,63
長沼公園,139.3719243,35.638628,137.8099976,47.30796432,202
長沼公園,139.3719253,35.63844773,131.8099976,34.59955215,210
長沼公園,139.3719264,35.63826746,127.0100021,35.22540665,243
長沼公園,139.3719274,35.63808719,116.6100006,19.37136269,218
長沼公園,139.3719284,35.63790692,117.4100037,20.9852047,160
長沼公園,139.3719295,35.63772665,117.1100006,11.38416576,198
長沼公園,139.3719305,35.63754638,128.8099976,42.83205414,59
長沼公園,139.3719315,35.63736611,140.7100067,36.05154037,75
長沼公園,139.3719326,35.63718584,155.1100006,26.74136162,35
長沼公園,139.3719336,35.63700557,157.0099945,32.80910873,14
長沼公園,139.3719347,35.6368253,160.4100037,34.45156097,2
長沼公園,139.3719357,35.63664503,166.0099945,38.39030075,31
長沼公園,139.3719367,35.63646476,174.3099976,28.08801079,24
長沼公園,139.3719378,35.63628449,179.2100067,20.18778992,52
長沼公園,139.3719388,35.63610422,186.1100006,4.783108711,109
長沼公園,139.3719398,35.63592395,179.8099976,34.11759186,262
長沼公園,139.3721337,35.64061181,98.91000366,35.09316254,44
長沼公園,139.3721348,35.64043154,103.9100037,25.58707619,76
長沼公園,139.3721358,35.64025127,115.1100006,23.93486214,38
長沼公園,139.3721368,35.640071,121.7099991,28.22492218,27
長沼公園,139.3721379,35.63989073,117.4100037,39.60565186,325
長沼公園,139.3721389,35.63971046,114.9100037,29.28079605,350
長沼公園,139.3721399,35.6395302,113.1100006,23.60441589,350
長沼公園,139.372141,35.63934993,114.0100021,21.98107147,12
長沼公園,139.372142,35.63916966,114.5100021,22.30035782,358
長沼公園,139.3721431,35.63898939,119.7099991,30.87306595,29
長沼公園,139.3721441,35.63880912,126.9100037,33.60598755,29
長沼公園,139.3721451,35.63862885,136.7100067,42.27988052,63
長沼公園,139.3721462,35.63844858,144.6100006,12.49667645,246
長沼公園,139.3721472,35.63826831,139.0099945,49.64827728,214
長沼公園,139.3721482,35.63808804,128.1100006,44.68827438,199
長沼公園,139.3721493,35.63790777,128.4100037,38.37165833,155
長沼公園,139.3721503,35.6377275,127.1100006,45.79484558,249
長沼公園,139.3721513,35.63754723,130.3099976,45.05139923,90
長沼公園,139.3721524,35.63736696,143.8099976,48.62610245,1
長沼公園,139.3721534,35.63718669,136.9100037,45.93292999,356
長沼公園,139.3721544,35.63700642,145.2100067,16.97788429,104
長沼公園,139.3721555,35.63682615,152.6100006,17.41031265,69
長沼公園,139.3721565,35.63664588,158.0099945,21.08630371,84
長沼公園,139.3721576,35.63646561,169.6100006,36.31985474,98
長沼公園,139.3721586,35.63628534,177.9100037,19.67015266,93
長沼公園,139.3721596,35.63610507,185.6100006,10.76526737,64
長沼公園,139.3721607,35.6359248,182.1100006,23.8975029,274
長沼公園,139.3721617,35.63574453,171.7100067,28.77946281,254
長沼公園,139.3723556,35.64043239,99.41000366,17.63330841,42
長沼公園,139.3723566,35.64025212,104.0100021,28.8519783,40
長沼公園,139.3723577,35.64007185,108.6100006,31.82963943,12
長沼公園,139.3723587,35.63989158,107.7099991,20.5677948,333
長沼公園,139.3723597,35.63971131,108.2099991,4.104269028,74
長沼公園,139.3723608,35.63953104,109.8099976,18.47295189,146
長沼公園,139.3723618,35.63935077,112.5100021,13.88522816,161
長沼公園,139.3723629,35.6391705,115.2099991,19.58151817,158
長沼公園,139.3723639,35.63899023,118.3099976,23.09688187,160
長沼公園,139.3723649,35.63880996,123.0100021,23.74193192,103
長沼公園,139.372366,35.63862969,133.2100067,37.63248825,81
長沼公園,139.372367,35.63844942,147.5099945,15.46096325,128
長沼公園,139.372368,35.63826915,152.8099976,19.30464745,135
長沼公園,139.3723691,35.63808888,151.3099976,43.9213562,185
長沼公園,139.3723701,35.63790861,147.8099976,25.62894058,242
長沼公園,139.3723711,35.63772834,133.3099976,46.01891327,258
長沼公園,139.3723722,35.63754807,121.9100037,11.05490875,198
長沼公園,139.3723732,35.6373678,131.0099945,30.31188202,121
長沼公園,139.3723742,35.63718753,147.4100037,21.63352585,74
長沼公園,139.3723753,35.63700726,153.0099945,29.24394608,126
長沼公園,139.3723763,35.63682699,160.2100067,36.55430603,165
長沼公園,139.3723773,35.63664672,166.8099976,39.210495,143
長沼公園,139.3723784,35.63646645,170.7100067,30.2523365,155
長沼公園,139.3723794,35.63628618,176.8099976,14.34408283,115
長沼公園,139.3723804,35.63610591,184.0099945,8.801768303,84
長沼公園,139.3723815,35.63592564,182.4100037,13.92161274,222
長沼公園,139.3723825,35.63574537,175.1100006,29.87364578,257
長沼公園,139.3725806,35.63971216,115.4100037,36.88390732,145
長沼公園,139.3725858,35.63881081,130.6100006,30.25125122,153
長沼公園,139.3725868,35.63863054,138.1100006,37.703022,124
長沼公園,139.3725878,35.63845027,152.6100006,31.92786598,136
長沼公園,139.3725889,35.63827,157.4100037,23.91039085,139
長沼公園,139.3725899,35.63808973,157.6100006,26.41259575,263
長沼公園,139.3725909,35.63790946,147.8099976,29.32442856,270
長沼公園,139.372592,35.63772919,143.6100006,33.55804443,131
長沼公園,139.372593,35.63754892,140.9100037,51.98058319,201
長沼公園,139.372594,35.63736865,135.0099945,55.7163887,199
長沼公園,139.3725951,35.63718838,132.2100067,41.04414749,46
長沼公園,139.3725961,35.63700811,148.4100037,48.71932602,48
長沼公園,139.3725971,35.63682784,164.2100067,36.00437164,67
長沼公園,139.3725982,35.63664757,170.6100006,33.82201767,22
長沼公園,139.3725992,35.6364673,178.3099976,21.64237785,73
長沼公園,139.3726002,35.63628703,181.8099976,9.152068138,146
長沼公園,139.3726013,35.63610676,183.0099945,8.259233475,33
長沼公園,139.3726023,35.63592649,181.6100006,20.58753395,338
長沼公園,139.3726033,35.63574622,177.6100006,12.50551796,256
長沼公園,139.3728066,35.63881165,135.3099976,37.30635834,83
長沼公園,139.3728076,35.63863138,149.2100067,31.76549339,59
長沼公園,139.3728087,35.63845111,155.4100037,31.34592438,15
長沼公園,139.3728097,35.63827084,156.9100037,37.17771149,31
長沼公園,139.3728107,35.63809057,158.4100037,27.12962341,260
長沼公園,139.3728118,35.6379103,151.1100006,21.20245171,203
長沼公園,139.3728128,35.63773003,153.6100006,28.84629822,148
長沼公園,139.3728138,35.63754976,155.5099945,30.13004303,184
長沼公園,139.3728149,35.63736949,150.8099976,29.07979965,222
長沼公園,139.3728159,35.63718922,140.2100067,33.72259521,153
長沼公園,139.3728169,35.63700895,143.4100037,12.41123676,139
長沼公園,139.372818,35.63682868,154.5099945,26.28962517,48
長沼公園,139.372819,35.63664841,159.7100067,29.77523422,42
長沼公園,139.37282,35.63646814,173.1100006,36.08850098,51
長沼公園,139.3728211,35.63628787,178.4100037,22.71447182,23
長沼公園,139.3728221,35.6361076,180.4100037,11.27097416,266
長沼公園,139.3728231,35.63592733,175.8099976,16.08568382,284
長沼公園,139.3728242,35.63574706,170.9100037,25.83750725,330
長沼公園,139.3728252,35.63556679,169.2100067,32.35950089,342
長沼公園,139.3730284,35.63863222,131.8099976,37.82673264,32
長沼公園,139.3730295,35.63845196,137.2100067,30.3817234,360
長沼公園,139.3730305,35.63827169,149.3099976,38.23231888,69
長沼公園,139.3730316,35.63809142,161.4100037,15.18559933,76
長沼公園,139.3730326,35.63791115,160.0099945,24.55001068,168
長沼公園,139.3730336,35.63773088,165.1100006,37.32489014,163
長沼公園,139.3730347,35.63755061,169.2100067,27.66529465,206
長沼公園,139.3730357,35.63737034,158.5099945,33.85871506,253
長沼公園,139.3730367,35.63719007,148.2100067,20.09275436,242
長沼公園,139.3730378,35.6370098,155.2100067,27.54199791,142
長沼公園,139.3730388,35.63682953,153.2100067,27.53161812,172
長沼公園,139.3730398,35.63664926,156.4100037,18.92801666,110
長沼公園,139.3730409,35.63646899,164.2100067,30.49263382,133
長沼公園,139.3730419,35.63628872,175.2100067,31.92192268,117
長沼公園,139.3730429,35.63610845,182.8099976,3.163321257,199
長沼公園,139.373044,35.63592818,177.7100067,26.84416008,291
長沼公園,139.3732513,35.63827253,146.6100006,42.71880341,21
長沼公園,139.3732524,35.63809226,149.3099976,41.284729,29
長沼公園,139.3732534,35.63791199,160.2100067,33.13224411,35
長沼公園,139.3732544,35.63773172,169.8099976,36.79912186,49
長沼公園,139.3732555,35.63755145,172.2100067,30.30459976,255
長沼公園,139.3732565,35.63737118,162.2100067,28.98324013,222
長沼公園,139.3732575,35.63719091,156.1100006,34.21616364,211
長沼公園,139.3732586,35.63701064,155.1100006,32.45926285,110
長沼公園,139.3732596,35.63683037,169.6100006,38.5252533,177
長沼公園,139.3732606,35.6366501,163.2100067,27.20550919,207
長沼公園,139.3732617,35.63646983,172.0099945,35.455513,109
長沼公園,139.3732627,35.63628956,179.7100067,19.75462723,125
長沼公園,139.3732637,35.63610929,179.7100067,17.55857658,281
長沼公園,139.3732648,35.63592902,170.9100037,33.19741058,292
長沼公園,139.3734732,35.6380931,139.8099976,30.16889763,36
長沼公園,139.3734742,35.63791283,150.0099945,29.38187599,57
長沼公園,139.3734753,35.63773256,158.0099945,34.29016876,56
長沼公園,139.3734763,35.63755229,174.6100006,11.03130817,161
長沼公園,139.3734773,35.63737202,172.9100037,27.29378891,189
長沼公園,139.3734784,35.63719175,165.8099976,37.52284241,234
長沼公園,139.3734794,35.63701148,161.3099976,28.98278046,122
長沼公園,139.3734804,35.63683121,175.4100037,14.87083626,140
長沼公園,139.3734815,35.63665094,173.0099945,24.79841423,221
長沼公園,139.3734825,35.63647067,172.5099945,26.52173424,142
長沼公園,139.3734835,35.6362904,179.4100037,16.61301804,88
長沼公園,139.3734846,35.63611013,181.7100067,18.19824791,254
長沼公園,139.3734856,35.63592986,172.0099945,33.00940704,255
長沼公園,139.3736961,35.63773341,152.8099976,30.29076385,83
長沼公園,139.3736971,35.63755314,167.9100037,43.41413879,52
長沼公園,139.3736992,35.6371926,176.2100067,23.74690437,207
長沼公園,139.3737002,35.63701233,169.8099976,29.89171791,196
長沼公園,139.3737013,35.63683206,179.2100067,14.63046646,114
長沼公園,139.3737023,35.63665179,178.9100037,14.89811039,198
長沼公園,139.3737033,35.63647152,180.2100067,16.8537941,153
長沼公園,139.3737044,35.63629125,182.2100067,15.62206078,149
長沼公園,139.3737064,35.63593071,173.5099945,28.88951683,268
八王子霊園,139.2605289,35.65956253,246.6300049,1.327660203,15
八王子霊園,139.2607485,35.65974384,246.1300049,1.286397457,5
八王子霊園,139.2607498,35.65956358,246.0299988,4.754966736,92
八王子霊園,139.2609681,35.65992516,245.4299927,1.497311592,18
八王子霊園,139.2609694,35.65974489,245.6300049,2.162846804,9
八王子霊園,139.2609707,35.65956463,246.2299957,22.55449104,102
八王子霊園,139.2611864,35.66028674,241.9299927,15.43742561,339
八王子霊園,139.2611877,35.66010647,242.8300018,2.734964132,28
八王子霊園,139.261189,35.65992621,243.0299988,9.599636078,26
八王子霊園,139.2611903,35.65974594,245.0299988,3.487263441,39
八王子霊園,139.261406,35.66046805,244.1300049,19.06408882,242
八王子霊園,139.2614073,35.66028779,241.6300049,1.7938447,76
八王子霊園,139.2614086,35.66010752,242.4299927,1.347312927,72
八王子霊園,139.2614099,35.65992726,242.9299927,1.34733665,72
八王子霊園,139.2614112,35.65974699,245.0299988,7.171703339,92
八王子霊園,139.2614125,35.65956673,246.1300049,12.51925564,13
八王子霊園,139.2614138,35.65938646,247.3300018,20.44297981,1
八王子霊園,139.261415,35.65920619,247.1300049,2.734974861,332
八王子霊園,139.2616244,35.66082964,239.9299927,34.31441879,39
八王子霊園,139.2616269,35.6604691,244.3300018,26.99185181,307
八王子霊園,139.2616282,35.66028884,241.1300049,2.698536396,51
八王子霊園,139.2616295,35.66010857,242.0299988,2.340285063,53
八王子霊園,139.2616308,35.65992831,242.7299957,2.442650795,93
八王子霊園,139.2616321,35.65974804,245.1300049,11.92206669,93
八王子霊園,139.2616334,35.65956777,246.0299988,2.554503441,90
八王子霊園,139.2616346,35.65938751,246.7299957,0.697113574,90
八王子霊園,139.2616359,35.65920724,246.8300018,0.23235774,90
八王子霊園,139.2616372,35.65902698,247.0299988,0.721042514,54
八王子霊園,139.2618452,35.66083068,237.2299957,2.613936901,35
八王子霊園,139.2618465,35.66065042,237.5299988,6.228554726,33
八王子霊園,139.2618478,35.66047015,240.1300049,8.759204865,49
八王子霊園,139.2618491,35.66028989,240.8300018,2.211112976,94
八王子霊園,139.2618504,35.66010962,241.8300018,2.204122543,39
八王子霊園,139.2618517,35.65992935,242.4299927,6.824498653,24
八王子霊園,139.261853,35.65974909,243.7299957,11.00449276,41
八王子霊園,139.2618542,35.65956882,245.1300049,7.491419792,39
八王子霊園,139.2618555,35.65938856,247.5299988,5.565411091,128
八王子霊園,139.2618568,35.65920829,248.0299988,12.24073315,185
八王子霊園,139.2618581,35.65902802,247.1300049,8.033548355,156
八王子霊園,139.2620623,35.66137253,240.7299957,27.89769363,6
八王子霊園,139.2620661,35.66083173,236.4299927,2.198248625,25
八王子霊園,139.2620674,35.66065147,236.7299957,2.613957405,35
八王子霊園,139.2620687,35.6604712,237.4299927,5.231935501,45
八王子霊園,139.26207,35.66029093,239.0299988,16.48804092,337
八王子霊園,139.2620713,35.66011067,239.4299927,4.771865845,85
八王子霊園,139.2620726,35.6599304,241.2299957,5.851525307,82
八王子霊園,139.2620738,35.65975014,243.2299957,6.824254036,91
八王子霊園,139.2620751,35.65956987,245.4299927,7.612462044,120
八王子霊園,139.2620764,35.6593896,247.5299988,7.309381962,118
八王子霊園,139.2620777,35.65920934,250.3300018,5.398845196,145
八王子霊園,139.262079,35.65902907,251.6300049,5.578234196,133
八王子霊園,139.2622832,35.66137358,234.5299988,1.570030928,4
八王子霊園,139.2622857,35.66101305,236.2299957,16.3548069,329
八王子霊園,139.262287,35.66083278,235.6300049,2.065210581,34
八王子霊園,139.2622883,35.66065251,236.1300049,2.523207426,47
八王子霊園,139.2622896,35.66047225,235.8300018,5.90912962,10
八王子霊園,139.2622909,35.66029198,237.2299957,8.301594734,43
八王子霊園,139.2622922,35.66011172,238.7299957,8.632102013,123
八王子霊園,139.2622934,35.65993145,244.1300049,33.59316254,156
八王子霊園,139.2622947,35.65975118,251.7299957,37.71007538,156
八王子霊園,139.262296,35.65957092,254.9299927,22.32342148,177
八王子霊園,139.2622973,35.65939065,254.3300018,23.2676506,179
八王子霊園,139.2622986,35.65921039,252.4299927,13.20326424,193
八王子霊園,139.2622999,35.65903012,253.6300049,5.326173306,149
八王子霊園,139.2623011,35.65884985,255.7299957,24.70367432,85
八王子霊園,139.2625041,35.66137463,234.3300018,4.849928379,230
八王子霊園,139.2625053,35.66119436,233.9299927,1.570008039,356
八王子霊園,139.2625066,35.66101409,234.3300018,2.555468798,27
八王子霊園,139.2625079,35.66083383,234.7299957,2.570953131,39
八王子霊園,139.2625092,35.66065356,233.7299957,6.561475277,338
八王子霊園,139.2625105,35.6604733,235.0299988,2.288583517,6
八王子霊園,139.2625118,35.66029303,235.2299957,0.734983087,39
八王子霊園,139.262513,35.66011276,241.5299988,35.77311325,64
八王子霊園,139.2625143,35.6599325,255.0299988,8.649284363,69
八王子霊園,139.2625156,35.65975223,255.2299957,1.102413058,39
八王子霊園,139.2625169,35.65957197,255.3300018,1.15336132,30
八王子霊園,139.2625182,35.6593917,255.5299988,1.102469206,39
八王子霊園,139.2625195,35.65921143,255.8300018,0.54501158,59
八王子霊園,139.2625207,35.65903117,255.9299927,0.376542509,112
八王子霊園,139.262522,35.6588509,256.1300049,18.13341713,106
八王子霊園,139.2625233,35.65867063,266.3299866,26.91231155,104
八王子霊園,139.262725,35.66137567,235.9299927,22.96909332,270
八王子霊園,139.2627262,35.66119541,231.7299957,3.646082878,347
八王子霊園,139.2627275,35.66101514,231.8300018,10.92431355,29
八王子霊園,139.2627288,35.66083487,234.0299988,5.516374111,348
八王子霊園,139.2627301,35.66065461,233.5299988,7.019913197,65
八王子霊園,139.2627314,35.66047434,235.1300049,1.26482451,56
八王子霊園,139.2627326,35.66029408,235.2299957,0.720985353,126
八王子霊園,139.2627339,35.66011381,235.3300018,4.036144257,39
八王子霊園,139.2627352,35.65993354,246.8300018,43.14957047,45
八王子霊園,139.2627365,35.65975328,254.9299927,5.280418873,41
八王子霊園,139.2627378,35.65957301,255.0299988,1.162323594,12
八王子霊園,139.2627391,35.65939275,255.2299957,1.089951038,59
八王子霊園,139.2627403,35.65921248,255.5299988,1.335201263,31
八王子霊園,139.2627416,35.65903221,256.1300049,10.72792912,117
八王子霊園,139.2627429,35.65885195,259.6300049,25.40762329,116
八王子霊園,139.2627442,35.65867168,269.0299988,28.82598495,111
八王子霊園,139.2629458,35.66137672,230.5299988,4.982583523,4
八王子霊園,139.2629471,35.66119645,230.9299927,2.822429419,17
八王子霊園,139.2629484,35.66101619,231.3300018,2.487263441,31
八王子霊園,139.2629497,35.66083592,231.3300018,4.757202625,10
八王子霊園,139.262951,35.66065565,232.6300049,13.73782539,109
八王子霊園,139.2629523,35.66047539,241.5299988,33.77409363,124
八王子霊園,139.2629535,35.66029512,245.6300049,37.46065903,199
八王子霊園,139.2629548,35.66011486,240.7299957,35.51230621,151
八王子霊園,139.2629561,35.65993459,251.2299957,36.203022,144
八王子霊園,139.2629574,35.65975432,254.4299927,1.15348196,30
八王子霊園,139.2629587,35.65957406,254.7299957,0.900103807,51
八王子霊園,139.2629599,35.65939379,255.0299988,1.153454304,30
八王子霊園,139.2629612,35.65921353,255.2299957,8.377104759,118
八王子霊園,139.2629625,35.65903326,258.230011,9.464799881,127
八王子霊園,139.2629638,35.65885299,265.1300049,16.20684242,100
八王子霊園,139.2631642,35.6617383,235.5299988,37.98952866,5
八王子霊園,139.2631655,35.66155803,235.7299957,29.67002487,313
八王子霊園,139.2631667,35.66137776,229.6300049,2.63470149,23
八王子霊園,139.263168,35.6611975,230.2299957,2.704854012,47
八王子霊園,139.2631693,35.66101723,229.0299988,6.649821281,336
八王子霊園,139.2631706,35.66083697,230.3300018,3.068017721,71
八王子霊園,139.2631719,35.6606567,237.7299957,32.5224762,137
八王子霊園,139.2631731,35.66047643,246.9299927,34.59757614,122
八王子霊園,139.2631744,35.66029617,252.6300049,0.183776259,39
八王子霊園,139.2631757,35.6601159,252.6300049,1.76998198,165
八王子霊園,139.263177,35.65993564,253.4299927,8.930431366,28
八王子霊園,139.2631783,35.65975537,254.2299957,1.080738187,49
八王子霊園,139.2631795,35.6595751,254.4299927,1.055678368,19
八王子霊園,139.2631808,35.65939484,254.6300049,1.102441192,39
八王子霊園,139.2631821,35.65921457,257.4299927,7.799946785,106
八王子霊園,139.2631834,35.65903431,263.3299866,16.86972618,112
八王子霊園,139.2631847,35.65885404,259.1300049,35.14001465,309
八王子霊園,139.2633851,35.66173934,228.4299927,3.528464794,324
八王子霊園,139.2633863,35.66155908,228.6300049,4.180860996,32
八王子霊園,139.2633876,35.66137881,229.0299988,2.487253904,31
八王子霊園,139.2633889,35.66119854,229.1300049,9.947216034,324
八王子霊園,139.2633902,35.66101828,228.7299957,11.18660069,100
八王子霊園,139.2633915,35.66083801,236.0299988,36.84394073,142
八王子霊園,139.2633927,35.66065775,245.8300018,37.05180359,132
八王子霊園,139.263394,35.66047748,252.6300049,1.944242477,151
八王子霊園,139.2633953,35.66029721,252.5299988,0.23239319,90
八王子霊園,139.2633966,35.66011695,252.5299988,0.183776259,219
八王子霊園,139.2633979,35.65993668,252.5299988,0.183776259,141
八王子霊園,139.2633992,35.65975642,252.6300049,1.882418275,34
八王子霊園,139.2634004,35.65957615,254.1300049,6.228554726,33
八王子霊園,139.2634017,35.65939588,254.3300018,3.21354723,103
八王子霊園,139.263403,35.65921562,259.1300049,23.34090614,109
八王子霊園,139.2634043,35.65903535,258.5299988,35.05274963,323
八王子霊園,139.2636059,35.66174039,225.4299927,8.577801704,310
八王子霊園,139.2636072,35.66156012,225.8300018,4.243831158,29
八王子霊園,139.2636085,35.66137986,228.3300018,5.842745304,14
八王子霊園,139.2636098,35.66119959,226.9299927,4.949314594,39
八王子霊園,139.2636111,35.66101932,231.5299988,31.44696617,110
八王子霊園,139.2636124,35.66083906,241.8300018,29.11087799,44
八王子霊園,139.2636136,35.66065879,249.7299957,34.31199646,22
八王子霊園,139.2636149,35.66047853,252.5299988,6.824537754,24
八王子霊園,139.2636162,35.66029826,252.5299988,0.61508739,202
八王子霊園,139.2636175,35.66011799,252.5299988,0,0
八王子霊園,139.2636188,35.65993773,252.5299988,0.28475824,180
八王子霊園,139.26362,35.65975746,252.2299957,0.183748215,321
八王子霊園,139.2636213,35.6595772,252.5299988,3.466355801,61
八王子霊園,139.2636226,35.65939693,253.7299957,6.37825489,86
八王子霊園,139.2636239,35.65921666,255.9299927,32.02136612,291
八王子霊園,139.2638268,35.66174143,224.5299988,2.91491437,29
八王子霊園,139.2638281,35.66156117,224.8300018,2.886669636,46
八王子霊園,139.2638294,35.6613809,225.2299957,5.413905144,5
八王子霊園,139.2638307,35.66120063,225.0299988,3.942985058,326
八王子霊園,139.263832,35.66102037,226.6300049,25.46282959,25
八王子霊園,139.2638332,35.6608401,231.4299927,40.96257782,19
八王子霊園,139.2638345,35.66065984,233.1300049,38.05664444,17
八王子霊園,139.2638358,35.66047957,239.3300018,41.94261169,19
八王子霊園,139.2638371,35.6602993,241.2299957,39.58815384,356
八王子霊園,139.2638384,35.66011904,244.5299988,35.60025024,37
八王子霊園,139.2638396,35.65993877,252.6300049,13.94477749,49
八王子霊園,139.2638409,35.65975851,252.5299988,2.906503439,317
八王子霊園,139.2638422,35.65957824,251.5299988,5.280441761,41
八王子霊園,139.2638435,35.65939797,249.2299957,25.96456337,352
八王子霊園,139.2638448,35.65921771,248.5299988,33.16207123,315
八王子霊園,139.263846,35.65903744,237.5299988,23.90595436,321
八王子霊園,139.2640465,35.66192274,223.2299957,2.937656879,39
八王子霊園,139.2640477,35.66174248,223.7299957,3.032477856,32
八王子霊園,139.264049,35.66156221,224.2299957,5.631196022,343
八王子霊園,139.2640503,35.66138194,224.6300049,5.396538258,99
八王子霊園,139.2640516,35.66120168,224.7299957,0.752978504,248
八王子霊園,139.2640528,35.66102141,224.7299957,0.545064509,59
八王子霊園,139.2640541,35.66084115,225.1300049,0.97206527,107
八王子霊園,139.2640554,35.66066088,225.6300049,4.343301773,44
八王子霊園,139.2640567,35.66048061,226.0299988,7.424586296,31
八王子霊園,139.264058,35.66030035,226.9299927,19.66537285,21
八王子霊園,139.2640592,35.66012008,231.6300049,24.31793213,62
八王子霊園,139.2640605,35.65993982,248.2299957,22.31111336,111
八王子霊園,139.2640618,35.65975955,249.3300018,5.26414156,19
八王子霊園,139.2640631,35.65957928,248.9299927,18.68636513,315
八王子霊園,139.2640644,35.65939902,242.6300049,22.01089859,315
八王子霊園,139.2640656,35.65921875,237.0299988,27.95142174,338
八王子霊園,139.2640669,35.65903849,234.4299927,4.441948891,37
八王子霊園,139.2640682,35.65885822,244.1300049,36.66158676,60
八王子霊園,139.2642661,35.66210405,223.3300018,33.85239792,316
八王子霊園,139.2642673,35.66192379,222.4299927,5.928158283,31
八王子霊園,139.2642686,35.66174352,222.8300018,3.16322422,8
八王子霊園,139.2642699,35.66156325,221.8300018,5.354848862,11
八王子霊園,139.2642712,35.66138299,224.9299927,23.36482048,116
八王子霊園,139.2642725,35.66120272,228.6300049,34.88737106,189
八王子霊園,139.2642737,35.66102246,229.9299927,40.80751419,172
八王子霊園,139.264275,35.66084219,230.3300018,38.66553116,181
八王子霊園,139.2642763,35.66066192,229.2299957,36.59980011,184
八王子霊園,139.2642776,35.66048166,229.3300018,37.0410347,171
八王子霊園,139.2642789,35.66030139,237.2299957,39.69906998,179
八王子霊園,139.2642801,35.66012113,235.7299957,32.1224556,163
八王子霊園,139.2642814,35.65994086,247.7299957,6.138803959,19
八王子霊園,139.2642827,35.65976059,248.3300018,7.424595833,329
八王子霊園,139.264284,35.65958033,246.8300018,0.54501158,59
八王子霊園,139.2642852,35.65940006,246.9299927,9.038003922,209
八王子霊園,139.2642865,35.6592198,239.6300049,36.28987122,213
八王子霊園,139.2642878,35.65903953,233.7299957,2.674222469,267
八王子霊園,139.2642891,35.65885926,233.4299927,17.89956474,44
八王子霊園,139.2642904,35.658679,240.4299927,36.43069458,12
八王子霊園,139.2644844,35.66246563,223.0299988,39.29220963,70
八王子霊園,139.264487,35.6621051,219.2299957,10.97603989,318
八王子霊園,139.2644882,35.66192483,219.9299927,2.923398018,61
八王子霊園,139.2644895,35.66174456,220.3300018,7.783050537,1
八王子霊園,139.2644908,35.6615643,221.1300049,4.008780956,60
八王子霊園,139.2644921,35.66138403,232.4299927,35.73371506,108
八王子霊園,139.2644933,35.66120377,244.4299927,25.28536415,157
八王子霊園,139.2644946,35.6610235,244.4299927,13.32039642,176
八王子霊園,139.2644959,35.66084323,244.4299927,17.02363777,183
八王子霊園,139.2644972,35.66066297,244.2299957,17.13778305,182
八王子霊園,139.2644985,35.6604827,244.1300049,11.35431767,172
八王子霊園,139.2644997,35.66030244,244.1300049,0.721041024,54
八王子霊園,139.264501,35.66012217,244.0299988,0.569502413,360
八王子霊園,139.2645023,35.6599419,246.0299988,4.853267193,35
八王子霊園,139.2645036,35.65976164,246.5299988,1.003266931,7
八王子霊園,139.2645049,35.65958137,246.7299957,0.734983146,39
八王子霊園,139.2645061,35.65940111,246.9299927,0.614993513,22
八王子霊園,139.2645074,35.65922084,239.9299927,26.80601692,294
八王子霊園,139.2645087,35.65904057,233.0299988,8.802963257,303
八王子霊園,139.26451,35.65886031,232.6300049,2.376514196,334
八王子霊園,139.2645112,35.65868004,236.0299988,31.7907505,114
八王子霊園,139.2647053,35.66246667,216.6300049,7.903162956,33
八王子霊園,139.2647066,35.66228641,217.4299927,12.16589737,352
八王子霊園,139.2647078,35.66210614,218.5299988,3.296401024,62
八王子霊園,139.2647091,35.66192587,217.3300018,6.817293644,356
八王子霊園,139.2647104,35.66174561,219.3300018,4.458987713,66
八王子霊園,139.2647117,35.66156534,224.4299927,34.60928726,117
八王子霊園,139.264713,35.66138508,239.5299988,34.54058456,131
八王子霊園,139.2647142,35.66120481,244.3300018,2.668833733,329
八王子霊園,139.2647155,35.66102454,243.8300018,25.16117477,340
八王子霊園,139.2647168,35.66084428,240.8300018,32.95428848,10
八王子霊園,139.2647181,35.66066401,242.1300049,33.18721771,344
八王子霊園,139.2647193,35.66048375,242.7299957,24.77282906,35
八王子霊園,139.2647206,35.66030348,243.9299927,0.367548734,219
八王子霊園,139.2647219,35.66012321,243.9299927,0.44264555,345
八王子霊園,139.2647232,35.65994295,244.3300018,12.76330662,319
八王子霊園,139.2647245,35.65976268,243.1300049,18.80493546,34
八王子霊園,139.2647257,35.65958241,246.6300049,4.218974113,39
八王子霊園,139.264727,35.65940215,246.7299957,7.607923031,318
八王子霊園,139.2647283,35.65922188,236.1300049,24.48181152,293
八王子霊園,139.2647296,35.65904162,232.2299957,2.458772659,338
八王子霊園,139.2647309,35.65886135,231.9299927,2.458745956,338
八王子霊園,139.2647321,35.65868108,235.6300049,32.89728546,81
八王子霊園,139.2649223,35.66300851,212.6300049,28.65501595,63
八王子霊園,139.2649262,35.66246771,214.6300049,11.48009205,43
八王子霊園,139.2649275,35.66228745,216.6300049,3.071648359,56
八王子霊園,139.2649287,35.66210718,216.7299957,6.801709175,0
八王子霊園,139.26493,35.66192692,217.3300018,4.853302479,35
八王子霊園,139.2649313,35.66174665,218.3300018,8.577801704,50
八王子霊園,139.2649326,35.66156638,228.4299927,34.74243546,61
八王子霊園,139.2649338,35.66138612,236.0299988,35.75547791,352
八王子霊園,139.2649351,35.66120585,230.8300018,40.49110794,344
八王子霊園,139.2649364,35.66102559,230.4299927,24.37689209,356
八王子霊園,139.2649377,35.66084532,228.8300018,11.20336437,8
八王子霊園,139.264939,35.66066505,229.1300049,9.809458733,7
八王子霊園,139.2649402,35.66048479,234.8300018,32.79614639,49
八王子霊園,139.2649415,35.66030452,242.9299927,19.27624321,33
八王子霊園,139.2649428,35.66012426,242.5299988,5.750831604,351
八王子霊園,139.2649441,35.65994399,242.1300049,2.323606253,348
八王子霊園,139.2649453,35.65976372,242.2299957,0.464707822,90
八王子霊園,139.2649466,35.65958346,242.3300018,3.120892525,39
八王子霊園,139.2649479,35.65940319,244.2299957,16.20640373,320
八王子霊園,139.2649492,35.65922293,236.1300049,21.73629951,279
八王子霊園,139.2649505,35.65904266,231.5299988,2.613965034,325
八王子霊園,139.2649517,35.65886239,231.1300049,2.124821186,331
八王子霊園,139.264953,35.65868213,230.8300018,13.45205307,48
八王子霊園,139.2651432,35.66300956,211.4299927,3.272387981,42
八王子霊園,139.2651445,35.66282929,213.1300049,20.74931908,339
八王子霊園,139.2651458,35.66264902,212.9299927,3.304208279,39
八王子霊園,139.2651471,35.66246876,213.7299957,3.296402931,62
八王子霊園,139.2651484,35.66228849,214.5299988,6.492338657,26
八王子霊園,139.2651496,35.66210823,216.8300018,3.666544676,79
八王子霊園,139.2651509,35.66192796,217.2299957,3.440145493,123
八王子霊園,139.2651522,35.66174769,218.3300018,5.046957493,124
八王子霊園,139.2651535,35.66156743,221.9299927,11.61061573,123
八王子霊園,139.2651547,35.66138716,223.3300018,3.370154142,14
八王子霊園,139.265156,35.66120689,225.2299957,21.05327034,120
八王子霊園,139.2651573,35.66102663,228.5299988,1.34733665,108
八王子霊園,139.2651586,35.66084636,228.9299927,0.464725524,90
八王子霊園,139.2651598,35.6606661,229.2299957,2.044993401,115
八王子霊園,139.2651611,35.66048583,233.9299927,23.948452,113
八王子霊園,139.2651624,35.66030556,240.4299927,5.736731052,76
八王子霊園,139.2651637,35.6601253,241.4299927,5.169131279,99
八王子霊園,139.265165,35.65994503,242.0299988,0.376542479,68
八王子霊園,139.2651662,35.65976477,242.2299957,0.37648505,68
八王子霊園,139.2651675,35.6595845,242.2299957,0.545064509,59
八王子霊園,139.2651688,35.65940423,242.4299927,10.93406391,287
八王子霊園,139.2651701,35.65922397,235.8300018,15.70385933,259
八王子霊園,139.2651713,35.6590437,230.8300018,2.204100132,321
八王子霊園,139.2651726,35.65886344,230.4299927,1.944215059,331
八王子霊園,139.2651739,35.65868317,230.1300049,2.431012154,325
八王子霊園,139.2651752,35.6585029,235.3300018,32.86637878,81
八王子霊園,139.2653641,35.6630106,210.8300018,6.12630558,5
八王子霊園,139.2653654,35.66283033,211.3300018,2.906600952,43
八王子霊園,139.2653667,35.66265007,212.1300049,3.335879564,65
八王子霊園,139.265368,35.6624698,210.9299927,5.315114975,351
八王子霊園,139.2653692,35.66228953,213.5299988,5.798211098,43
八王子霊園,139.2653705,35.66210927,216.2299957,21.94001961,144
八王子霊園,139.2653718,35.661929,218.3300018,20.44324875,189
八王子霊園,139.2653731,35.66174874,219.3300018,8.739528656,82
八王子霊園,139.2653744,35.66156847,222.7299957,6.040179253,78
八王子霊園,139.2653756,35.6613882,224.0299988,9.548257828,121
八王子霊園,139.2653769,35.66120794,228.3300018,3.237965584,128
八王子霊園,139.2653782,35.66102767,228.6300049,0.752994955,112
八王子霊園,139.2653795,35.6608474,228.8300018,1.984986067,125
八王子霊園,139.2653807,35.66066714,231.4299927,22.6859684,152
八王子霊園,139.265382,35.66048687,237.9299927,14.02120399,112
八王子霊園,139.2653833,35.66030661,238.9299927,4.546321392,0
八王子霊園,139.2653846,35.66012634,237.8300018,2.523236752,47
八王子霊園,139.2653858,35.65994607,240.9299927,18.43011856,35
八王子霊園,139.2653871,35.65976581,242.0299988,0.23239319,90
八王子霊園,139.2653884,35.65958554,242.2299957,0.37648505,68
八王子霊園,139.2653897,35.65940528,242.3300018,0.918721616,219
八王子霊園,139.2653909,35.65922501,239.2299957,23.85239792,194
八王子霊園,139.2653922,35.65904474,232.8300018,29.33018875,225
八王子霊園,139.2653935,35.65886448,229.7299957,1.991913199,316
八王子霊園,139.2653948,35.65868421,229.4299927,2.248113871,325
八王子霊園,139.2653961,35.65850394,230.3300018,23.59443283,58
八王子霊園,139.265585,35.66301164,206.8300018,3.432735682,45
八王子霊園,139.2655863,35.66283137,210.7299957,7.041475296,44
八王子霊園,139.2655876,35.66265111,208.2299957,10.58713341,356
八王子霊園,139.2655889,35.66247084,210.7299957,6.879295826,59
八王子霊園,139.2655901,35.66229057,212.6300049,7.769244671,85
八王子霊園,139.2655914,35.66211031,224.2299957,29.43619728,93
八王子霊園,139.2655927,35.66193004,229.3300018,24.94126129,200
八王子霊園,139.265594,35.66174978,224.0299988,28.92591667,205
八王子霊園,139.2655952,35.66156951,222.5299988,10.08342266,173
八王子霊園,139.2655965,35.66138924,225.0299988,15.43999004,87
八王子霊園,139.2655978,35.66120898,228.5299988,1.406602144,156
八王子霊園,139.2655991,35.66102871,229.5299988,17.93287086,118
八王子霊園,139.2656003,35.66084845,233.1300049,21.80470276,180
八王子霊園,139.2656016,35.66066818,236.2299957,9.383670807,111
八王子霊園,139.2656029,35.66048791,236.9299927,4.135024548,27
八王子霊園,139.2656042,35.66030765,237.8300018,0.792561114,154
八王子霊園,139.2656054,35.66012738,237.9299927,0.37648502,68
八王子霊園,139.2656067,35.65994712,237.9299927,0.376542479,112
八王子霊園,139.265608,35.65976685,239.8300018,20.26906776,35
八王子霊園,139.2656093,35.65958658,242.2299957,1.264802575,56
八王子霊園,139.2656106,35.65940632,242.2299957,0.367492676,39
八王子霊園,139.2656118,35.65922605,242.3300018,5.742332458,310
八王子霊園,139.2656131,35.65904578,233.4299927,29.96019745,302
八王子霊園,139.2656144,35.65886552,228.9299927,3.942985296,326
八王子霊園,139.2656157,35.65868525,228.7299957,2.065230608,326
八王子霊園,139.2656169,35.65850499,228.2299957,4.086205006,13
八王子霊園,139.2658021,35.66355348,207.6300049,23.2723465,35
八王子霊園,139.2658047,35.66319295,205.4299927,2.979931831,36
八王子霊園,139.2658059,35.66301268,205.8300018,2.881871462,54
八王子霊園,139.2658072,35.66283241,206.9299927,6.487755775,36
八王子霊園,139.2658085,35.66265215,208.3300018,4.774049282,76
八王子霊園,139.2658098,35.66247188,213.2299957,27.98155594,127
八王子霊園,139.265811,35.66229162,219.3300018,27.74304771,171
八王子霊園,139.2658123,35.66211135,221.4299927,24.19634438,129
八王子霊園,139.2658136,35.66193108,231.6300049,6.485044956,93
八王子霊園,139.2658149,35.66175082,231.5299988,0.183776259,321
八王子霊園,139.2658161,35.66157055,228.5299988,24.05327415,256
八王子霊園,139.2658174,35.66139029,225.9299927,5.472668171,170
八王子霊園,139.2658187,35.66121002,228.1300049,6.183238983,103
八王子霊園,139.26582,35.66102975,230.6300049,9.016856194,111
八王子霊園,139.2658212,35.66084949,233.9299927,6.429908276,69
八王子霊園,139.2658225,35.66066922,234.8300018,5.565244675,6
八王子霊園,139.2658238,35.66048896,236.8300018,12.19174957,110
八王子霊園,139.2658251,35.66030869,237.9299927,0,0
八王子霊園,139.2658263,35.66012842,237.9299927,0.5450418,239
八王子霊園,139.2658276,35.65994816,237.7299957,0.183770642,39
八王子霊園,139.2658289,35.65976789,238.1300049,0.442654878,15
八王子霊園,139.2658302,35.65958762,238.1300049,7.572176933,37
八王子霊園,139.2658314,35.65940736,239.9299927,24.11174774,2
八王子霊園,139.2658327,35.65922709,241.8300018,17.55107689,341
八王子霊園,139.265834,35.65904683,236.1300049,12.54494953,247
八王子霊園,139.2658353,35.65886656,231.1300049,20.97397232,245
八王子霊園,139.2658365,35.65868629,228.0299988,2.992591858,342
八王子霊園,139.2658378,35.65850603,227.6300049,2.668784142,329
八王子霊園,139.2658391,35.65832576,231.9299927,12.95748806,46
八王子霊園,139.2658404,35.6581455,225.8300018,30.87990761,292
八王子霊園,139.2658416,35.65796523,216.7299957,8.944324493,297
八王子霊園,139.2660243,35.66337425,204.1300049,3.337054729,20
八王子霊園,139.2660255,35.66319399,204.4299927,2.878433228,50
八王子霊園,139.2660268,35.66301372,205.3300018,9.866164207,326
八王子霊園,139.2660281,35.66283346,205.1300049,5.925504208,53
八王子霊園,139.2660294,35.66265319,210.1300049,37.24821472,134
八王子霊園,139.2660306,35.66247292,219.9299927,35.5303154,132
八王子霊園,139.2660319,35.66229266,229.9299927,26.03737831,143
八王子霊園,139.2660332,35.66211239,229.6300049,21.93614388,182
八王子霊園,139.2660345,35.66193212,231.4299927,0.551285625,39
八王子霊園,139.2660357,35.66175186,231.3300018,0.90007627,309
八王子霊園,139.266037,35.66157159,230.1300049,14.8730917,237
八王子霊園,139.2660383,35.66139133,227.5299988,21.28433228,169
八王子霊園,139.2660396,35.66121106,230.7299957,9.176578522,190
八王子霊園,139.2660408,35.66103079,231.0299988,5.535443306,143
八王子霊園,139.2660421,35.66085053,232.6300049,6.733678341,41
八王子霊園,139.2660434,35.66067026,233.0299988,4.312037468,84
八王子霊園,139.2660447,35.66049,237.9299927,4.541973114,85
八王子霊園,139.2660459,35.66030973,238.0299988,0.442654878,165
八王子霊園,139.2660472,35.66012946,237.9299927,1.0807935,131
八王子霊園,139.2660485,35.6599492,238.1300049,0.551313639,219
八王子霊園,139.2660498,35.65976893,237.8300018,0.615060568,158
八王子霊園,139.266051,35.65958867,238.1300049,0.376542479,68
八王子霊園,139.2660523,35.6594084,232.7299957,29.06724548,272
八王子霊園,139.2660536,35.65922813,227.8300018,14.28513336,355
八王子霊園,139.2660549,35.65904787,227.8300018,20.69581795,1
八王子霊園,139.2660561,35.6588676,227.0299988,5.472673893,350
八王子霊園,139.2660574,35.65868733,226.9299927,3.482982397,348
八王子霊園,139.2660587,35.65850707,226.7299957,2.487369776,347
八王子霊園,139.26606,35.6583268,231.5299988,9.102514267,215
八王子霊園,139.2660612,35.65814654,222.8300018,36.64868546,283
八王子霊園,139.2662452,35.66337529,202.6300049,16.29944801,32
八王子霊園,139.2662464,35.66319503,204.0299988,10.9729681,329
八王子霊園,139.2662477,35.66301476,202.4299927,10.64246368,104
八王子霊園,139.266249,35.6628345,214.7299957,37.09274292,143
八王子霊園,139.2662503,35.66265423,222.5299988,23.60135078,136
八王子霊園,139.2662515,35.66247396,225.1300049,17.77415657,0
八王子霊園,139.2662528,35.6622937,226.4299927,27.86944008,18
八王子霊園,139.2662541,35.66211343,231.0299988,18.51047897,32
八王子霊園,139.2662554,35.66193317,231.3300018,0.753019571,292
八王子霊園,139.2662566,35.6617529,231.0299988,0.918721557,321
八王子霊園,139.2662579,35.66157263,230.9299927,0.545068264,301
八王子霊園,139.2662592,35.66139237,230.9299927,0.792522132,334
八王子霊園,139.2662605,35.6612121,231.6300049,6.145655155,122
八王子霊園,139.2662617,35.66103183,231.8300018,0.598144293,76
八王子霊園,139.266263,35.66085157,231.9299927,1.809198976,45
八王子霊園,139.2662643,35.6606713,231.9299927,1.809193254,315
八王子霊園,139.2662656,35.66049104,232.6300049,20.96977425,13
八王子霊園,139.2662668,35.66031077,234.8300018,22.21380234,13
八王子霊園,139.2662681,35.6601305,236.7299957,20.14801598,13
八王子霊園,139.2662694,35.65995024,237.4299927,17.32448578,334
八王子霊園,139.2662707,35.65976997,237.5299988,16.8577652,27
八王子霊園,139.2662719,35.65958971,238.0299988,0.232393205,90
八王子霊園,139.2662732,35.65940944,238.1300049,5.742331982,230
八王子霊園,139.2662745,35.65922917,230.8300018,32.90522385,225
八王子霊園,139.2662758,35.65904891,226.4299927,2.528395653,304
八王子霊園,139.266277,35.65886864,226.1300049,3.98672986,357
八王子霊園,139.2662783,35.65868837,225.8300018,2.854532719,5
八王子霊園,139.2662796,35.65850811,225.7299957,2.162685871,351
八王子霊園,139.2662809,35.65832784,234.6300049,5.388050079,233
八王子霊園,139.2662821,35.65814758,224.0299988,31.905159,270
八王子霊園,139.2664648,35.6635566,199.7299957,13.00637913,329
八王子霊園,139.2664661,35.66337633,200.1300049,1.57005465,356
八王子霊園,139.2664673,35.66319607,200.0299988,5.920538425,51
八王子霊園,139.2664686,35.6630158,201.4299927,17.70984077,66
八王子霊園,139.2664699,35.66283554,218.6300049,39.41987228,76
八王子霊園,139.2664712,35.66265527,216.9299927,26.2172966,343
八王子霊園,139.2664724,35.662475,215.8300018,18.18636131,16
八王子霊園,139.2664737,35.66229474,219.8300018,15.24111462,86
八王子霊園,139.266475,35.66211447,225.0299988,17.57318687,93
八王子霊園,139.2664763,35.66193421,231.2299957,1.129407048,292
八王子霊園,139.2664775,35.66175394,231.0299988,0.598156333,284
八王子霊園,139.2664788,35.66157367,230.8300018,0.5450418,239
八王子霊園,139.2664801,35.66139341,230.7299957,0.885214984,345
八王子霊園,139.2664814,35.66121314,231.6300049,0.376526028,68
八王子霊園,139.2664826,35.66103287,231.5299988,2.380111694,299
八王子霊園,139.2664839,35.66085261,231.6300049,1.28637743,5
八王子霊園,139.2664852,35.66067234,230.7299957,4.144143105,313
八王子霊園,139.2664864,35.66049208,230.7299957,0.376534283,292
八王子霊園,139.2664877,35.66031181,229.6300049,6.994392872,228
八王子霊園,139.266489,35.66013154,228.5299988,11.00642967,5
八王子霊園,139.2664903,35.65995128,229.7299957,20.41744041,354
八王子霊園,139.2664915,35.65977101,229.6300049,16.73729134,10
八王子霊園,139.2664928,35.65959075,231.8300018,34.3712616,22
八王子霊園,139.2664941,35.65941048,237.6300049,20.69676208,16
八王子霊園,139.2664954,35.65923021,238.1300049,1.469842196,39
八王子霊園,139.2664966,35.65904995,234.1300049,33.15379333,209
八王子霊園,139.2664979,35.65886968,225.3300018,20.02009773,249
八王子霊園,139.2664992,35.65868941,225.0299988,3.977311373,15
八王子霊園,139.2665005,35.65850915,225.2299957,6.277963161,65
八王子霊園,139.2665017,35.65832888,234.2299957,16.78367043,276
八王子霊園,139.266503,35.65814862,223.4299927,27.37675858,273
八王子霊園,139.2666819,35.66409844,202.1300049,25.93660736,327
八王子霊園,139.2666831,35.66391817,199.1300049,22.12736511,348
八王子霊園,139.2666844,35.66373791,199.0299988,10.39831829,34
八王子霊園,139.2666857,35.66355764,199.5299988,1.422800303,78
八王子霊園,139.266687,35.66337737,198.3300018,3.604464293,341
八王子霊園,139.2666882,35.66319711,198.6300049,4.331315517,56
八王子霊園,139.2666895,35.66301684,200.1300049,18.5008831,90
八王子霊園,139.2666908,35.66283658,213.3300018,20.02233315,40
八王子霊園,139.2666921,35.66265631,209.7299957,10.44369125,64
八王子霊園,139.2666933,35.66247604,217.9299927,24.39157486,112
八王子霊園,139.2666946,35.66229578,225.8300018,26.18179512,119
八王子霊園,139.2666959,35.66211551,231.3300018,12.51022625,152
八王子霊園,139.2666971,35.66193524,231.1300049,1.055233359,278
八王子霊園,139.2666984,35.66175498,230.9299927,0.90007627,309
八王子霊園,139.2666997,35.66157471,230.7299957,0.697113514,270
八王子霊園,139.266701,35.66139445,231.6300049,4.623436928,115
八王子霊園,139.2667022,35.66121418,231.5299988,0.721283972,9
八王子霊園,139.2667035,35.66103391,231.5299988,3.85216403,276
八王子霊園,139.2667048,35.66085365,231.1300049,3.412889242,360
八王子霊園,139.2667061,35.66067338,230.6300049,0.544985116,239
八王子霊園,139.2667073,35.66049312,230.5299988,0.569502413,360
八王子霊園,139.2667086,35.66031285,228.7299957,7.532670975,306
八王子霊園,139.2667099,35.66013258,228.9299927,0.551229537,321
八王子霊園,139.2667112,35.65995232,228.7299957,9.281322479,215
八王子霊園,139.2667124,35.65977205,225.6300049,4.506409168,305
八王子霊園,139.2667137,35.65959178,224.6300049,5.463447094,344
八王子霊園,139.266715,35.65941152,224.7299957,27.48842812,10
八王子霊園,139.2667162,35.65923125,230.4299927,29.57225037,22
八王子霊園,139.2667175,35.65905099,228.1300049,28.68712807,342
八王子霊園,139.2667188,35.65887072,224.9299927,21.44979286,311
八王子霊園,139.2667201,35.65869045,223.6300049,4.362174988,32
八王子霊園,139.2667213,35.65851019,222.8300018,10.67808437,52
八王子霊園,139.2667226,35.65832992,232.7299957,18.80268669,285
八王子霊園,139.2667239,35.65814966,223.0299988,31.67230988,277
八王子霊園,139.2668977,35.66482054,198.3300018,24.34681892,51
八王子霊園,139.2668989,35.66464028,202.4299927,28.18188095,9
八王子霊園,139.2669002,35.66446001,201.5299988,18.98131943,314
八王子霊園,139.2669015,35.66427974,196.8300018,13.45212078,9
八王子霊園,139.2669028,35.66409948,196.5299988,2.162940741,351
八王子霊園,139.266904,35.66391921,196.6300049,1.161706448,90
八王子霊園,139.2669053,35.66373894,197.1300049,0.442647636,165
八王子霊園,139.2669066,35.66355868,196.7299957,9.103045464,325
八王子霊園,139.2669079,35.66337841,198.8300018,6.695409298,66
八王子霊園,139.2669091,35.66319815,198.5299988,6.442553043,116
八王子霊園,139.2669104,35.66301788,206.0299988,21.08609962,109
八王子霊園,139.2669117,35.66283761,205.4299927,14.93989372,5
八王子霊園,139.2669129,35.66265735,212.9299927,25.7614193,121
八王子霊園,139.2669142,35.66247708,220.2299957,21.97773552,125
八王子霊園,139.2669155,35.66229682,225.0299988,16.58977127,37
八王子霊園,139.2669168,35.66211655,227.1300049,26.39274597,26
八王子霊園,139.266918,35.66193628,228.1300049,19.73820496,323
八王子霊園,139.2669193,35.66175602,227.1300049,18.37626076,15
八王子霊園,139.2669206,35.66157575,225.8300018,21.87827301,329
八王子霊園,139.2669219,35.66139549,227.0299988,25.88829231,37
八王子霊園,139.2669231,35.66121522,231.5299988,0.376542449,248
八王子霊園,139.2669244,35.66103495,231.3300018,2.843748093,282
八王子霊園,139.2669257,35.66085469,230.8300018,3.853298426,219
八王子霊園,139.2669269,35.66067442,229.5299988,5.03594017,9
八王子霊園,139.2669282,35.66049415,229.4299927,9.316598892,304
八王子霊園,139.2669295,35.66031389,228.7299957,0.97207588,253
八王子霊園,139.2669308,35.66013362,228.7299957,1.28637743,5
八王子霊園,139.266932,35.65995336,228.5299988,0.735067248,321
八王子霊園,139.2669333,35.65977309,228.5299988,8.423769951,227
八王子霊園,139.2669346,35.65959282,224.1300049,16.96840286,228
八王子霊園,139.2669359,35.65941256,221.9299927,5.831602573,299
八王子霊園,139.2669371,35.65923229,220.7299957,11.23533916,9
八王子霊園,139.2669384,35.65905203,221.1300049,10.81165886,351
八王子霊園,139.2669397,35.65887176,219.3300018,21.21358299,345
八王子霊園,139.266941,35.65869149,217.8300018,19.18656921,359
八王子霊園,139.2669422,35.65851123,220.8300018,29.72883797,86
八王子霊園,139.2669435,35.65833096,232.5299988,15.97132969,268
八王子霊園,139.2669448,35.65815069,223.3300018,32.89904022,270
八王子霊園,139.2671109,35.66590318,194.9299927,49.56052017,337
八王子霊園,139.2671122,35.66572291,191.0299988,11.38561726,358
八王子霊園,139.2671135,35.66554264,190.3300018,30.97909355,353
八王子霊園,139.2671147,35.66536238,192.0299988,21.87888527,329
八王子霊園,139.267116,35.66518211,191.9299927,46.4317627,354
八王子霊園,139.2671173,35.66500185,192.3300018,36.70495605,12
八王子霊園,139.2671186,35.66482158,194.1300049,3.272387743,42
八王子霊園,139.2671198,35.66464131,194.3300018,1.080731392,49
八王子霊園,139.2671211,35.66446105,194.6300049,0.972448409,29
八王子霊園,139.2671224,35.66428078,195.4299927,8.441878319,56
八王子霊園,139.2671237,35.66410052,196.5299988,0.929496109,90
八王子霊園,139.2671249,35.66392025,196.7299957,2.458853245,338
八王子霊園,139.2671262,35.66373998,196.3300018,3.444391489,8
八王子霊園,139.2671275,35.66355972,197.5299988,13.27186012,132
八王子霊園,139.2671287,35.66337945,199.9299927,2.913960934,107
八王子霊園,139.26713,35.66319919,198.6300049,7.860314369,194
八王子霊園,139.2671313,35.66301892,200.8300018,13.91305828,63
八王子霊園,139.2671326,35.66283865,207.1300049,20.8909111,39
八王子霊園,139.2671338,35.66265839,212.9299927,28.03984833,25
八王子霊園,139.2671351,35.66247812,216.2299957,29.11492348,24
八王子霊園,139.2671364,35.66229785,216.6300049,20.44379807,1
八王子霊園,139.2671377,35.66211759,221.1300049,22.5864048,64
八王子霊園,139.2671389,35.66193732,223.9299927,18.4146595,296
八王子霊園,139.2671402,35.66175706,220.8300018,17.69435883,23
八王子霊園,139.2671415,35.66157679,221.0299988,24.64420319,309
八王子霊園,139.2671427,35.66139652,223.0299988,29.86268044,88
八王子霊園,139.267144,35.66121626,231.5299988,0.598121941,256
八王子霊園,139.2671453,35.66103599,230.8300018,0.753011405,292
八王子霊園,139.2671466,35.66085573,230.8300018,0.551285625,321
八王子霊園,139.2671478,35.66067546,226.3300018,23.77140617,323
八王子霊園,139.2671491,35.66049519,228.5299988,3.289432764,6
八王子霊園,139.2671504,35.66031493,228.7299957,1.153389096,30
八王子霊園,139.2671517,35.66013466,228.5299988,0.825691104,280
八王子霊園,139.2671529,35.6599544,228.2299957,0.183748215,321
八王子霊園,139.2671542,35.65977413,228.4299927,0.614993513,338
八王子霊園,139.2671555,35.65959386,228.3300018,0.551313639,321
八王子霊園,139.2671567,35.6594136,224.9299927,25.7401104,235
八王子霊園,139.267158,35.65923333,219.6300049,7.120461941,278
八王子霊園,139.2671593,35.65905306,216.7299957,8.77944088,274
八王子霊園,139.2671606,35.6588728,214.9299927,8.78024292,314
八王子霊園,139.2671618,35.65869253,213.7299957,7.451601505,351
八王子霊園,139.2671631,35.65851227,220.9299927,33.87253952,89
八王子霊園,139.2671644,35.658332,232.0299988,21.69698143,286
八王子霊園,139.2671657,35.65815173,222.1300049,31.76221466,273
八王子霊園,139.2673331,35.66572395,185.3300018,22.61091995,330
八王子霊園,139.2673344,35.66554368,185.0299988,0.232393116,270
八王子霊園,139.2673356,35.66536342,185.0299988,0.88522613,165
八王子霊園,139.2673369,35.66518315,185.2299957,0.545044541,59
八王子霊園,139.2673382,35.66500288,190.4299927,22.46701813,75
八王子霊園,139.2673395,35.66482262,193.9299927,11.47697163,87
八王子霊園,139.2673407,35.66464235,194.3300018,1.129414082,112
八王子霊園,139.267342,35.66446209,194.6300049,0.92942518,90
八王子霊園,139.2673433,35.66428182,194.7299957,1.293739796,296
八王子霊園,139.2673446,35.66410155,193.9299927,7.536468029,348
八王子霊園,139.2673458,35.66392129,195.2299957,4.325524807,134
八王子霊園,139.2673471,35.66374102,196.1300049,7.849158764,146
八王子霊園,139.2673484,35.66356076,201.7299957,23.90777397,165
八王子霊園,139.2673496,35.66338049,200.5299988,2.753908634,118
八王子霊園,139.2673509,35.66320022,201.1300049,2.886698723,134
八王子霊園,139.2673522,35.66301996,202.0299988,7.15352726,166
八王子霊園,139.2673535,35.66283969,202.6300049,7.010586739,124
八王子霊園,139.2673547,35.66265943,204.4299927,8.598954201,55
八王子霊園,139.267356,35.66247916,206.5299988,20.34939957,27
八王子霊園,139.2673573,35.66229889,210.7299957,26.64081955,27
八王子霊園,139.2673585,35.66211863,214.7299957,29.61966133,26
八王子霊園,139.2673598,35.66193836,220.6300049,21.4352951,360
八王子霊園,139.2673611,35.6617581,213.6300049,15.43475342,346
八王子霊園,139.2673624,35.66157783,214.1300049,9.856855392,329
八王子霊園,139.2673636,35.66139756,220.9299927,29.78111267,102
八王子霊園,139.2673649,35.6612173,230.9299927,3.711338758,324
八王子霊園,139.2673662,35.66103703,229.1300049,24.8554039,339
八王子霊園,139.2673675,35.66085676,225.8300018,28.36053848,323
八王子霊園,139.2673687,35.6606765,223.5299988,3.492982626,85
八王子霊園,139.26737,35.66049623,226.9299927,6.489796638,101
八王子霊園,139.2673713,35.66031597,227.9299927,3.444241047,352
八王子霊園,139.2673725,35.6601357,228.5299988,1.229952574,22
八王子霊園,139.2673738,35.65995543,228.4299927,0.598087549,284
八王子霊園,139.2673751,35.65977517,228.1300049,0.825642467,260
八王子霊園,139.2673764,35.6595949,228.0299988,1.003290653,353
八王子霊園,139.2673776,35.65941463,227.5299988,15.18238258,241
八王子霊園,139.2673789,35.65923437,221.7299957,27.35436058,205
八王子霊園,139.2673802,35.6590541,216.3300018,6.714140415,272
八王子霊園,139.2673814,35.65887384,214.9299927,7.292790413,267
八王子霊園,139.2673827,35.65869357,212.4299927,4.476829529,287
八王子霊園,139.267384,35.6585133,222.6300049,37.19275284,88
八王子霊園,139.267554,35.66572499,186.2299957,19.85328102,261
八王子霊園,139.2675553,35.66554472,185.1300049,0.854191422,360
八王子霊園,139.2675565,35.66536445,185.0299988,3.873982668,163
八王子霊園,139.2675578,35.66518419,185.6300049,13.11207676,169
八王子霊園,139.2675591,35.66500392,188.8300018,23.20437622,102
八王子霊園,139.2675604,35.66482366,193.0299988,12.46388912,36
八王子霊園,139.2675616,35.66464339,192.2299957,9.606169701,350
八王子霊園,139.2675629,35.66446312,193.3300018,0.75302428,292
八王子霊園,139.2675642,35.66428286,193.8300018,2.704910278,133
八王子霊園,139.2675654,35.66410259,196.0299988,31.1607666,120
八王子霊園,139.2675667,35.66392233,207.0299988,38.650383,153
八王子霊園,139.267568,35.66374206,211.6300049,38.69548035,169
八王子霊園,139.2675693,35.66356179,213.3300018,33.83684921,201
八王子霊園,139.2675705,35.66338153,205.7299957,29.11783791,178
八王子霊園,139.2675718,35.66320126,205.9299927,29.05191231,196
八王子霊園,139.2675731,35.663021,202.8300018,18.08683968,175
八王子霊園,139.2675744,35.66284073,204.2299957,4.362295151,148
八王子霊園,139.2675756,35.66266046,205.0299988,8.90258503,95
八王子霊園,139.2675769,35.6624802,207.5299988,4.390109062,155
八王子霊園,139.2675782,35.66229993,208.5299988,7.350020409,155
八王子霊園,139.2675794,35.66211967,209.1300049,5.397703171,133
八王子霊園,139.2675807,35.6619394,211.2299957,10.0642395,43
八王子霊園,139.267582,35.66175913,213.2299957,4.343274117,44
八王子霊園,139.2675833,35.66157887,214.3300018,12.0989809,125
八王子霊園,139.2675845,35.6613986,221.6300049,18.83006287,87
八王子霊園,139.2675858,35.66121833,223.9299927,28.47101212,343
八王子霊園,139.2675871,35.66103807,220.1300049,10.07784462,348
八王子霊園,139.2675883,35.6608578,222.4299927,6.733705997,139
八王子霊園,139.2675896,35.66067754,223.2299957,7.856449604,92
八王子霊園,139.2675909,35.66049727,225.5299988,4.495478153,132
八王子霊園,139.2675922,35.660317,227.2299957,3.860713005,23
八王子霊園,139.2675934,35.66013674,228.5299988,6.046087265,85
八王子霊園,139.2675947,35.65995647,228.2299957,0.54501158,301
八王子霊園,139.267596,35.65977621,228.1300049,0.598134041,284
八王子霊園,139.2675972,35.65959594,227.9299927,0.697078109,270
八王子霊園,139.2675985,35.65941567,227.6300049,2.431012154,325
八王子霊園,139.2675998,35.65923541,225.3300018,2.89690733,303
八王子霊園,139.2676011,35.65905514,220.9299927,31.70862389,249
八王子霊園,139.2676023,35.65887487,213.0299988,5.927323818,312
八王子霊園,139.2676036,35.65869461,212.6300049,5.919939041,266
八王子霊園,139.2676049,35.65851434,216.3300018,38.02031708,58
八王子霊園,139.2677749,35.66572602,187.8300018,18.64356041,240
八王子霊園,139.2677762,35.66554576,188.6300049,25.17282295,170
八王子霊園,139.2677774,35.66536549,190.4299927,16.38484764,163
八王子霊園,139.2677787,35.66518523,191.0299988,8.903678894,190
八王子霊園,139.26778,35.66500496,192.8300018,9.045993805,139
八王子霊園,139.2677813,35.66482469,192.8300018,5.177134037,155
八王子霊園,139.2677825,35.66464443,193.5299988,2.380135536,119
八王子霊園,139.2677838,35.66446416,194.2299957,7.513672829,157
八王子霊園,139.2677851,35.6642839,197.8300018,15.97849846,112
八王子霊園,139.2677863,35.66410363,206.4299927,22.01596069,65
八王子霊園,139.2677876,35.66392336,213.0299988,21.87164688,57
八王子霊園,139.2677889,35.6637431,219.7299957,22.3995018,68
八王子霊園,139.2677902,35.66356283,221.6300049,16.6246357,232
八王子霊園,139.2677914,35.66338257,217.8300018,28.9126358,174
八王子霊園,139.2677927,35.6632023,214.6300049,25.70093918,224
八王子霊園,139.267794,35.66302203,208.6300049,25.11569023,268
八王子霊園,139.2677952,35.66284177,207.5299988,22.10607338,137
八王子霊園,139.2677965,35.6626615,206.8300018,7.375705719,192
八王子霊園,139.2677978,35.66248124,207.8300018,3.266833067,121
八王子霊園,139.2677991,35.66230097,208.7299957,2.923376799,119
八王子霊園,139.2678003,35.6621207,211.0299988,5.256552219,112
八王子霊園,139.2678016,35.66194044,212.5299988,3.162855864,98
八王子霊園,139.2678029,35.66176017,213.6300049,4.744840145,154
八王子霊園,139.2678041,35.6615799,215.8300018,10.8673439,161
八王子霊園,139.2678054,35.66139964,216.1300049,8.65240097,154
八王子霊園,139.2678067,35.66121937,218.4299927,5.495042324,118
八王子霊園,139.267808,35.66103911,219.6300049,3.094414234,60
八王子霊園,139.2678092,35.66085884,222.7299957,9.64718914,54
八王子霊園,139.2678105,35.66067857,223.0299988,1.497311592,162
八王子霊園,139.2678118,35.66049831,226.0299988,1.516779304,95
八王子霊園,139.267813,35.66031804,226.1300049,2.174762964,44
八王子霊園,139.2678143,35.66013778,228.5299988,7.856414795,88
八王子霊園,139.2678156,35.65995751,228.3300018,0.598134041,256
八王子霊園,139.2678169,35.65977724,228.0299988,0.825691104,280
八王子霊園,139.2678181,35.65959698,227.9299927,0.825600088,280
八王子霊園,139.2678194,35.65941671,225.1300049,11.48837757,301
八王子霊園,139.2678207,35.65923644,225.3300018,2.928987026,346
八王子霊園,139.2678219,35.65905618,223.7299957,18.0225029,319
八王子霊園,139.2678232,35.65887591,212.6300049,14.42654419,277
八王子霊園,139.2678245,35.65869565,211.7299957,11.59988499,39
八王子霊園,139.2678258,35.65851538,211.7299957,17.09339714,101
八王子霊園,139.2679958,35.66572706,191.8300018,6.745048523,155
八王子霊園,139.2679971,35.6655468,193.3300018,22.78489685,167
八王子霊園,139.2679983,35.66536653,196.0299988,22.80782127,152
八王子霊園,139.2679996,35.66518626,194.2299957,23.18067169,264
八王子霊園,139.2680009,35.665006,196.1300049,31.87599182,135
八王子霊園,139.2680022,35.66482573,198.2299957,31.06762123,177
八王子霊園,139.2680034,35.66464547,200.2299957,29.77242851,164
八王子霊園,139.2680047,35.6644652,202.9299927,29.07870293,175
八王子霊園,139.268006,35.66428493,204.8300018,29.33856773,192
八王子霊園,139.2680072,35.66410467,204.3300018,25.10767365,176
八王子霊園,139.2680085,35.6639244,206.8300018,13.77537632,97
八王子霊園,139.2680098,35.66374414,212.7299957,20.35666656,66
八王子霊園,139.2680111,35.66356387,219.2299957,24.7651825,65
八王子霊園,139.2680123,35.6633836,225.7299957,8.761528015,358
八王子霊園,139.2680136,35.66320334,218.7299957,27.7542057,266
八王子霊園,139.2680149,35.66302307,208.4299927,22.53640366,263
八王子霊園,139.2680161,35.6628428,211.6300049,27.11979294,102
八王子霊園,139.2680174,35.66266254,210.4299927,19.6598587,195
八王子霊園,139.2680187,35.66248227,212.5299988,22.92499542,177
八王子霊園,139.26802,35.66230201,209.9299927,19.05056953,187
八王子霊園,139.2680212,35.66212174,211.6300049,2.92339325,119
八王子霊園,139.2680225,35.66194147,212.9299927,3.28801012,108
八王子霊園,139.2680238,35.66176121,214.0299988,5.925410748,127
八王子霊園,139.268025,35.66158094,216.2299957,3.296390533,118
八王子霊園,139.2680263,35.66140068,217.5299988,2.843786955,78
八王子霊園,139.2680276,35.66122041,218.6300049,3.213525057,103
八王子霊園,139.2680288,35.66104014,219.6300049,2.796235323,114
八王子霊園,139.2680301,35.66085988,222.5299988,22.38464737,131
八王子霊園,139.2680314,35.66067961,226.3300018,2.555480003,153
八王子霊園,139.2680327,35.66049934,225.9299927,1.570028305,184
八王子霊園,139.2680339,35.66031908,225.6300049,1.462651134,299
八王子霊園,139.2680352,35.66013881,228.0299988,8.832952499,83
八王子霊園,139.2680365,35.65995855,228.2299957,0.545068264,301
八王子霊園,139.2680377,35.65977828,228.1300049,0.464778751,270
八王子霊園,139.268039,35.65959801,227.1300049,4.442879677,263
八王子霊園,139.2680403,35.65941775,224.8300018,8.784387589,260
八王子霊園,139.2680416,35.65923748,219.5299988,18.47268105,284
八王子霊園,139.2680428,35.65905721,215.2299957,13.46984577,235
八王子霊園,139.2680441,35.65887695,212.1300049,17.02578735,270
八王子霊園,139.2680454,35.65869668,206.2299957,15.00779724,64
八王子霊園,139.2680466,35.65851642,210.7299957,2.705413342,358
八王子霊園,139.2680479,35.65833615,212.5299988,26.34488297,46
八王子霊園,139.2680492,35.65815588,213.5299988,29.692173,343
八王子霊園,139.2680504,35.65797562,209.8300018,19.01589775,347
八王子霊園,139.2680517,35.65779535,209.2299957,7.340172768,338
八王子霊園,139.268218,35.66554783,194.8300018,5.292281151,119
八王子霊園,139.2682192,35.66536757,196.5299988,5.256584644,112
八王子霊園,139.2682205,35.6651873,198.1300049,5.307478905,101
八王子霊園,139.2682218,35.66500703,199.7299957,4.550204754,76
八王子霊園,139.2682231,35.66482677,201.5299988,4.723539829,111
八王子霊園,139.2682243,35.6646465,202.9299927,4.41611433,117
八王子霊園,139.2682256,35.66446624,204.2299957,3.955393076,105
八王子霊園,139.2682269,35.66428597,205.5299988,3.852125645,84
八王子霊園,139.2682281,35.6641057,207.2299957,4.1043787,74
八王子霊園,139.2682294,35.66392544,208.5299988,4.121357441,80
八王子霊園,139.2682307,35.66374517,209.7299957,4.255914688,73
八王子霊園,139.268232,35.66356491,211.3300018,8.338210106,36
八王子霊園,139.2682332,35.66338464,213.0299988,14.55713654,19
八王子霊園,139.2682345,35.66320437,214.4299927,15.34572983,5
八王子霊園,139.2682358,35.66302411,215.9299927,28.64345741,185
八王子霊園,139.268237,35.66284384,216.9299927,23.75690269,158
八王子霊園,139.2682383,35.66266358,218.9299927,14.2299757,182
八王子霊園,139.2682396,35.66248331,219.3300018,12.47902012,141
八王子霊園,139.2682408,35.66230304,220.3300018,16.00775337,201
八王子霊園,139.2682421,35.66212278,217.8300018,26.35477066,184
八王子霊園,139.2682434,35.66194251,217.5299988,27.6697979,179
八王子霊園,139.2682447,35.66176224,217.3300018,26.76917267,179
八王子霊園,139.2682459,35.66158198,217.2299957,19.20105743,177
八王子霊園,139.2682472,35.66140171,217.6300049,12.11736488,170
八王子霊園,139.2682485,35.66122145,219.0299988,2.88666749,134
八王子霊園,139.2682497,35.66104118,223.2299957,23.23662949,110
八王子霊園,139.268251,35.66086091,226.1300049,0.598121941,284
八王子霊園,139.2682523,35.66068065,226.0299988,0.28475824,180
八王子霊園,139.2682535,35.66050038,226.1300049,0,0
八王子霊園,139.2682548,35.66032012,225.0299988,4.506408691,305
八王子霊園,139.2682561,35.66013985,228.0299988,9.366555214,80
八王子霊園,139.2682574,35.65995958,228.2299957,6.068642616,169
八王子霊園,139.2682586,35.65977932,229.0299988,19.41470909,165
八王子霊園,139.2682599,35.65959905,230.5299988,5.461659431,240
八王子霊園,139.2682701,35.65815692,209.0299988,1.626559854,226
八王子霊園,139.2682713,35.65797665,208.8300018,1.286081314,219
八王子霊園,139.2682726,35.65779639,208.5299988,2.693159342,252
八王子霊園,139.2684401,35.6653686,203.9299927,26.80041313,253
八王子霊園,139.2684414,35.66518834,193.2299957,20.85907745,276
八王子霊園,139.2684427,35.66500807,196.8300018,27.44829178,76
八王子霊園,139.268444,35.6648278,208.9299927,22.9831543,136
八王子霊園,139.2684452,35.66464754,211.3300018,7.920266151,44
八王子霊園,139.2684465,35.66446727,214.7299957,13.84307384,177
八王子霊園,139.2684478,35.66428701,213.8300018,11.68597031,151
八王子霊園,139.268449,35.66410674,215.2299957,19.8561573,188
八王子霊園,139.2684503,35.66392647,214.7299957,17.01743507,167
八王子霊園,139.2684516,35.66374621,216.4299927,33.86359787,179
八王子霊園,139.2684528,35.66356594,216.6300049,19.27588272,189
八王子霊園,139.2684541,35.66338568,217.9299927,25.32323265,192
八王子霊園,139.2684554,35.66320541,216.0299988,2.442653179,93
八王子霊園,139.2684567,35.66302514,213.2299957,27.19384384,353
八王子霊園,139.2684579,35.66284488,216.6300049,17.83070183,46
八王子霊園,139.2684592,35.66266461,219.1300049,23.12531281,174
八王子霊園,139.2684605,35.66248435,219.8300018,18.03980637,178
八王子霊園,139.2684617,35.66230408,220.3300018,13.01320839,179
八王子霊園,139.268463,35.66212381,220.7299957,7.267150402,174
八王子霊園,139.2684643,35.66194355,220.9299927,1.584873676,154
八王子霊園,139.2684655,35.66176328,221.3300018,1.129407048,68
八王子霊園,139.2684668,35.66158301,221.7299957,2.065202713,146
八王子霊園,139.2684681,35.66140275,222.1300049,1.517324805,148
八王子霊園,139.2684694,35.66122248,222.4299927,0.721039593,54
八王子霊園,139.2684744,35.66050142,226.1300049,1.653443098,39
八王子霊園,139.2684757,35.66032115,224.4299927,2.796260357,294
八王子霊園,139.268661,35.66536964,203.3300018,26.81061935,276
八王子霊園,139.2686623,35.66518937,193.1300049,17.09037971,262
八王子霊園,139.2686636,35.66500911,197.2299957,28.54134941,97
八王子霊園,139.2686649,35.66482884,205.6300049,18.4005127,328
八王子霊園,139.2686661,35.66464857,206.4299927,21.93073082,48
八王子霊園,139.2686674,35.66446831,208.4299927,20.57472801,331
八王子霊園,139.2686687,35.66428804,207.4299927,19.8593998,36
八王子霊園,139.2686699,35.66410778,208.5299988,22.37875557,332
八王子霊園,139.2686712,35.66392751,210.1300049,21.83993149,56
八王子霊園,139.2686725,35.66374724,215.5299988,17.78590584,344
八王子霊園,139.2686737,35.66356698,209.9299927,18.0393734,341
八王子霊園,139.268675,35.66338671,214.1300049,23.04694557,325
八王子霊園,139.2686763,35.66320645,209.4299927,12.06141376,51
八王子霊園,139.2686776,35.66302618,210.4299927,15.47807026,265
八王子霊園,139.2686788,35.66284591,215.0299988,22.79742432,73
八王子霊園,139.2686801,35.66266565,221.3300018,25.52651978,2
八王子霊園,139.2686814,35.66248538,221.2299957,20.34939957,27
八王子霊園,139.2686826,35.66230512,226.5299988,15.56291962,58
八王子霊園,139.2686839,35.66212485,225.9299927,22.36049271,319
八王子霊園,139.2686852,35.66194458,220.1300049,10.88041401,325
八王子霊園,139.2686864,35.66176432,224.3300018,23.75992203,139
八王子霊園,139.2686877,35.66158405,229.0299988,3.162855864,82
八王子霊園,139.268689,35.66140378,226.0299988,15.87673664,241
八王子霊園,139.2686902,35.66122352,223.1300049,2.734964132,332
八王子霊園,139.2688832,35.66519041,193.9299927,14.2771368,265
八王子霊園,139.2688845,35.66501014,198.9299927,28.79388237,97
八王子霊園,139.2688858,35.66482988,199.5299988,18.266716,308
八王子霊園,139.268887,35.66464961,201.8300018,22.65920639,65
八王子霊園,139.2688883,35.66446934,203.8300018,20.4754982,322
八王子霊園,139.2688896,35.66428908,203.1300049,22.41740417,59
八王子霊園,139.2688908,35.66410881,202.4299927,9.281603813,325
八王子霊園,139.2688921,35.66392855,205.2299957,21.43394089,35
八王子霊園,139.2688934,35.66374828,207.0299988,25.86297035,2
八王子霊園,139.2688946,35.66356801,205.3300018,2.551754713,19
八王子霊園,139.2688959,35.66338775,207.7299957,10.85298347,50
八王子霊園,139.2688972,35.66320748,209.3300018,2.933462381,82
八王子霊園,139.2688984,35.66302722,211.1300049,3.809353113,77
八王子霊園,139.2688997,35.66284695,213.8300018,4.213870049,98
八王子霊園,139.268901,35.66266668,214.7299957,2.704307795,81
八王子霊園,139.2689023,35.66248642,215.9299927,11.59294987,56
八王子霊園,139.2689035,35.66230615,220.5299988,21.22706413,356
八王子霊園,139.2689048,35.66212588,218.8300018,9.280180931,130
八王子霊園,139.2689061,35.66194562,223.7299957,13.31806946,124
八王子霊園,139.2689073,35.66176535,223.4299927,22.08925629,330
八王子霊園,139.2689086,35.66158509,221.6300049,8.347577095,2
八王子霊園,139.2689099,35.66140482,222.0299988,1.285784006,96
八王子霊園,139.2689111,35.66122455,222.6300049,5.208762169,131
八王子霊園,139.2689124,35.66104429,224.3300018,2.357675552,136
八王子霊園,139.2689137,35.66086402,224.0299988,1.080739141,311
八王子霊園,139.2689149,35.66068376,223.8300018,0.90007627,309
八王子霊園,139.2689162,35.66050349,223.5299988,1.286143661,39
八王子霊園,139.2689175,35.66032322,223.9299927,0.376542479,112
八王子霊園,139.2691029,35.66537171,196.8300018,0.183753118,141
八王子霊園,139.2691041,35.66519144,194.8300018,8.536169052,257
八王子霊園,139.2691054,35.66501118,197.5299988,8.084214211,88
八王子霊園,139.2691067,35.66483091,198.3300018,1.569269776,106
八王子霊園,139.2691079,35.66465065,198.8300018,2.090461969,90
八王子霊園,139.2691092,35.66447038,199.4299927,1.28617239,39
八王子霊園,139.2691105,35.66429011,201.3300018,9.102766037,91
八王子霊園,139.2691117,35.66410985,202.5299988,3.071674824,56
八王子霊園,139.269113,35.66392958,203.3300018,3.071621418,56
八王子霊園,139.2691143,35.66374932,204.2299957,2.988015413,76
八王子霊園,139.2691155,35.66356905,205.1300049,2.70424509,81
八王子霊園,139.2691168,35.66338878,207.9299927,11.68987465,91
八王子霊園,139.2691181,35.66320852,209.2299957,3.723716736,86
八王子霊園,139.2691193,35.66302825,211.9299927,6.455542088,128
八王子霊園,139.2691206,35.66284798,214.0299988,2.961078167,116
八王子霊園,139.2691219,35.66266772,214.7299957,3.247313499,125
八王子霊園,139.2691231,35.66248745,216.9299927,4.783293247,109
八王子霊園,139.2691244,35.66230719,218.5299988,14.49782944,150
八王子霊園,139.2691257,35.66212692,220.2299957,20.26828957,349
八王子霊園,139.2691269,35.66194665,218.8300018,5.975917339,356
八王子霊園,139.2691282,35.66176639,220.3300018,12.62679672,347
八王子霊園,139.2691295,35.66158612,216.4299927,31.48355484,342
八王子霊園,139.2691308,35.66140586,215.9299927,18.95108223,10
八王子霊園,139.269132,35.66122559,217.4299927,19.77464676,11
八王子霊園,139.2691333,35.66104532,219.3300018,12.58065128,12
八王子霊園,139.2691346,35.66086506,220.4299927,6.709122181,30
八王子霊園,139.2691358,35.66068479,221.9299927,3.509409666,74
八王子霊園,139.2691371,35.66050452,222.7299957,3.6042943,19
八王子霊園,139.2691384,35.66032426,223.5299988,1.327669501,15
八王子霊園,139.2691396,35.66014399,223.8300018,1.88267076,11
八王子霊園,139.2693225,35.66555301,196.5299988,1.570011377,176
八王子霊園,139.2693238,35.66537274,196.5299988,1.055705667,161
八王子霊園,139.269325,35.66519248,195.8300018,3.416875124,231
八王子霊園,139.2693263,35.66501221,197.5299988,7.053170681,91
八王子霊園,139.2693276,35.66483195,198.3300018,1.748080373,95
八王子霊園,139.2693288,35.66465168,198.8300018,1.650915265,100
八王子霊園,139.2693301,35.66447141,199.4299927,1.943588972,107
八王子霊園,139.2693314,35.66429115,201.3300018,7.314536095,96
八王子霊園,139.2693326,35.66411088,202.5299988,2.843800306,102
八王子霊園,139.2693339,35.66393062,203.3300018,2.693159103,108
八王子霊園,139.2693352,35.66375035,204.2299957,2.800860882,96
八王子霊園,139.2693364,35.66357008,205.1300049,2.843756914,102
八王子霊園,139.2693377,35.66338982,206.7299957,14.7398386,115
八王子霊園,139.269339,35.66320955,211.8300018,17.3816185,156
八王子霊園,139.2693402,35.66302929,212.8300018,4.040352345,190
八王子霊園,139.2693415,35.66284902,214.3300018,5.434230328,121
八王子霊園,139.2693428,35.66266875,215.6300049,6.490653992,123
八王子霊園,139.269344,35.66248849,221.3300018,15.87244225,323
八王子霊園,139.2693453,35.66230822,216.3300018,4.691378117,14
八王子霊園,139.2693466,35.66212795,217.5299988,19.02001572,345
八王子霊園,139.2693478,35.66194769,213.6300049,21.97586632,347
八王子霊園,139.2693491,35.66176742,213.0299988,1.844614983,338
八王子霊園,139.2693504,35.66158716,213.8300018,6.183906078,73
八王子霊園,139.2693516,35.66140689,214.7299957,1.69977212,33
八王子霊園,139.2693529,35.66122662,215.2299957,2.724007607,20
八王子霊園,139.2693542,35.66104636,217.6300049,6.277814388,6
八王子霊園,139.2693554,35.66086609,218.1300049,9.773809433,27
八王子霊園,139.2693567,35.66068582,218.0299988,2.91491437,29
八王子霊園,139.269358,35.66050556,221.2299957,12.13924408,26
八王子霊園,139.2693592,35.66032529,223.4299927,9.36819458,37
八王子霊園,139.2693605,35.66014503,223.6300049,0.721041024,126
八王子霊園,139.2693618,35.65996476,223.5299988,1.422763348,258
八王子霊園,139.2695434,35.66555405,196.8300018,0.367502451,219
八王子霊園,139.2695447,35.66537378,196.9299927,0.284727514,360
八王子霊園,139.2695459,35.66519351,196.9299927,2.979938984,144
八王子霊園,139.2695472,35.66501325,196.3300018,6.943014622,196
八王子霊園,139.2695485,35.66483298,196.3300018,3.272415638,138
八王子霊園,139.2695497,35.66465271,197.0299988,2.654041052,165
八王子霊園,139.269551,35.66447245,198.0299988,9.483304024,165
八王子霊園,139.2695523,35.66429218,201.2299957,7.716814041,116
八王子霊園,139.2695535,35.66411192,202.4299927,2.843787193,78
八王子霊園,139.2695548,35.66393165,205.5299988,25.94727516,155
八王子霊園,139.2695561,35.66375138,207.2299957,23.76049232,221
八王子霊園,139.2695573,35.66357112,205.3300018,2.923428774,61
八王子霊園,139.2695586,35.66339085,205.9299927,9.481842995,74
八王子霊園,139.2695599,35.66321059,213.3300018,6.77375412,77
八王子霊園,139.2695611,35.66303032,213.7299957,2.674222231,93
八王子霊園,139.2695624,35.66285005,216.4299927,27.42774963,140
八王子霊園,139.2695662,35.66230926,211.0299988,27.19641685,337
八王子霊園,139.2695675,35.66212899,211.8300018,1.517297029,32
八王子霊園,139.2695687,35.66194872,211.7299957,0.183748215,219
八王子霊園,139.26957,35.66176846,211.2299957,5.692823887,23
八王子霊園,139.2695713,35.66158819,214.0299988,4.88933754,43
八王子霊園,139.2695725,35.66140792,214.2299957,1.88246572,34
八王子霊園,139.2695738,35.66122766,214.4299927,1.83699894,39
八王子霊園,139.2695751,35.66104739,216.4299927,3.266767025,239
八王子霊園,139.2695763,35.66086713,215.1300049,1.347322822,252
八王子霊園,139.2695776,35.66068686,215.1300049,8.924100876,35
八王子霊園,139.2695789,35.66050659,217.8300018,7.309894085,29
八王子霊園,139.2695801,35.66032633,218.7299957,9.961512566,8
八王子霊園,139.2695814,35.66014606,222.8300018,18.77953148,47
八王子霊園,139.2695827,35.65996579,223.6300049,0.752995014,248
八王子霊園,139.2697643,35.66555508,197.3300018,8.127675056,173
八王子霊園,139.2697656,35.66537481,197.1300049,5.531551838,198
八王子霊園,139.2697668,35.66519455,197.8300018,6.512490749,121
八王子霊園,139.2697681,35.66501428,201.3300018,3.137183666,87
八王子霊園,139.2697694,35.66483402,202.4299927,3.031490803,85
八王子霊園,139.2697706,35.66465375,203.7299957,2.442669392,87
八王子霊園,139.2697719,35.66447348,204.6300049,2.020047188,102
八王子霊園,139.2697732,35.66429322,202.1300049,6.632091999,230
八王子霊園,139.2697744,35.66411295,202.2299957,1.138856292,180
八王子霊園,139.2697757,35.66393268,209.3300018,13.94839859,78
八王子霊園,139.269777,35.66375242,210.4299927,2.561122179,180
八王子霊園,139.2697782,35.66357215,211.2299957,10.46641064,197
八王子霊園,139.2697795,35.66339189,209.8300018,21.74023438,157
八王子霊園,139.2697808,35.66321162,212.7299957,2.704266071,99
八王子霊園,139.2697858,35.66249056,210.1300049,16.34422684,314
八王子霊園,139.2697871,35.66231029,209.9299927,0.735086858,321
八王子霊園,139.2697884,35.66213002,209.8300018,0.900048792,231
八王子霊園,139.2697896,35.66194976,209.4299927,11.03613567,25
八王子霊園,139.2697909,35.66176949,211.3300018,3.368608236,92
八王子霊園,139.2697922,35.66158922,211.3300018,1.286420703,5
八王子霊園,139.2697934,35.66140896,211.9299927,11.96786785,30
八王子霊園,139.2697947,35.66122869,213.9299927,4.543499947,32
八王子霊園,139.269796,35.66104843,216.1300049,16.9335804,326
八王子霊園,139.2697972,35.66086816,214.4299927,8.101426125,354
八王子霊園,139.2697985,35.66068789,215.3300018,2.698536396,51
八王子霊園,139.2697998,35.66050763,215.3300018,0.551257551,141
八王子霊園,139.269801,35.66032736,216.4299927,12.78696537,29
八王子霊園,139.2698023,35.66014709,216.8300018,8.033560753,24
八王子霊園,139.2698036,35.65996683,222.1300049,17.73347664,44
八王子霊園,139.2698048,35.65978656,222.0299988,3.248056412,337
八王子霊園,139.2699827,35.66591665,197.2299957,18.37854195,189
八王子霊園,139.2699839,35.66573638,195.7299957,8.685422897,151
八王子霊園,139.2699852,35.66555611,199.1300049,3.335872412,115
八王子霊園,139.2699865,35.66537585,199.3300018,2.045073271,245
八王子霊園,139.2699877,35.66519558,198.8300018,3.923172235,168
八王子霊園,139.269989,35.66501531,201.3300018,2.704279661,81
八王子霊園,139.2699903,35.66483505,202.3300018,2.843791485,78
八王子霊園,139.2699915,35.66465478,203.6300049,3.071190596,79
八王子霊園,139.2699928,35.66447452,204.5299988,3.018137693,90
八王子霊園,139.2699941,35.66429425,206.2299957,14.33926773,146
八王子霊園,139.2699953,35.66411398,208.3300018,9.313990593,180
八王子霊園,139.2699966,35.66393372,208.6300049,14.14979362,125
八王子霊園,139.2699979,35.66375345,210.3300018,2.475579977,80
八王子霊園,139.2699991,35.66357319,210.8300018,3.248178482,23
八王子霊園,139.2700004,35.66339292,212.5299988,23.56715775,141
八王子霊園,139.2700054,35.66267185,212.9299927,11.35832596,319
八王子霊園,139.2700067,35.66249159,207.9299927,0.792577922,334
八王子霊園,139.270008,35.66231132,208.0299988,10.17745399,24
八王子霊園,139.2700092,35.66213106,209.9299927,5.145667553,31
八王子霊園,139.2700105,35.66195079,209.9299927,3.614419937,303
八王子霊園,139.2700118,35.66177052,209.5299988,1.442247987,9
八王子霊園,139.270013,35.66159026,211.5299988,11.96785831,30
八王子霊園,139.2700143,35.66140999,211.0299988,0.376542449,248
八王子霊園,139.2700156,35.66122973,210.9299927,5.636132717,28
八王子霊園,139.2700168,35.66104946,212.9299927,4.551232338,41
八王子霊園,139.2700181,35.66086919,213.3300018,1.285748839,84
八王子霊園,139.2700194,35.66068893,213.3300018,0.183776259,141
八王子霊園,139.2700206,35.66050866,213.1300049,10.20959854,31
八王子霊園,139.2700219,35.66032839,215.3300018,0.825634956,280
八王子霊園,139.2700232,35.66014813,215.2299957,1.055268526,82
八王子霊園,139.2700244,35.65996786,216.9299927,20.89513206,56
八王子霊園,139.2700257,35.6597876,222.0299988,5.253094196,43
八王子霊園,139.270027,35.65960733,221.7299957,2.353149652,303
八王子霊園,139.2702023,35.66609794,198.5299988,1.129454017,68
八王子霊園,139.2702036,35.66591768,198.7299957,0.545024693,59
八王子霊園,139.2702048,35.66573741,198.8300018,0.464743137,90
八王子霊園,139.2702061,35.66555715,199.1300049,0.721050799,54
八王子霊園,139.2702074,35.66537688,199.6300049,0.735008359,39
八王子霊園,139.2702086,35.66519661,199.4299927,4.876475334,93
八王子霊園,139.2702099,35.66501635,201.3300018,3.031490803,85
八王子霊園,139.2702112,35.66483608,202.3300018,2.933462143,82
八王子霊園,139.2702124,35.66465582,203.5299988,2.800841093,84
八王子霊園,139.2702137,35.66447555,204.5299988,3.071203947,79
八王子霊園,139.270215,35.66429528,207.6300049,6.587460995,69
八王子霊園,139.2702162,35.66411502,208.4299927,2.474328041,70
八王子霊園,139.2702175,35.66393475,209.1300049,2.929068089,14
八王子霊園,139.2702187,35.66375449,209.5299988,3.137219191,87
八王子霊園,139.2702225,35.66321369,215.7299957,25.93654823,336
八王子霊園,139.2702238,35.66303342,214.1300049,20.51352501,355
八王子霊園,139.2702251,35.66285315,211.9299927,1.837076068,39
八王子霊園,139.2702263,35.66267289,208.7299957,17.50728226,292
八王子霊園,139.2702276,35.66249262,207.1300049,1.442291975,9
八王子霊園,139.2702289,35.66231236,207.6300049,1.584879875,26
八王子霊園,139.2702301,35.66213209,207.5299988,0.615073979,22
八王子霊園,139.2702314,35.66195182,207.9299927,7.173224926,48
八王子霊園,139.2702327,35.66177156,209.6300049,0,0
八王子霊園,139.2702339,35.66159129,209.3300018,1.34727931,288
八王子霊園,139.2702352,35.66141102,208.8300018,3.704288006,28
八王子霊園,139.2702365,35.66123076,211.0299988,10.60826015,14
八王子霊園,139.2702377,35.66105049,211.1300049,0.721012473,234
八王子霊園,139.270239,35.66087023,211.3300018,7.860012531,23
八王子霊園,139.2702403,35.66068996,213.2299957,7.953189373,25
八王子霊園,139.2702415,35.66050969,213.4299927,0.442612946,165
八王子霊園,139.2702428,35.66032943,213.4299927,0.61508739,22
八王子霊園,139.2702441,35.66014916,214.9299927,11.92560101,28
八王子霊園,139.2702453,35.65996889,214.5299988,3.669605732,298
八王子霊園,139.2702466,35.65978863,219.1300049,24.16210938,57
八王子霊園,139.2704232,35.66609898,198.3300018,0.569488049,180
八王子霊園,139.2704245,35.66591871,198.4299927,0.442691624,15
八王子霊園,139.2704257,35.66573845,198.6300049,1.327740908,15
八王子霊園,139.270427,35.66555818,198.8300018,1.286172271,39
八王子霊園,139.2704283,35.66537791,199.0299988,2.602818251,10
八王子霊園,139.2704295,35.66519765,200.3300018,7.220097542,102
八王子霊園,139.2704308,35.66501738,201.3300018,2.905711412,93
八王子霊園,139.2704321,35.66483711,202.3300018,2.800856352,96
八王子霊園,139.2704333,35.66465685,203.6300049,3.137219191,93
八王子霊園,139.2704346,35.66447658,204.5299988,2.704286814,99
八王子霊園,139.2704358,35.66429632,207.7299957,11.7820549,22
八王子霊園,139.2704371,35.66411605,208.3300018,5.435956955,20
八王子霊園,139.2704396,35.66375552,211.4299927,15.77707481,350
八王子霊園,139.2704409,35.66357525,210.8300018,34.78429031,356
八王子霊園,139.2704422,35.66339499,206.2299957,29.57183838,352
八王子霊園,139.2704434,35.66321472,205.9299927,9.638190269,325
八王子霊園,139.2704447,35.66303445,211.2299957,9.290363312,132
八王子霊園,139.270446,35.66285419,209.8300018,22.82594872,326
八王子霊園,139.2704472,35.66267392,206.6300049,8.347942352,358
八王子霊園,139.2704485,35.66249365,206.1300049,10.94322586,20
八王子霊園,139.2704498,35.66231339,206.8300018,1.102498651,321
八王子霊園,139.270451,35.66213312,206.8300018,4.654582977,341
八王子霊園,139.2704523,35.66195286,207.5299988,5.131678104,39
八王子霊園,139.2704536,35.66177259,207.4299927,1.00326705,7
八王子霊園,139.2704548,35.66159232,208.3300018,11.11360931,24
八王子霊園,139.2704561,35.66141206,208.9299927,0.918721557,219
八王子霊園,139.2704574,35.66123179,208.9299927,4.036155224,39
八王子霊園,139.2704586,35.66105152,208.9299927,11.38941479,40
八王子霊園,139.2704599,35.66087126,211.3300018,4.401684761,39
八王子霊園,139.2704612,35.66069099,211.4299927,1.138805509,180
八王子霊園,139.2704624,35.66051073,211.3300018,3.956787348,26
八王子霊園,139.2704637,35.66033046,213.5299988,6.393245697,25
八王子霊園,139.2704649,35.66015019,213.4299927,1.080738187,229
八王子霊園,139.2704662,35.65996993,213.3300018,0.376476824,292
八王子霊園,139.2704675,35.65978966,213.3300018,14.63743114,54
八王子霊園,139.2706441,35.66610001,198.3300018,4.675952911,48
八王子霊園,139.2706454,35.66591974,198.5299988,0.545081437,121
八王子霊園,139.2706466,35.66573948,198.6300049,0.232357666,90
八王子霊園,139.2706479,35.66555921,198.6300049,0.37649554,112
八王子霊園,139.2706492,35.66537895,198.1300049,2.906600714,43
八王子霊園,139.2706504,35.66519868,200.5299988,3.955347061,105
八王子霊園,139.2706517,35.66501841,201.5299988,3.071203947,101
八王子霊園,139.270653,35.66483815,202.4299927,2.090461969,90
八王子霊園,139.2706542,35.66465788,199.0299988,28.8332901,34
八王子霊園,139.2706555,35.66447761,203.3300018,20.19140053,333
八王子霊園,139.2706567,35.66429735,200.5299988,14.9047823,106
八王子霊園,139.270658,35.66411708,207.0299988,6.773799896,103
八王子霊園,139.2706593,35.66393682,209.1300049,16.942873,298
八王子霊園,139.2706605,35.66375655,207.5299988,5.802601337,301
八王子霊園,139.2706618,35.66357628,206.5299988,0.367564172,39
八王子霊園,139.2706631,35.66339602,206.3300018,2.179173946,301
八王子霊園,139.2706643,35.66321575,209.8300018,22.6871357,119
八王子霊園,139.2706656,35.66303549,211.0299988,15.75202179,298
八王子霊園,139.2706669,35.66285522,205.8300018,2.554502964,270
八王子霊園,139.2706681,35.66267495,205.4299927,0.900092304,309
八王子霊園,139.2706694,35.66249469,205.0299988,0.721050858,306
八王子霊園,139.2706707,35.66231442,204.8300018,2.288680792,6
八王子霊園,139.2706719,35.66213415,205.9299927,3.818498373,329
八王子霊園,139.2706732,35.66195389,205.3300018,0.61508739,22
八王子霊園,139.2706745,35.66177362,206.9299927,13.12823486,20
八王子霊園,139.2706757,35.66159336,207.3300018,1.196056724,284
八王子霊園,139.270677,35.66141309,206.8300018,2.725358486,7
八王子霊園,139.2706782,35.66123282,207.7299957,8.796392441,45
八王子霊園,139.2706795,35.66105256,209.2299957,0.615006924,158
八王子霊園,139.2706808,35.66087229,209.3300018,1.262242675,133
八王子霊園,139.270682,35.66069202,209.0299988,9.630264282,51
八王子霊園,139.2706833,35.66051176,211.6300049,3.638000488,42
八王子霊園,139.2706846,35.66033149,211.5299988,0.61508739,202
八王子霊園,139.2706858,35.66015123,211.5299988,6.492119789,26
八王子霊園,139.2706871,35.65997096,213.3300018,6.315229416,26
八王子霊園,139.2706884,35.65979069,212.3300018,5.223176479,257
八王子霊園,139.2706896,35.65961043,217.9299927,9.474125862,63
八王子霊園,139.270696,35.6587091,214.7299957,26.32113075,182
八王子霊園,139.2706972,35.65852883,214.6300049,11.58068275,169
八王子霊園,139.2706985,35.65834856,214.5299988,4.215415955,199
八王子霊園,139.2708625,35.66646157,195.8300018,28.23201752,1
八王子霊園,139.2708637,35.66628131,192.5299988,12.45681286,339
八王子霊園,139.270865,35.66610104,192.7299957,11.2805357,5
八王子霊園,139.2708663,35.66592078,192.5299988,10.57735634,10
八王子霊園,139.2708675,35.66574051,193.4299927,16.0799427,360
八王子霊園,139.2708688,35.66556024,195.1300049,13.59072876,71
八王子霊園,139.2708701,35.66537998,197.8300018,11.77545929,69
八王子霊園,139.2708713,35.66519971,200.6300049,8.903726578,10
八王子霊園,139.2708726,35.66501945,197.1300049,24.3806076,351
八王子霊園,139.2708739,35.66483918,199.4299927,28.8074398,352
八王子霊園,139.2708751,35.66465891,196.8300018,16.97731972,117
八王子霊園,139.2708764,35.66447865,199.7299957,1.722928405,109
八王子霊園,139.2708776,35.66429838,202.5299988,23.12402153,97
八王子霊園,139.2708789,35.66411811,206.4299927,12.9312973,74
八王子霊園,139.2708802,35.66393785,207.6300049,9.645403862,293
八王子霊園,139.2708814,35.66375758,206.3300018,0.972034991,107
八王子霊園,139.2708827,35.66357732,206.4299927,0.569440961,360
八王子霊園,139.270884,35.66339705,206.0299988,0.88522613,165
八王子霊園,139.2708852,35.66321678,209.7299957,4.418645382,5
八王子霊園,139.2708865,35.66303652,206.0299988,7.608112335,318
八王子霊園,139.2708878,35.66285625,205.4299927,2.704307795,279
八王子霊園,139.270889,35.66267599,205.3300018,0.918587923,298
八王子霊園,139.2708903,35.66249572,205.0299988,0.598157823,284
八王子霊園,139.2708916,35.66231545,204.7299957,1.05521369,278
八王子霊園,139.2708928,35.66213519,204.2299957,1.46262002,299
八王子霊園,139.2708941,35.66195492,204.8300018,6.506237507,17
八王子霊園,139.2708953,35.66177465,205.2299957,4.297431946,22
八王子霊園,139.2708966,35.66159439,205.1300049,1.12942338,292
八王子霊園,139.2708979,35.66141412,205.3300018,6.78061676,349
八王子霊園,139.2708991,35.66123386,206.8300018,11.59983635,39
八王子霊園,139.2709004,35.66105359,207.1300049,4.441920757,37
八王子霊園,139.2709017,35.66087332,209.4299927,10.85694504,33
八王子霊園,139.2709029,35.66069306,209.5299988,0.615060568,202
八王子霊園,139.2709042,35.66051279,209.4299927,0.735039175,219
八王子霊園,139.2709055,35.66033252,211.2299957,14.28591061,23
八王子霊園,139.2709067,35.66015226,211.4299927,0.598121941,284
八王子霊園,139.270908,35.65997199,211.2299957,0.376517862,248
八王子霊園,139.2709092,35.65979172,211.0299988,2.560964584,360
八王子霊園,139.2709105,35.65961146,216.1300049,17.96474457,99
八王子霊園,139.2709118,35.65943119,216.4299927,5.158578396,352
八王子霊園,139.2709143,35.65907066,214.6300049,4.297405243,338
八王子霊園,139.2709156,35.65889039,214.0299988,5.935991764,125
八王子霊園,139.2709168,35.65871013,215.1300049,0.721241057,189
八王子霊園,139.2709181,35.65852986,215.1300049,0.721029818,234
八王子霊園,139.2709194,35.65834959,214.8300018,1.51676321,265
八王子霊園,139.2710821,35.66664287,192.2299957,12.64696598,75
八王子霊園,139.2710834,35.66646261,192.3300018,0.284783661,360
八王子霊園,139.2710846,35.66628234,192.3300018,0.183786079,39
八王子霊園,139.2710859,35.66610207,192.3300018,0.464743137,270
八王子霊園,139.2710872,35.66592181,192.3300018,0.183786079,39
八王子霊園,139.2710884,35.66574154,193.0299988,8.01035881,118
八王子霊園,139.2710897,35.66556128,195.8300018,2.723210812,59
八王子霊園,139.271091,35.66538101,194.4299927,2.850718021,328
八王子霊園,139.2710922,35.66520074,194.8300018,1.979980707,130
八王子霊園,139.2710935,35.66502048,195.1300049,1.285789251,84
八王子霊園,139.2710948,35.66484021,195.6300049,1.347342372,108
八王子霊園,139.271096,35.66465994,199.3300018,4.134294033,128
八王子霊園,139.2710973,35.66447968,200.0299988,4.506445885,125
八王子霊園,139.2710985,35.66429941,205.2299957,11.72148991,112
八王子霊園,139.2711011,35.66393888,206.1300049,8.864705086,294
八王子霊園,139.2711023,35.66375861,206.3300018,0.464778632,270
八王子霊園,139.2711036,35.66357835,206.1300049,1.809050322,303
八王子霊園,139.2711049,35.66339808,208.4299927,10.06215572,106
八王子霊園,139.2711061,35.66321782,206.1300049,11.77406883,298
八王子霊園,139.2711074,35.66303755,206.0299988,0.753057122,292
八王子霊園,139.2711087,35.66285728,205.3300018,2.905745029,267
八王子霊園,139.2711099,35.66267702,205.3300018,0.598135412,284
八王子霊園,139.2711112,35.66249675,205.0299988,0.825657189,280
八王子霊園,139.2711124,35.66231648,204.7299957,0.929425299,270
八王子霊園,139.2711137,35.66213622,204.5299988,5.742359161,310
八王子霊園,139.271115,35.66195595,203.9299927,3.524930954,27
八王子霊園,139.2711162,35.66177569,203.5299988,0.442587316,15
八王子霊園,139.2711175,35.66159542,203.6300049,2.882657528,351
八王子霊園,139.2711188,35.66141515,202.9299927,2.540585279,317
八王子霊園,139.27112,35.66123489,203.0299988,10.39798927,34
八王子霊園,139.2711213,35.66105462,205.2299957,6.995317936,21
八王子霊園,139.2711226,35.66087435,207.5299988,4.853239536,35
八王子霊園,139.2711238,35.66069409,207.3300018,2.668805838,31
八王子霊園,139.2711251,35.66051382,209.5299988,10.22633266,28
八王子霊園,139.2711263,35.66033356,209.4299927,1.161724448,270
八王子霊園,139.2711276,35.66015329,209.2299957,0.376534283,292
八王子霊園,139.2711289,35.65997302,211.0299988,10.69428253,360
八王子霊園,139.2711301,35.65979276,211.6300049,24.585392,121
八王子霊園,139.2711314,35.65961249,215.8300018,1.66990459,340
八王子霊園,139.2711327,35.65943222,215.8300018,1.327660203,15
八王子霊園,139.2711339,35.65925196,216.1300049,0.551308036,141
八王子霊園,139.2711352,35.65907169,213.5299988,15.1832819,249
八王子霊園,139.2711365,35.65889142,212.7299957,11.40342522,46
八王子霊園,139.2711377,35.65871116,215.2299957,1.102435589,321
八王子霊園,139.271139,35.65853089,214.9299927,2.613859415,325
八王子霊園,139.2711402,35.65835063,213.0299988,21.37784576,335
八王子霊園,139.271303,35.6666439,189.9299927,21.26112366,80
八王子霊園,139.2713043,35.66646364,192.1300049,0.376489729,292
八王子霊園,139.2713055,35.66628337,192.1300049,1.23004663,22
八王子霊園,139.2713068,35.6661031,192.3300018,0,0
八王子霊園,139.2713081,35.66592284,192.3300018,0.5695315,360
八王子霊園,139.2713093,35.66574257,194.9299927,6.114462376,115
八王子霊園,139.2713106,35.66556231,194.0299988,5.939343929,314
八王子霊園,139.2713119,35.66538204,194.6300049,1.83673501,118
八王子霊園,139.2713131,35.66520177,195.0299988,0.82563585,100
八王子霊園,139.2713144,35.66502151,195.3300018,1.441820383,126
八王子霊園,139.2713156,35.66484124,195.6300049,13.48962212,118
八王子霊園,139.2713169,35.66466098,199.7299957,1.809208512,135
八王子霊園,139.2713182,35.66448071,201.6300049,18.28481674,108
八王子霊園,139.2713194,35.66430044,204.6300049,16.12734985,112
八王子霊園,139.271322,35.66393991,206.0299988,6.228768826,213
八王子霊園,139.2713232,35.66375964,206.1300049,1.723736405,8
八王子霊園,139.2713245,35.66357938,206.0299988,6.118559837,109
八王子霊園,139.2713258,35.66339911,207.4299927,3.986929178,3
八王子霊園,139.271327,35.66321885,205.8300018,1.51734519,328
八王子霊園,139.2713283,35.66303858,205.7299957,0.615097523,22
八王子霊園,139.2713295,35.66285831,205.2299957,2.913927078,287
八王子霊園,139.2713308,35.66267805,205.2299957,0.551272333,321
八王子霊園,139.2713321,35.66249778,204.9299927,1.080731392,311
八王子霊園,139.2713333,35.66231752,202.7299957,17.13558006,328
八王子霊園,139.2713346,35.66213725,199.5299988,15.22155285,18
八王子霊園,139.2713359,35.66195698,201.8300018,4.135078907,27
八王子霊園,139.2713371,35.66177672,201.4299927,13.33306694,17
八王子霊園,139.2713384,35.66159645,201.8300018,7.740532875,315
八王子霊園,139.2713397,35.66141618,200.8300018,1.584861875,26
八王子霊園,139.2713409,35.66123592,201.3300018,6.836697578,6
八王子霊園,139.2713422,35.66105565,203.0299988,12.53696156,22
八王子霊園,139.2713434,35.66087539,205.4299927,11.96446037,32
八王子霊園,139.2713447,35.66069512,205.4299927,7.649641514,11
八王子霊園,139.271346,35.66051485,207.5299988,4.560746193,21
八王子霊園,139.2713472,35.66033459,207.1300049,4.998387337,20
八王子霊園,139.2713485,35.66015432,209.2299957,7.488001347,330
八王子霊園,139.2713498,35.65997405,208.2299957,16.27627754,113
八王子霊園,139.271351,35.65979379,215.4299927,5.906324387,116
八王子霊園,139.2713523,35.65961352,215.5299988,0.569502413,360
八王子霊園,139.2713535,35.65943325,215.6300049,0.442654878,15
八王子霊園,139.2713548,35.65925299,215.8300018,1.809137583,45
八王子霊園,139.2713561,35.65907272,216.0299988,0.918559015,242
八王子霊園,139.2713573,35.65889246,211.1300049,7.507113934,256
八王子霊園,139.2713586,35.65871219,213.6300049,25.18315697,345
八王子霊園,139.2713599,35.65853192,210.7299957,3.205304384,347
八王子霊園,139.2713611,35.65835166,210.8300018,1.442148089,9
八王子霊園,139.2715239,35.66664493,188.1300049,24.7368927,77
八王子霊園,139.2715252,35.66646467,192.0299988,0.232393116,270
八王子霊園,139.2715264,35.6662844,192.0299988,0.232393116,270
八王子霊園,139.2715277,35.66610414,191.9299927,1.286514401,5
八王子霊園,139.271529,35.66592387,193.9299927,11.16923618,115
八王子霊園,139.2715302,35.6657436,194.5299988,4.671472549,145
八王子霊園,139.2715315,35.66556334,194.5299988,13.41938591,179
八王子霊園,139.2715328,35.66538307,194.6300049,1.129422188,112
八王子霊園,139.271534,35.66520281,195.1300049,2.098642826,110
八王子霊園,139.2715353,35.66502254,197.5299988,17.28012276,129
八王子霊園,139.2715365,35.66484227,202.1300049,11.21292019,140
八王子霊園,139.2715378,35.66466201,202.8300018,7.097260952,154
八王子霊園,139.2715391,35.66448174,203.3300018,12.31271362,136
八王子霊園,139.2715454,35.66358041,206.1300049,2.850708961,32
八王子霊園,139.2715467,35.66340014,205.7299957,2.204159021,321
八王子霊園,139.2715479,35.66321988,205.6300049,0.59808892,284
八王子霊園,139.2715492,35.66303961,205.6300049,0.72124809,9
八王子霊園,139.2715504,35.66285934,204.7299957,2.753908634,118
八王子霊園,139.2715517,35.66267908,205.1300049,1.406654239,156
八王子霊園,139.271553,35.66249881,202.5299988,19.61627388,300
八王子霊園,139.2715542,35.66231855,199.7299957,4.16131258,316
八王子霊園,139.2715555,35.66213828,199.6300049,0.183748215,219
八王子霊園,139.2715568,35.66195801,199.5299988,0.367548734,321
八王子霊園,139.271558,35.66177775,200.5299988,6.885458946,42
八王子霊園,139.2715593,35.66159748,201.1300049,0.5450418,59
八王子霊園,139.2715605,35.66141721,201.0299988,0.545068264,239
八王子霊園,139.2715618,35.66123695,200.7299957,1.262216568,227
八王子霊園,139.2715631,35.66105668,201.1300049,5.979577065,137
八王子霊園,139.2715643,35.66087642,201.0299988,12.46352386,36
八王子霊園,139.2715656,35.66069615,203.5299988,5.313937664,39
八王子霊園,139.2715669,35.66051588,205.0299988,10.44331074,25
八王子霊園,139.2715681,35.66033562,205.2299957,7.5885005,14
八王子霊園,139.2715694,35.66015535,206.4299927,2.555413961,333
八王子霊園,139.2715706,35.65997508,213.2299957,23.42034531,104
八王子霊園,139.2715719,35.65979482,215.0299988,0.721265376,351
八王子霊園,139.2715732,35.65961455,215.3300018,1.102446795,39
八王子霊園,139.2715744,35.65943429,215.3300018,0.183748215,39
八王子霊園,139.2715757,35.65925402,215.5299988,1.229979396,338
八王子霊園,139.271577,35.65907375,215.5299988,1.669918776,20
八王子霊園,139.2715782,35.65889349,215.7299957,20.06157303,242
八王子霊園,139.2715795,35.65871322,208.7299957,6.243859768,358
八王子霊園,139.2715807,35.65853295,210.0299988,2.988984346,25
八王子霊園,139.271582,35.65835269,210.2299957,1.406537771,24
八王子霊園,139.2717448,35.66664596,186.3300018,19.11969376,99
八王子霊園,139.2717461,35.6664657,191.6300049,1.570124269,4
八王子霊園,139.2717473,35.66628543,191.9299927,0.442666024,15
八王子霊園,139.2717486,35.66610517,191.1300049,8.385130882,113
八王子霊園,139.2717499,35.6659249,193.8300018,3.600239992,111
八王子霊園,139.2717511,35.66574463,197.9299927,8.632182121,123
八王子霊園,139.2717524,35.66556437,198.0299988,0.367558539,141
八王子霊園,139.2717537,35.6653841,195.6300049,14.50406361,217
八王子霊園,139.2717549,35.66520384,195.2299957,2.248117924,145
八王子霊園,139.2717562,35.66502357,199.7299957,18.97782135,120
八王子霊園,139.2717574,35.6648433,201.3300018,3.433459282,18
八王子霊園,139.2717688,35.66322091,205.6300049,0.442631334,195
八王子霊園,139.2717701,35.66304064,205.5299988,7.447256088,289
八王子霊園,139.2717713,35.66286037,205.4299927,1.153455138,150
八王子霊園,139.2717726,35.66268011,206.1300049,3.288023233,288
八王子霊園,139.2717739,35.66249984,198.1300049,7.695347786,309
八王子霊園,139.2717751,35.66231958,197.9299927,9.01052475,37
八王子霊園,139.2717764,35.66213931,199.7299957,2.540616751,43
八王子霊園,139.2717776,35.66195904,199.6300049,0.551313639,219
八王子霊園,139.2717789,35.66177878,199.3300018,1.569982409,356
八王子霊園,139.2717802,35.66159851,199.4299927,1.080738187,49
八王子霊園,139.2717814,35.66141824,201.0299988,9.620598793,32
八王子霊園,139.2717827,35.66123798,201.2299957,1.626569867,134
八王子霊園,139.271784,35.66105771,201.9299927,1.055704713,161
八王子霊園,139.2717852,35.66087745,201.4299927,5.448279381,102
八王子霊園,139.2717865,35.66069718,202.9299927,11.74389744,197
八王子霊園,139.2717877,35.66051691,202.2299957,6.860800266,44
八王子霊園,139.271789,35.66033665,203.3300018,3.12092042,39
八王子霊園,139.2717903,35.66015638,205.1300049,9.915747643,74
八王子霊園,139.2717915,35.65997611,214.2299957,18.92151642,89
八王子霊園,139.2717928,35.65979585,214.8300018,1.089954734,301
八王子霊園,139.2717941,35.65961558,214.6300049,1.882695317,11
八王子霊園,139.2717953,35.65943532,214.9299927,6.709122181,330
八王子霊園,139.2717966,35.65925505,214.8300018,0.972065389,107
八王子霊園,139.2717978,35.65907478,214.9299927,1.469802856,39
八王子霊園,139.2717991,35.65889452,215.4299927,2.124848843,29
八王子霊園,139.2718004,35.65871425,207.7299957,26.695158,232
八王子霊園,139.2718016,35.65853398,206.7299957,8.649048805,19
八王子霊園,139.2718029,35.65835372,207.5299988,5.694739819,175
八王子霊園,139.2719645,35.66682726,191.5299988,14.08132553,153
八王子霊園,139.2719657,35.66664699,191.6300049,1.153493404,330
八王子霊園,139.271967,35.66646673,191.5299988,0,0
八王子霊園,139.2719683,35.66628646,191.4299927,0.918798685,141
八王子霊園,139.2719695,35.6661062,193.2299957,1.626217484,90
八王子霊園,139.2719708,35.66592593,196.7299957,19.61645126,120
八王子霊園,139.271972,35.66574566,197.9299927,0.46476087,90
八王子霊園,139.2719733,35.6655654,198.0299988,0.284770966,180
八王子霊園,139.2719746,35.66538513,198.1300049,1.406681299,204
八王子霊園,139.2719758,35.66520487,197.8300018,17.69009209,139
八王子霊園,139.2719935,35.66268114,200.9299927,14.44118977,327
八王子霊園,139.2719948,35.66250087,198.2299957,0.376520216,292
八王子霊園,139.271996,35.66232061,198.1300049,0.376544833,248
八王子霊園,139.2719973,35.66214034,197.9299927,0.551313639,39
八王子霊園,139.2719985,35.66196007,197.9299927,6.388656139,21
八王子霊園,139.2719998,35.66177981,199.4299927,4.035111904,78
八王子霊園,139.2720011,35.66159954,199.4299927,0.376517832,112
八王子霊園,139.2720023,35.66141927,199.5299988,0.721068144,126
八王子霊園,139.2720036,35.66123901,199.6300049,8.779418945,94
八王子霊園,139.2720048,35.66105874,201.7299957,0.376542449,292
八王子霊園,139.2720061,35.66087848,201.2299957,8.431225777,93
八王子霊園,139.2720074,35.66069821,203.5299988,0.972088635,73
八王子霊園,139.2720086,35.66051794,203.8300018,0.918579161,118
八王子霊園,139.2720099,35.66033768,203.6300049,5.314847469,189
八王子霊園,139.2720112,35.66015741,204.1300049,12.00964355,76
八王子霊園,139.2720124,35.65997714,213.8300018,21.82177162,79
八王子霊園,139.2720137,35.65979688,214.6300049,1.469842076,321
八王子霊園,139.2720149,35.65961661,214.3300018,3.638028383,318
八王子霊園,139.2720162,35.65943635,213.4299927,7.438588619,35
八王子霊園,139.2720175,35.65925608,211.8300018,12.2614212,354
八王子霊園,139.2720187,35.65907581,213.0299988,5.49506855,62
八王子霊園,139.27202,35.65889555,214.8300018,1.285789013,84
八王子霊園,139.2720212,35.65871528,214.7299957,5.884019852,255
八王子霊園,139.2720225,35.65853501,205.8300018,26.2723465,229
八王子霊園,139.2721841,35.66700856,191.5299988,0.5695315,180
八王子霊園,139.2721854,35.66682829,191.4299927,0.464778572,270
八王子霊園,139.2721866,35.66664802,191.4299927,0.376497924,248
八王子霊園,139.2721879,35.66646776,191.4299927,0.72132802,351
八王子霊園,139.2721892,35.66628749,191.4299927,5.417323589,113
八王子霊園,139.2721904,35.66610723,193.8300018,18.4893856,120
八王子霊園,139.2721917,35.66592696,197.9299927,0.551287055,141
八王子霊園,139.2721929,35.66574669,198.0299988,0.183781162,141
八王子霊園,139.2721942,35.66556643,197.9299927,0.442673266,195
八王子霊園,139.2721955,35.66538616,198.6300049,2.211093664,86
八王子霊園,139.2722169,35.66232164,198.0299988,1.669338465,245
八王子霊園,139.2722182,35.66214137,197.9299927,0.545068204,239
八王子霊園,139.2722194,35.6619611,197.5299988,2.391150951,76
八王子霊園,139.2722207,35.66178084,197.9299927,0.367548734,141
八王子霊園,139.272222,35.66160057,199.6300049,8.44162178,29
八王子霊園,139.2722232,35.6614203,199.5299988,2.878380299,50
八王子霊園,139.2722245,35.66124004,201.0299988,8.876092911,89
八王子霊園,139.2722257,35.66105977,201.6300049,0.721198201,9
八王子霊園,139.272227,35.66087951,201.5299988,10.56532288,117
八王子霊園,139.2722283,35.66069924,203.5299988,0.598156393,76
八王子霊園,139.2722295,35.66051897,203.7299957,0.615020335,22
八王子霊園,139.2722308,35.66033871,203.8300018,0.551229537,39
八王子霊園,139.272232,35.66015844,203.8300018,2.323581457,348
八王子霊園,139.2722333,35.65997817,209.8300018,31.97873116,56
八王子霊園,139.2722346,35.65979791,214.3300018,9.493574142,339
八王子霊園,139.2722358,35.65961764,212.0299988,2.110628843,341
八王子霊園,139.2722371,35.65943737,209.9299927,5.780583382,339
八王子霊園,139.2722383,35.65925711,211.2299957,8.204268456,2
八王子霊園,139.2722396,35.65907684,212.4299927,14.59119606,59
八王子霊園,139.2722409,35.65889658,210.8300018,13.19495869,355
八王子霊園,139.2722421,35.65871631,213.2299957,5.398789883,35
八王子霊園,139.2722434,35.65853604,213.0299988,10.47936821,291
八王子霊園,139.272405,35.66700959,191.5299988,0.545081377,301
八王子霊園,139.2724063,35.66682932,191.4299927,3.483279943,348
八王子霊園,139.2724075,35.66664905,191.3300018,6.381781101,359
八王子霊園,139.2724088,35.66646879,191.2299957,4.03688097,24
八王子霊園,139.2724101,35.66628852,192.1300049,2.166534185,105
八王子霊園,139.2724113,35.66610826,197.3300018,15.55856705,40
八王子霊園,139.2724126,35.66592799,195.2299957,9.106729507,332
八王子霊園,139.2724138,35.66574772,197.6300049,12.03389549,34
八王子霊園,139.2724151,35.66556746,198.1300049,1.469847679,321
八王子霊園,139.2724391,35.6621424,197.5299988,15.47061634,257
八王子霊園,139.2724403,35.66196213,198.0299988,9.136309624,46
八王子霊園,139.2724416,35.66178187,198.0299988,0.183776259,141
八王子霊園,139.2724428,35.6616016,198.1300049,0.183748215,141
八王子霊園,139.2724441,35.66142133,198.2299957,1.62030375,52
八王子霊園,139.2724454,35.66124107,201.8300018,6.040166855,102
八王子霊園,139.2724466,35.6610608,201.5299988,0.232393175,270
八王子霊園,139.2724479,35.66088053,203.3300018,10.90532017,91
八王子霊園,139.2724491,35.66070027,203.5299988,0.183776259,321
八王子霊園,139.2724504,35.66052,203.6300049,0.5450418,59
八王子霊園,139.2724517,35.66033974,203.7299957,0.232375458,90
八王子霊園,139.2724529,35.66015947,202.8300018,2.211312056,297
八王子霊園,139.2724542,35.6599792,203.1300049,12.75098896,52
八王子霊園,139.2724554,35.65979894,211.9299927,16.47700691,48
八王子霊園,139.2724567,35.65961867,210.2299957,6.223436356,321
八王子霊園,139.272458,35.6594384,209.4299927,7.010486126,304
八王子霊園,139.2724592,35.65925814,208.5299988,2.005891323,353
八王子霊園,139.2724605,35.65907787,209.2299957,5.79975462,17
八王子霊園,139.2724618,35.6588976,210.7299957,11.38938808,40
八王子霊園,139.272463,35.65871734,212.5299988,11.03531837,14
八王子霊園,139.2724643,35.65853707,211.5299988,1.699746966,327
八王子霊園,139.2726259,35.66701061,185.0299988,30.77271461,340
八王子霊園,139.2726272,35.66683035,188.3300018,8.481492996,137
八王子霊園,139.2726284,35.66665008,189.2299957,2.796268463,66
八王子霊園,139.2726297,35.66646982,191.4299927,3.809338808,103
八王子霊園,139.272631,35.66628955,192.6300049,2.045089006,115
八王子霊園,139.2726322,35.66610928,193.5299988,4.442884445,83
八王子霊園,139.2726335,35.66592902,195.3300018,3.392521143,83
八王子霊園,139.2726347,35.66574875,196.0299988,2.211344957,117
八王子霊園,139.272636,35.66556849,196.4299927,2.276856661,360
八王子霊園,139.2726612,35.66196316,191.7299957,22.00850868,28
八王子霊園,139.2726625,35.66178289,195.9299927,19.32464218,31
八王子霊園,139.2726637,35.66160263,198.2299957,3.600590944,54
八王子霊園,139.272665,35.66142236,198.3300018,1.769998312,165
八王子霊園,139.2726663,35.6612421,201.2299957,2.162153244,126
八王子霊園,139.2726675,35.66106183,200.9299927,0.697148979,90
八王子霊園,139.2726688,35.66088156,200.9299927,0.61508739,22
八王子霊園,139.27267,35.6607013,201.2299957,7.772388458,22
八王子霊園,139.2726713,35.66052103,201.3300018,14.3772583,3
八王子霊園,139.2726726,35.66034076,202.8300018,13.78729343,23
八王子霊園,139.2726738,35.6601605,202.5299988,1.003306031,7
八王子霊園,139.2726751,35.65998023,202.3300018,1.327660203,345
八王子霊園,139.2726763,35.65979996,203.9299927,28.36853218,56
八王子霊園,139.2726776,35.6596197,210.1300049,6.189599514,319
八王子霊園,139.2726789,35.65943943,208.8300018,4.506726742,314
八王子霊園,139.2726801,35.65925917,207.2299957,1.79976356,309
八王子霊園,139.2726814,35.6590789,206.3300018,6.775582314,331
八王子霊園,139.2726826,35.65889863,207.9299927,6.625193119,38
八王子霊園,139.2726839,35.65871837,208.4299927,4.551260471,41
八王子霊園,139.2726852,35.6585381,210.4299927,9.459402084,35
八王子霊園,139.2726864,35.65835783,210.0299988,9.439368248,241
八王子霊園,139.2726877,35.65817757,202.9299927,10.37793255,225
八王子霊園,139.2726889,35.6579973,202.8300018,5.758605957,226
八王子霊園,139.2728443,35.66737218,175.5299988,24.78918839,352
八王子霊園,139.2728456,35.66719191,175.6300049,12.76690388,356
八王子霊園,139.2728468,35.66701164,180.0299988,20.41081047,86
八王子霊園,139.2728481,35.66683138,188.2299957,1.858361244,90
八王子霊園,139.2728493,35.66665111,189.2299957,2.339885712,97
八王子霊園,139.2728506,35.66647084,191.1300049,5.144025326,76
八王子霊園,139.2728519,35.66629058,193.1300049,2.550913334,120
八王子霊園,139.2728531,35.66611031,193.9299927,2.704762936,125
八王子霊園,139.2728544,35.66593005,194.6300049,1.620358109,52
八王子霊園,139.2728556,35.66574978,194.9299927,2.380104542,61
八王子霊園,139.2728821,35.66196419,188.7299957,4.823942184,204
八王子霊園,139.2728834,35.66178392,187.6300049,24.35702515,24
八王子霊園,139.2728846,35.66160366,192.3300018,24.56193924,22
八王子霊園,139.2728859,35.66142339,195.7299957,21.19289207,46
八王子霊園,139.2728871,35.66124312,200.9299927,2.723208427,121
八王子霊園,139.2728884,35.66106286,200.8300018,0.721012473,54
八王子霊園,139.2728897,35.66088259,200.7299957,0.792588413,334
八王子霊園,139.2728909,35.66070232,200.7299957,1.003223896,7
八王子霊園,139.2728922,35.66052206,200.7299957,1.003223896,353
八王子霊園,139.2728934,35.66034179,200.7299957,1.497285485,18
八王子霊園,139.2728947,35.66016153,202.1300049,3.162730217,36
八王子霊園,139.272896,35.65998126,202.2299957,0.56941551,360
八王子霊園,139.2728972,35.65980099,202.0299988,1.229979396,22
八王子霊園,139.2728985,35.65962073,207.1300049,28.4664402,55
八王子霊園,139.2728997,35.65944046,207.3300018,1.462625027,299
八王子霊園,139.272901,35.65926019,206.0299988,5.775591373,315
八王子霊園,139.2729023,35.65907993,205.9299927,2.340285301,307
八王子霊園,139.2729035,35.65889966,204.4299927,2.764585018,348
八王子霊園,139.2729048,35.65871939,204.9299927,7.350014687,19
八王子霊園,139.272906,35.65853913,208.1300049,11.19576168,345
八王子霊園,139.2729073,35.65835886,208.8300018,9.122811317,47
八王子霊園,139.2729086,35.6581786,208.0299988,22.02938271,248
八王子霊園,139.2729098,35.65799833,202.8300018,14.33586979,269
八王子霊園,139.273064,35.66755347,173.8300018,13.21825504,253
八王子霊園,139.2730652,35.6673732,174.4299927,2.979990959,144
八王子霊園,139.2730665,35.66719294,175.4299927,11.71128654,139
八王子霊園,139.2730677,35.66701267,180.0299988,16.08508492,97
八王子霊園,139.273069,35.6668324,188.2299957,2.442667007,93
八王子霊園,139.2730702,35.66665214,189.2299957,4.312020302,96
八王子霊園,139.2730715,35.66647187,191.5299988,5.461750031,120
八王子霊園,139.2730728,35.66629161,192.1300049,4.008872509,60
八王子霊園,139.273074,35.66611134,192.9299927,3.136266232,106
八王子霊園,139.273103,35.66196522,187.5299988,1.089954734,301
八王子霊園,139.2731043,35.66178495,182.7299957,0.59811157,284
八王子霊園,139.2731055,35.66160468,182.7299957,15.83754253,41
八王子霊園,139.2731068,35.66142442,192.1300049,33.19244385,87
八王子霊園,139.273108,35.66124415,200.7299957,0.721216798,351
八王子霊園,139.2731093,35.66106389,200.6300049,2.124848843,29
八王子霊園,139.2731105,35.66088362,200.5299988,1.423466563,360
八王子霊園,139.2731118,35.66070335,200.4299927,1.003219724,7
八王子霊園,139.2731131,35.66052309,200.4299927,0.56941551,360
八王子霊園,139.2731143,35.66034282,200.6300049,1.620249152,308
八王子霊園,139.2731156,35.66016255,199.9299927,7.719391823,55
八王子霊園,139.2731168,35.65998229,201.9299927,0.792533815,334
八王子霊園,139.2731181,35.65980202,201.7299957,0.5450418,301
八王子霊園,139.2731194,35.65962175,201.8300018,4.724782944,33
八王子霊園,139.2731206,35.65944149,206.1300049,2.704682827,305
八王子霊園,139.2731219,35.65926122,205.9299927,7.762248516,317
八王子霊園,139.2731231,35.65908096,204.3300018,0.464743316,270
八王子霊園,139.2731244,35.65890069,203.1300049,6.948830128,321
八王子霊園,139.2731257,35.65872042,202.4299927,6.406155586,5
八王子霊園,139.2731269,35.65854016,202.9299927,5.885863781,27
八王子霊園,139.2731282,35.65835989,205.6300049,8.43477726,9
八王子霊園,139.2731294,35.65817962,203.1300049,19.11275673,327
八王子霊園,139.2731307,35.65799936,202.9299927,14.55119324,270
八王子霊園,139.2732849,35.6675545,181.4299927,21.15656853,161
八王子霊園,139.2732861,35.66737423,180.5299988,34.05200577,188
八王子霊園,139.2732874,35.66719396,181.8300018,27.81387138,162
八王子霊園,139.2732886,35.6670137,186.1300049,20.77137566,148
八王子霊園,139.2732899,35.66683343,189.2299957,16.49098587,159
八王子霊園,139.2732912,35.66665317,190.3300018,6.71771574,166
八王子霊園,139.2732924,35.6664729,191.1300049,9.044672966,120
八王子霊園,139.2733239,35.66196624,187.2299957,4.893522263,301
八王子霊園,139.2733251,35.66178598,182.7299957,0.442603648,345
八王子霊園,139.2733264,35.66160571,182.7299957,0.232357711,90
八王子霊園,139.2733277,35.66142545,191.9299927,32.67367172,85
八王子霊園,139.2733289,35.66124518,200.2299957,5.208788395,49
八王子霊園,139.2733302,35.66106491,200.0299988,0.753011346,112
八王子霊園,139.2733314,35.66088465,200.0299988,0.885214984,345
八王子霊園,139.2733327,35.66070438,200.2299957,0.972366214,29
八王子霊園,139.273334,35.66052411,200.1300049,0.918777645,321
八王子霊園,139.2733352,35.66034385,199.9299927,4.084904194,295
八王子霊園,139.2733365,35.66016358,199.8300018,0.972376823,331
八王子霊園,139.2733377,35.65998331,200.5299988,12.76251698,48
八王子霊園,139.273339,35.65980305,201.5299988,1.162323594,348
八王子霊園,139.2733402,35.65962278,201.5299988,0.721241057,9
八王子霊園,139.2733415,35.65944252,203.3300018,18.98571014,41
八王子霊園,139.2733428,35.65926225,204.6300049,2.340313196,307
八王子霊園,139.273344,35.65908198,203.1300049,2.704824686,313
八王子霊園,139.2733453,35.65890172,203.0299988,4.869370461,314
八王子霊園,139.2733465,35.65872145,201.5299988,2.357668638,316
八王子霊園,139.2733478,35.65854118,201.1300049,4.478509426,10
八王子霊園,139.2733491,35.65836092,201.4299927,15.51352692,329
八王子霊園,139.2735058,35.66755552,187.5299988,24.99018288,133
八王子霊園,139.273507,35.66737526,190.2299957,1.882857442,191
八王子霊園,139.2735083,35.66719499,190.1300049,0.551348746,141
八王子霊園,139.2735095,35.66701473,190.0299988,0.183786079,219
八王子霊園,139.2735108,35.66683446,190.0299988,0.183786079,39
八王子霊園,139.2735121,35.66665419,189.5299988,2.634872198,23
八王子霊園,139.2735448,35.66196727,188.2299957,7.953449726,160
八王子霊園,139.273546,35.661787,187.3300018,2.137740374,177
八王子霊園,139.2735473,35.66160674,188.2299957,0.854131579,180
八王子霊園,139.2735486,35.66142647,189.4299927,18.6048584,90
八王子霊園,139.2735498,35.66124621,199.8300018,14.00625038,89
八王子霊園,139.2735511,35.66106594,200.1300049,0.735016763,321
八王子霊園,139.2735523,35.66088567,199.8300018,0.972349286,331
八王子霊園,139.2735536,35.66070541,199.7299957,1.286354184,5
八王子霊園,139.2735548,35.66052514,199.8300018,1.584780097,334
八王子霊園,139.2735561,35.66034487,199.5299988,6.264891624,282
八王子霊園,139.2735574,35.66016461,199.6300049,1.055745721,341
八王子霊園,139.2735586,35.65998434,199.4299927,2.570953369,219
八王子霊園,139.2735599,35.65980408,201.3300018,13.43477058,52
八王子霊園,139.2735611,35.65962381,199.9299927,7.544525146,328
八王子霊園,139.2735624,35.65944354,199.5299988,2.32358861,12
八王子霊園,139.2735636,35.65926328,201.3300018,17.91306877,33
八王子霊園,139.2735649,35.65908301,202.7299957,5.925384045,307
八王子霊園,139.2735662,35.65890274,202.0299988,1.79976356,309
八王子霊園,139.2735674,35.65872248,201.4299927,1.055283189,262
八王子霊園,139.2735687,35.65854221,201.1300049,2.905730486,273
八王子霊園,139.2735699,35.65836194,199.8300018,3.984852552,262
八王子霊園,139.2737267,35.66755655,188.3300018,19.95845032,96
八王子霊園,139.2737279,35.66737629,190.2299957,0.569466352,180
八王子霊園,139.2737292,35.66719602,190.1300049,0.569553256,180
八王子霊園,139.2737304,35.66701575,190.1300049,0.885330439,195
八王子霊園,139.2737317,35.66683549,190.0299988,3.614516973,303
八王子霊園,139.2737657,35.6619683,188.4299927,0.721259654,171
八王子霊園,139.2737669,35.66178803,188.2299957,2.247408628,259
八王子霊園,139.2737682,35.66160777,188.0299988,5.412714005,123
八王子霊園,139.2737694,35.6614275,192.3300018,21.97703362,90
八王子霊園,139.2737707,35.66124723,199.7299957,2.800840378,96
八王子霊園,139.273772,35.66106697,201.5299988,16.28907394,255
八王子霊園,139.2737732,35.6608867,199.6300049,0.721283913,351
八王子霊園,139.2737745,35.66070643,199.5299988,0.442654878,345
八王子霊園,139.2737757,35.66052617,199.3300018,1.764121056,333
八王子霊園,139.273777,35.6603459,199.3300018,5.460997581,274
八王子霊園,139.2737782,35.66016563,199.3300018,4.724819183,327
八王子霊園,139.2737795,35.65998537,196.1300049,17.19578934,330
八王子霊園,139.2737808,35.6598051,195.6300049,12.06248379,41
八王子霊園,139.273782,35.65962484,199.6300049,1.162298799,348
八王子霊園,139.2737833,35.65944457,199.4299927,0.918777645,321
八王子霊園,139.2737845,35.6592643,199.1300049,1.055666685,341
八王子霊園,139.2737858,35.65908404,200.1300049,8.462539673,23
八王子霊園,139.273787,35.65890377,201.5299988,9.063254356,23
八王子霊園,139.2737883,35.6587235,201.4299927,0.28475824,360
八王子霊園,139.2737896,35.65854324,199.5299988,9.468442917,321
八王子霊園,139.2739463,35.66773784,181.4299927,2.586227894,64
八王子霊園,139.2739476,35.66755758,186.5299988,24.70794106,23
八王子霊園,139.2739488,35.66737731,188.0299988,26.51980782,5
八王子霊園,139.2739501,35.66719705,189.1300049,21.31988907,9
八王子霊園,139.2739514,35.66701678,190.0299988,8.04914093,18
八王子霊園,139.2739526,35.66683651,187.0299988,12.65032387,276
八王子霊園,139.2739866,35.66196932,188.7299957,0.792533815,206
八王子霊園,139.2739878,35.66178906,188.4299927,1.441826582,234
八王子霊園,139.2739891,35.66160879,189.2299957,3.009423733,68
八王子霊園,139.2739903,35.66142853,191.8300018,17.01685715,68
八王子霊園,139.2739916,35.66124826,199.5299988,12.7505188,50
八王子霊園,139.2739928,35.66106799,198.7299957,10.34794807,348
八王子霊園,139.2739941,35.66088773,199.3300018,0.972359836,331
八王子霊園,139.2739954,35.66070746,199.3300018,0.376509637,292
八王子霊園,139.2739966,35.66052719,199.0299988,0.972099185,287
八王子霊園,139.2739979,35.66034693,198.6300049,7.349727631,335
八王子霊園,139.2739991,35.66016666,195.2299957,11.73206997,329
八王子霊園,139.2740004,35.65998639,195.0299988,1.44225359,351
八王子霊園,139.2740016,35.65980613,195.0299988,1.853830814,356
八王子霊園,139.2740029,35.65962586,195.7299957,20.88136673,55
八王子霊園,139.2740042,35.6594456,199.2299957,0.972359896,331
八王子霊園,139.2740054,35.65926533,198.9299927,0.54501158,301
八王子霊園,139.2740067,35.65908506,198.8300018,1.003243327,353
八王子霊園,139.2740079,35.6589048,198.7299957,3.345891476,27
八王子霊園,139.2740092,35.65872453,199.7299957,0.442638546,15
八王子霊園,139.274013,35.65818373,205.3300018,21.70627975,183
八王子霊園,139.2740142,35.65800346,205.1300049,1.748099446,275
八王子霊園,139.2740155,35.6578232,202.7299957,5.565291405,232
八王子霊園,139.2740167,35.65764293,200.8300018,8.975438118,214
八王子霊園,139.274018,35.65746266,201.4299927,18.06490707,136
八王子霊園,139.2742075,35.66197035,188.8300018,0.697113454,270
八王子霊園,139.2742087,35.66179008,188.5299988,0.753052354,292
八王子霊園,139.27421,35.66160982,188.9299927,5.441608906,73
八王子霊園,139.2742112,35.66142955,189.4299927,10.41341114,58
八王子霊園,139.2742125,35.66124928,194.4299927,13.83726692,45
八王子霊園,139.2742137,35.66106902,197.8300018,12.39764977,342
八王子霊園,139.274215,35.66088875,198.3300018,19.27418518,339
八王子霊園,139.2742162,35.66070849,196.3300018,13.62313366,339
八王子霊園,139.2742175,35.66052822,195.4299927,5.083212376,337
八王子霊園,139.2742188,35.66034795,195.0299988,1.699800014,327
八王子霊園,139.27422,35.66016769,195.3300018,1.882695317,349
八王子霊園,139.2742213,35.65998742,194.6300049,1.327660203,345
八王子霊園,139.2742225,35.65980715,194.4299927,1.604013681,347
八王子霊園,139.2742238,35.65962689,194.2299957,2.198194504,335
八王子霊園,139.274225,35.65944662,197.6300049,23.07205391,46
八王子霊園,139.2742263,35.65926635,198.4299927,11.61480808,328
八王子霊園,139.2742276,35.65908609,196.3300018,8.788230896,349
八王子霊園,139.2742288,35.65890582,194.9299927,14.01184273,40
八王子霊園,139.2742301,35.65872556,199.7299957,3.266797543,59
八王子霊園,139.2742313,35.65854529,199.6300049,3.275626659,30
八王子霊園,139.2742338,35.65818476,208.3300018,6.026252747,273
八王子霊園,139.2742351,35.65800449,209.3300018,7.245545864,149
八王子霊園,139.2742364,35.65782422,209.2299957,16.60291481,180
八王子霊園,139.2742376,35.65764396,209.4299927,13.30889606,195
八王子霊園,139.2742389,35.65746369,209.4299927,0.551237226,321
八王子霊園,139.2742401,35.65728342,206.9299927,21.66020012,235
八王子霊園,139.2744283,35.66197138,188.7299957,0.36752069,321
八王子霊園,139.2744296,35.66179111,188.4299927,0.464760959,270
八王子霊園,139.2744309,35.66161084,188.2299957,2.849771976,70
八王子霊園,139.2744321,35.66143058,189.5299988,1.080738187,131
八王子霊園,139.2744334,35.66125031,192.0299988,27.22733307,56
八王子霊園,139.2744346,35.66107004,195.9299927,2.137719631,357
八王子霊園,139.2744359,35.66088978,195.8300018,0.697095811,270
八王子霊園,139.2744371,35.66070951,195.3300018,1.264800072,304
八王子霊園,139.2744384,35.66052924,194.9299927,1.469808459,321
八王子霊園,139.2744396,35.66034898,194.7299957,1.944187522,331
八王子霊園,139.2744409,35.66016871,194.4299927,3.094458103,300
八王子霊園,139.2744422,35.65998845,194.2299957,1.764121056,333
八王子霊園,139.2744434,35.65980818,194.1300049,2.020831823,336
八王子霊園,139.2744447,35.65962791,193.7299957,1.94420445,331
八王子霊園,139.2744459,35.65944765,193.2299957,3.16418767,341
八王子霊園,139.2744472,35.65926738,193.5299988,2.854575872,355
八王子霊園,139.2744484,35.65908711,194.8300018,6.480414391,46
八王子霊園,139.2744497,35.65890685,194.6300049,0.735005558,39
八王子霊園,139.274451,35.65872658,196.5299988,20.30237198,61
八王子霊園,139.2744522,35.65854631,201.6300049,21.65135765,121
八王子霊園,139.2744535,35.65836605,208.9299927,13.42892551,120
八王子霊園,139.2744547,35.65818578,209.6300049,2.045042276,115
八王子霊園,139.274456,35.65800551,210.1300049,1.293724179,116
八王子霊園,139.2744572,35.65782525,212.2299957,0.23239322,90
八王子霊園,139.2744585,35.65764498,212.2299957,0.28476727,360
八王子霊園,139.2744597,35.65746472,212.3300018,5.901628494,290
八王子霊園,139.274461,35.65728445,207.0299988,14.45853424,259
八王子霊園,139.2744623,35.65710418,201.4299927,7.276419163,221
八王子霊園,139.2746492,35.6619724,188.7299957,10.27026081,68
八王子霊園,139.2746505,35.66179213,188.5299988,0.825677335,260
八王子霊園,139.2746517,35.66161187,188.4299927,0.918553352,298
八王子霊園,139.274653,35.6614316,188.3300018,3.336936474,20
八王子霊園,139.2746543,35.66125133,188.5299988,0.442654878,195
八王子霊園,139.2746555,35.66107107,195.3300018,22.85697746,68
八王子霊園,139.2746568,35.6608908,195.2299957,0.918721557,321
八王子霊園,139.274658,35.66071054,194.7299957,1.882446051,326
八王子霊園,139.2746593,35.66053027,194.5299988,1.844561458,338
八王子霊園,139.2746605,35.66035,194.1300049,1.335117936,329
八王子霊園,139.2746618,35.66016974,193.9299927,1.626595259,314
八王子霊園,139.274663,35.65998947,193.0299988,9.3520298,44
八王子霊園,139.2746643,35.6598092,193.4299927,1.882695317,349
八王子霊園,139.2746656,35.65962894,193.2299957,2.431004524,325
八王子霊園,139.2746668,35.65944867,191.3300018,8.637198448,316
八王子霊園,139.2746681,35.6592684,193.2299957,5.217204571,47
八王子霊園,139.2746693,35.65908814,193.3300018,0.598122001,104
八王子霊園,139.2746706,35.65890787,194.0299988,1.138848901,360
八王子霊園,139.2746718,35.65872761,194.0299988,0.183776259,39
八王子霊園,139.2746731,35.65854734,197.4299927,27.09567261,28
八王子霊園,139.2746769,35.65800654,207.4299927,19.46915627,45
八王子霊園,139.2746781,35.65782627,212.1300049,0.75298208,112
八王子霊園,139.2746794,35.65764601,212.3300018,4.218833923,141
八王子霊園,139.2746806,35.65746574,212.3300018,19.6360321,249
八王子霊園,139.2746819,35.65728547,206.9299927,13.13495827,241
八王子霊園,139.2746831,35.65710521,203.1300049,9.548202515,239
八王子霊園,139.2746844,35.65692494,199.9299927,10.15272427,265
八王子霊園,139.2748714,35.66179316,188.4299927,1.441797972,306
八王子霊園,139.2748726,35.66161289,188.1300049,8.242855072,348
八王子霊園,139.2748739,35.66143263,187.4299927,8.706903458,70
八王子霊園,139.2748751,35.66125236,188.8300018,0.734977484,219
八王子霊園,139.2748764,35.66107209,188.7299957,10.63435459,68
八王子霊園,139.2748777,35.66089183,194.9299927,6.278782368,49
八王子霊園,139.2748789,35.66071156,194.6300049,1.286132455,321
八王子霊園,139.2748802,35.66053129,194.2299957,1.653443098,321
八王子霊園,139.2748814,35.66035103,193.7299957,1.406562686,336
八王子霊園,139.2748827,35.66017076,193.5299988,1.444277048,314
八王子霊園,139.2748839,35.65999049,193.2299957,11.95170498,252
八王子霊園,139.2748852,35.65981023,193.0299988,20.1634922,9
八王子霊園,139.2748864,35.65962996,189.7299957,6.406201839,355
八王子霊園,139.2748877,35.6594497,189.8300018,2.376498699,334
八王子霊園,139.274889,35.65926943,190.3300018,16.49482918,91
八王子霊園,139.2748902,35.65908916,194.0299988,0.367548734,321
八王子霊園,139.2748915,35.6589089,194.0299988,0.442654878,15
八王子霊園,139.2748927,35.65872863,194.0299988,0.232393205,270
八王子霊園,139.274894,35.65854836,194.0299988,0,0
八王子霊園,139.274899,35.6578273,211.9299927,11.77769661,66
八王子霊園,139.2749002,35.65764703,214.8300018,2.179125071,59
八王子霊園,139.2749015,35.65746676,215.2299957,10.42441368,256
八王子霊園,139.2749028,35.6572865,208.7299957,15.84654427,241
八王子霊園,139.274904,35.65710623,204.8300018,9.675158501,236
八王子霊園,139.2750923,35.66179418,187.2299957,4.191691399,70
八王子霊園,139.2750935,35.66161392,186.9299927,1.129415274,248
八王子霊園,139.2750948,35.66143365,186.0299988,3.600167274,291
八王子霊園,139.275096,35.66125338,188.9299927,19.35498238,21
八王子霊園,139.2750973,35.66107312,187.3300018,12.25973511,327
八王子霊園,139.2750985,35.66089285,190.4299927,33.07018661,48
八王子霊園,139.2750998,35.66071258,194.2299957,1.63472724,301
八王子霊園,139.2751011,35.66053232,193.7299957,1.8090204,303
八王子霊園,139.2751023,35.66035205,193.5299988,1.441799521,306
八王子霊園,139.2751036,35.66017179,193.1300049,3.089450836,317
八王子霊園,139.2751048,35.65999152,188.8300018,23.12758064,330
八王子霊園,139.2751061,35.65981125,188.4299927,13.40883255,32
八王子霊園,139.2751073,35.65963099,188.5299988,4.297431946,22
八王子霊園,139.2751086,35.65945072,189.0299988,2.376541376,26
八王子霊園,139.2751098,35.65927045,194.0299988,16.54619598,101
八王子霊園,139.2751111,35.65909019,193.9299927,0.36752069,321
八王子霊園,139.2751123,35.65890992,193.9299927,0.232357755,90
八王子霊園,139.2751136,35.65872965,194.0299988,0.376542509,112
八王子霊園,139.2751149,35.65854939,191.4299927,31.06963348,326
八王子霊園,139.2751211,35.65764805,212.2299957,21.09127235,30
八王子霊園,139.2751224,35.65746779,212.5299988,15.93946648,353
八王子霊園,139.2751236,35.65728752,210.2299957,11.14424896,255
八王子霊園,139.2753144,35.66161494,186.8300018,0.972387433,331
八王子霊園,139.2753157,35.66143467,184.5299988,13.27161026,312
八王子霊園,139.2753169,35.66125441,184.6300049,3.321974039,10
八王子霊園,139.2753182,35.66107414,185.2299957,12.72868729,38
八王子霊園,139.2753194,35.66089387,186.5299988,0.232393175,90
八王子霊園,139.2753207,35.66071361,192.3300018,23.3815403,40
八王子霊園,139.2753219,35.66053334,193.4299927,11.6558733,317
八王子霊園,139.2753232,35.66035308,190.6300049,26.15124512,349
八王子霊園,139.2753245,35.66017281,186.5299988,19.45727539,332
八王子霊園,139.2753257,35.65999254,185.8300018,1.442210793,351
八王子霊園,139.275327,35.65981228,185.8300018,0.885173082,15
八王子霊園,139.2753282,35.65963201,187.0299988,7.257201672,339
八王子霊園,139.2753307,35.65927148,193.9299927,13.52303028,62
八王子霊園,139.275332,35.65909121,193.9299927,0.721241057,189
八王子霊園,139.2753332,35.65891094,194.0299988,0.569502413,180
八王子霊園,139.2753345,35.65873068,194.0299988,21.91243172,322
八王子霊園,139.2753445,35.65728855,211.8300018,3.36862731,88
八王子霊園,139.2755366,35.6614357,184.1300049,0.697113514,270
八王子霊園,139.2755378,35.66125543,183.8300018,0.918553352,242
八王子霊園,139.2755391,35.66107516,183.2299957,3.600185156,291
八王子霊園,139.2755403,35.6608949,184.7299957,18.54871941,40
八王子霊園,139.2755416,35.66071463,186.4299927,23.84799004,36
八王子霊園,139.2755428,35.66053437,185.7299957,19.44703484,335
八王子霊園,139.2755441,35.6603541,184.9299927,2.725358486,353
八王子霊園,139.2755453,35.66017383,185.2299957,1.153389096,30
八王子霊園,139.2755466,35.65999357,185.5299988,0.721068203,54
八王子霊園,139.2755478,35.6598133,185.6300049,1.196113586,76
八王子霊園,139.2755491,35.65963303,182.6300049,16.29141617,308
八王子霊園,139.2755654,35.65728957,211.7299957,2.882551193,351
八王子霊園,139.2757587,35.66125645,183.8300018,0.825621188,280
八王子霊園,139.27576,35.66107619,183.5299988,0.972088575,253
八王子霊園,139.2757612,35.66089592,182.1300049,5.033644199,278
八王子霊園,139.2757625,35.66071565,184.1300049,6.918432713,76
八王子霊園,139.2757637,35.66053539,184.4299927,0.918636322,62
八王子霊園,139.275765,35.66035512,184.8300018,1.089954734,59
八王子霊園,139.2757662,35.66017486,184.8300018,3.336962938,20
八王子霊園,139.2757675,35.65999459,184.7299957,10.7671566,338
八王子霊園,139.2757687,35.65981432,182.5299988,4.965178013,329
八王子霊園,139.27577,35.65963406,182.5299988,0.367548734,219
八王子霊園,139.2759796,35.66125748,183.8300018,11.35804558,41
八王子霊園,139.2759808,35.66107721,182.0299988,8.507814407,318
八王子霊園,139.2759821,35.66089694,181.9299927,0.28475824,180
八王子霊園,139.2759834,35.66071668,181.7299957,3.942976952,34
八王子霊園,139.2759846,35.66053641,184.2299957,3.979053736,44
八王子霊園,139.2759859,35.66035614,184.5299988,9.947883606,333
八王子霊園,139.2759871,35.66017588,182.5299988,4.965641022,347
八王子霊園,139.2759884,35.65999561,182.6300049,0.721283913,351
八王子霊園,139.2759896,35.65981534,182.4299927,0.61508739,22
八王子霊園,139.2759909,35.65963508,182.3300018,1.286420703,5
八王子霊園,139.2762017,35.66107823,182.0299988,3.250575304,46
八王子霊園,139.276203,35.66089797,181.9299927,0.367548734,321
八王子霊園,139.2762042,35.6607177,181.3300018,14.75479412,332
八王子霊園,139.2762067,35.66035717,182.0299988,1.089958549,59
八王子霊園,139.276208,35.6601769,182.3300018,1.469780445,39
八王子霊園,139.2762093,35.65999663,182.3300018,0.972359896,331
八王子霊園,139.2764251,35.66071872,178.2299957,22.68403625,232
八王子霊園,139.2764289,35.66017792,182.1300049,4.982583523,356
八王子霊園,139.2764301,35.65999766,181.3300018,1.620276451,52
八王子霊園,139.2766473,35.66053948,180.6300049,8.062371254,1
平山城址公園,139.3791002,35.64040078,147.8099976,13.38197994,94
平山城址公園,139.3791013,35.64022051,157.8099976,24.7207737,46
平山城址公園,139.3791023,35.64004024,166.0099945,33.15362167,60
平山城址公園,139.3793211,35.64040161,154.4100037,28.73661423,125
平山城址公園,139.3793221,35.64022134,157.9100037,23.23605728,151
平山城址公園,139.3793231,35.64004107,165.0099945,15.3330183,113
平山城址公園,139.3793241,35.6398608,173.0099945,14.69095421,94
平山城址公園,139.3795399,35.64076298,150.1100006,39.15110397,102
平山城址公園,139.3795409,35.64058271,162.4100037,14.57896328,190
平山城址公園,139.3795419,35.64040244,158.9100037,25.26944351,153
平山城址公園,139.3795429,35.64022217,166.2100067,25.29932404,163
平山城址公園,139.3795439,35.6400419,168.4100037,30.26903534,149
平山城址公園,139.379545,35.63986163,174.6100006,21.29014206,137
平山城址公園,139.3797617,35.64058354,158.0099945,36.85075378,57
平山城址公園,139.3797627,35.64040327,166.7100067,17.41749573,85
平山城址公園,139.3797638,35.640223,169.8099976,17.12645149,358
平山城址公園,139.3797648,35.64004273,172.5099945,18.74963188,80
平山城址公園,139.3797658,35.63986246,178.4100037,13.6659441,57
平山城址公園,139.3797668,35.63968219,179.6100006,10.69391727,1
平山城址公園,139.3797678,35.63950192,179.7100067,1.423020601,0
平山城址公園,139.3799805,35.64094491,141.8099976,19.43961334,134
平山城址公園,139.3799815,35.64076464,148.9100037,40.94798279,136
平山城址公園,139.3799826,35.64058437,161.7100067,29.64393044,127
平山城址公園,139.3799836,35.6404041,165.1100006,5.534932137,359
平山城址公園,139.3799846,35.64022383,165.2100067,11.89240074,8
平山城址公園,139.3799856,35.64004356,171.6100006,17.09115982,37
平山城址公園,139.3799866,35.63986329,171.0099945,24.7079277,3
平山城址公園,139.3799876,35.63968302,171.9100037,24.38407135,4
平山城址公園,139.3799887,35.63950275,172.4100037,32.11249542,4
平山城址公園,139.3799897,35.63932248,178.8099976,4.076052189,143
平山城址公園,139.3802014,35.64094574,151.7100067,42.2490654,128
平山城址公園,139.3802024,35.64076547,160.3099976,27.36057663,96
平山城址公園,139.3802034,35.6405852,167.5099945,22.10269928,137
平山城址公園,139.3802044,35.64040494,165.8099976,24.61613846,257
平山城址公園,139.3802054,35.64022467,160.2100067,9.612561226,356
平山城址公園,139.3802064,35.6400444,164.5099945,16.03782654,18
平山城址公園,139.3802075,35.63986413,163.0099945,15.18371201,348
平山城址公園,139.3802085,35.63968386,162.6100006,11.27554226,21
平山城址公園,139.3802095,35.63950359,166.3099976,19.9510479,90
平山城址公園,139.3802105,35.63932332,178.5099945,18.17223358,99
平山城址公園,139.3804212,35.64112685,142.0099945,24.84276581,101
平山城址公園,139.3804222,35.64094658,152.7100067,23.0728302,89
平山城址公園,139.3804232,35.64076631,166.6100006,18.08490753,108
平山城址公園,139.3804242,35.64058604,168.3099976,14.45970249,312
平山城址公園,139.3804252,35.64040577,162.2100067,29.28775024,326
平山城址公園,139.3804263,35.6402255,156.2100067,18.22837639,316
平山城址公園,139.3804273,35.64004523,157.5099945,21.15505219,6
平山城址公園,139.3804283,35.63986496,157.7100067,12.34983826,3
平山城址公園,139.3804293,35.63968469,162.8099976,15.57017517,82
平山城址公園,139.3804303,35.63950442,169.6100006,25.49624825,112
平山城址公園,139.3804314,35.63932415,176.2100067,19.39304161,26
平山城址公園,139.380642,35.64112768,144.5099945,20.16076851,161
平山城址公園,139.380643,35.64094741,149.5099945,18.21306229,100
平山城址公園,139.3806441,35.64076714,160.9100037,36.79707718,107
平山城址公園,139.3806451,35.64058687,167.1100006,22.4147892,257
平山城址公園,139.3806461,35.6404066,160.1100006,22.58237076,247
平山城址公園,139.3806471,35.64022633,153.6100006,15.5412569,273
平山城址公園,139.3806481,35.64004606,152.7100067,13.77172661,7
平山城址公園,139.3806491,35.63986579,156.4100037,26.29119301,126
平山城址公園,139.3806502,35.63968552,162.1100006,11.43460369,45
平山城址公園,139.3806512,35.63950525,164.8099976,28.89431953,26
平山城址公園,139.3806522,35.63932498,170.5099945,12.40494442,52
平山城址公園,139.3808618,35.64130878,145.4100037,30.68208694,112
平山城址公園,139.3808629,35.64112851,153.9100037,20.39671898,164
平山城址公園,139.3808639,35.64094824,157.4100037,22.25215721,144
平山城址公園,139.3808649,35.64076797,169.4100037,17.93445206,130
平山城址公園,139.3808659,35.6405877,166.7100067,26.85630989,328
平山城址公園,139.3808669,35.64040743,161.4100037,23.37432098,288
平山城址公園,139.3808679,35.64022716,153.3099976,18.93190193,277
平山城址公園,139.380869,35.64004689,149.2100067,18.0249157,45
平山城址公園,139.38087,35.63986662,154.8099976,26.21739197,6
平山城址公園,139.380871,35.63968635,154.3099976,20.68464088,9
平山城址公園,139.380872,35.63950608,159.8099976,19.75409698,84
平山城址公園,139.380873,35.63932581,169.2100067,5.779233932,339
平山城址公園,139.3810786,35.64203068,146.0099945,50.33523178,184
平山城址公園,139.3810796,35.64185041,145.2100067,45.8937149,185
平山城址公園,139.3810827,35.6413096,153.9100037,30.03210258,107
平山城址公園,139.3810837,35.64112933,160.0099945,36.27306366,136
平山城址公園,139.3810847,35.64094906,164.8099976,29.73092651,173
平山城址公園,139.3810857,35.64076879,170.7100067,16.65661049,252
平山城址公園,139.3810867,35.64058852,162.9100037,14.2438736,278
平山城址公園,139.3810878,35.64040825,155.7100067,12.13601589,316
平山城址公園,139.3810888,35.64022798,153.1100006,11.86345005,264
平山城址公園,139.3810898,35.64004771,148.2100067,16.38700867,282
平山城址公園,139.3810908,35.63986744,149.9100037,20.53904343,118
平山城址公園,139.3810918,35.63968717,155.1100006,18.36179543,119
平山城址公園,139.3810928,35.6395069,163.0099945,20.54032898,100
平山城址公園,139.3812995,35.64203151,164.2100067,31.38843536,144
平山城址公園,139.3813005,35.64185124,162.2100067,33.63190842,212
平山城址公園,139.3813015,35.64167097,157.2100067,32.13038635,218
平山城址公園,139.3813025,35.6414907,152.7100067,23.44004631,198
平山城址公園,139.3813035,35.64131043,152.8099976,17.68754196,139
平山城址公園,139.3813045,35.64113016,165.1100006,35.77764511,93
平山城址公園,139.3813055,35.64094989,173.7100067,11.83764935,95
平山城址公園,139.3813066,35.64076962,170.3099976,20.1487484,322
平山城址公園,139.3813076,35.64058935,165.4100037,16.1371212,290
平山城址公園,139.3813086,35.64040908,157.3099976,26.29988289,234
平山城址公園,139.3813096,35.64022881,153.1100006,13.97831726,221
平山城址公園,139.3813106,35.64004854,146.7100067,15.80827045,254
平山城址公園,139.3813116,35.63986827,146.1100006,21.72711945,44
平山城址公園,139.3813127,35.639688,152.0099945,18.04986,66
平山城址公園,139.3813137,35.63950773,160.1100006,15.2996788,48
平山城址公園,139.3815203,35.64203234,165.1100006,33.58059692,87
平山城址公園,139.3815213,35.64185207,170.8099976,12.77886391,5
平山城址公園,139.3815223,35.6416718,169.9100037,19.33941078,214
平山城址公園,139.3815233,35.64149153,165.7100067,38.01073074,184
平山城址公園,139.3815244,35.64131126,165.0099945,34.35696411,168
平山城址公園,139.3815254,35.64113099,169.7100067,21.17877388,133
平山城址公園,139.3815264,35.64095072,173.2100067,15.99089146,332
平山城址公園,139.3815274,35.64077045,162.5099945,21.46524239,312
平山城址公園,139.3815284,35.64059018,162.0099945,19.66485977,319
平山城址公園,139.3815294,35.64040991,156.5099945,18.39899254,353
平山城址公園,139.3815304,35.64022964,154.8099976,11.49540424,329
平山城址公園,139.3815315,35.64004937,148.7100067,21.08611107,272
平山城址公園,139.3815325,35.6398691,141.9100037,8.156975746,325
平山城址公園,139.3815335,35.63968883,147.8099976,29.76201057,51
平山城址公園,139.3815345,35.63950856,154.8099976,19.64504814,27
平山城址公園,139.3817421,35.6418529,157.1100006,35.5763092,40
平山城址公園,139.3817432,35.64167263,165.5099945,28.93584824,25
平山城址公園,139.3817442,35.64149236,169.5099945,9.483834267,355
平山城址公園,139.3817452,35.64131209,169.1100006,7.020246983,315
平山城址公園,139.3817462,35.64113182,167.7100067,16.98769569,341
平山城址公園,139.3817472,35.64095155,164.7100067,14.61651325,310
平山城址公園,139.3817482,35.64077128,161.5099945,18.90709686,310
平山城址公園,139.3817492,35.64059101,155.2100067,19.24583244,298
平山城址公園,139.3817503,35.64041074,151.0099945,14.94833088,340
平山城址公園,139.3817513,35.64023047,150.4100037,21.66243362,351
平山城址公園,139.3817523,35.6400502,146.9100037,18.60770607,298
平山城址公園,139.3817533,35.63986993,140.2100067,5.262894154,341
平山城址公園,139.3817543,35.63968966,141.3099976,13.90852165,27
平山城址公園,139.3817553,35.63950939,147.1100006,25.67944336,44
平山城址公園,139.381963,35.64185373,152.1100006,4.577213764,81
平山城址公園,139.381964,35.64167346,157.5099945,26.12691689,62
平山城址公園,139.381965,35.64149319,168.5099945,8.084219933,88
平山城址公園,139.381966,35.64131292,167.9100037,3.8757658,296
平山城址公園,139.381967,35.64113265,166.0099945,17.04703331,260
平山城址公園,139.3819681,35.64095238,161.5099945,12.76639652,295
平山城址公園,139.3819691,35.64077211,156.8099976,13.26301956,274
平山城址公園,139.3819701,35.64059184,153.0099945,19.12430954,281
平山城址公園,139.3819711,35.64041157,148.5099945,11.67575645,281
平山城址公園,139.3819721,35.6402313,146.0099945,2.933411598,262
平山城址公園,139.3819731,35.64005103,143.2100067,11.65307808,283
平山城址公園,139.3819741,35.63987076,140.1100006,7.840163708,261
平山城址公園,139.3819752,35.63969049,138.1100006,3.724498272,7
平山城址公園,139.3819762,35.63951022,140.5099945,19.80561066,31
平山城址公園,139.3821848,35.64167429,158.8099976,30.97653198,52
平山城址公園,139.3821859,35.64149402,168.3099976,12.92299175,5
平山城址公園,139.3821869,35.64131375,165.6100006,2.560394287,360
平山城址公園,139.3821879,35.64113348,167.7100067,6.522686958,42
平山城址公園,139.3821889,35.64095321,163.3099976,22.68684387,229
平山城址公園,139.3821899,35.64077294,159.4100037,14.26675797,213
平山城址公園,139.3821909,35.64059267,155.8099976,21.76081085,255
平山城址公園,139.3821919,35.6404124,150.0099945,11.9493618,184
平山城址公園,139.3821929,35.64023213,151.4100037,16.20988655,179
平山城址公園,139.382194,35.64005186,148.5099945,23.83084106,212
平山城址公園,139.382195,35.63987159,143.9100037,21.19090652,211
平山城址公園,139.382196,35.63969132,138.7100067,18.74449348,223
平山城址公園,139.382197,35.63951105,136.5099945,4.871983528,236
平山城址公園,139.3824097,35.64095403,167.6100006,8.252599716,56
平山城址公園,139.3824107,35.64077376,161.9100037,19.28847885,278
平山城址公園,139.3824118,35.64059349,156.7100067,10.4431076,244
平山城址公園,139.3824128,35.64041322,157.2100067,20.29291534,147
平山城址公園,139.3824138,35.64023295,159.1100006,15.54972267,179
平山城址公園,139.3824148,35.64005268,155.1100006,18.45336723,245
平山城址公園,139.3824158,35.63987241,149.6100006,16.1371212,250
平山城址公園,139.3824168,35.63969214,144.4100037,15.11284351,256
平山城址公園,139.3824178,35.63951187,138.7100067,16.14578438,276
平山城址公園,139.3826306,35.64095486,165.8099976,6.11841917,71
平山城址公園,139.3826316,35.64077459,161.0099945,12.0868063,257
平山城址公園,139.3826356,35.64005351,151.8099976,19.50183296,319
平山城址公園,139.3826366,35.63987324,146.6100006,22.39178467,307
平山城址公園,139.3826377,35.63969297,139.1100006,21.76290512,297
平山城址公園,139.3826387,35.6395127,137.4100037,8.345378876,178
平山城址公園,139.3828514,35.64095568,165.2100067,3.359690428,75
平山城址公園,139.3828524,35.64077541,162.3099976,16.17670059,269
平山城址公園,139.3828555,35.6402346,156.6100006,20.48550987,288
平山城址公園,139.3828565,35.64005433,149.4100037,20.34576797,308
平山城址公園,139.3828575,35.63987406,142.3099976,9.790201187,220
平山城址公園,139.3828585,35.63969379,145.3099976,33.20054245,163
平山城址公園,139.3828595,35.63951352,147.0099945,22.49964523,192
平山城址公園,139.3828605,35.63933325,140.9100037,10.63399124,248
平山城址公園,139.3830763,35.64023543,156.8099976,10.67724609,230
平山城址公園,139.3830773,35.64005516,150.8099976,8.752843857,207
平山城址公園,139.3830783,35.63987489,150.5099945,12.11196327,175
平山城址公園,139.3830793,35.63969462,149.7100067,11.52567005,338
平山城址公園,139.3830803,35.63951435,147.0099945,18.39663506,328
平山城址公園,139.3830813,35.63933408,142.9100037,6.644831181,250
平山城址公園,139.3832931,35.64095734,163.6100006,6.227606297,327
平山城址公園,139.3832991,35.63987572,153.0099945,13.5050993,261
平山城址公園,139.3833002,35.63969545,149.2100067,15.39981079,238
平山城址公園,139.3833012,35.63951518,145.5099945,6.534894466,215
平山城址公園,139.3835139,35.64095816,162.4100037,9.454577446,309
平山城址公園,139.383521,35.63969627,152.4100037,19.23684883,233
平山城址公園,139.383522,35.639516,147.1100006,9.988230705,255
平山城址公園,139.3837327,35.64131953,158.4100037,15.14827728,47
平山城址公園,139.3837337,35.64113926,161.0099945,7.178892136,19
平山城址公園,139.3839536,35.64132035,155.9100037,14.69289494,75
平山城址公園,139.3839546,35.64114008,159.4100037,4.035640717,39
平山城址公園,139.3839617,35.63987819,149.4100037,23.47596741,346
平山城址公園,139.3839627,35.63969792,146.4100037,24.11744881,304
平山城址公園,139.3841744,35.64132117,153.9100037,19.70871544,71
平山城址公園,139.3841754,35.6411409,158.4100037,3.524314165,333
平山城址公園,139.3841825,35.63987901,144.8099976,24.81732559,321
平山城址公園,139.3841835,35.63969874,137.8099976,9.992712975,351
平山城址公園,139.3841845,35.63951847,138.0099945,19.00884628,284
平山城址公園,139.3843953,35.641322,152.8099976,15.85187054,91
平山城址公園,139.3843963,35.64114173,157.5099945,3.87579751,64
平山城址公園,139.3844033,35.63987984,137.8099976,13.15917587,216
平山城址公園,139.3844043,35.63969957,140.7100067,17.05884933,160
平山城址公園,139.3844053,35.6395193,142.5099945,27.25778008,157
平山城址公園,139.3846161,35.64132282,152.6100006,13.44009495,77
平山城址公園,139.3846171,35.64114255,156.8099976,7.171950817,69
平山城址公園,139.3846231,35.64006093,148.2100067,22.19731331,264
平山城址公園,139.3846242,35.63988066,144.7100067,14.84497833,217
平山城址公園,139.3846252,35.63970039,146.9100037,16.45620537,167
平山城址公園,139.3846262,35.63952012,147.9100037,21.30591202,121
平山城址公園,139.3848369,35.64132364,151.2100067,14.64371777,78
平山城址公園,139.384844,35.64006175,153.4100037,26.71839714,126
平山城址公園,139.384845,35.63988148,148.6100006,22.27819443,200
平山城址公園,139.384846,35.63970121,151.4100037,23.54925919,118
平山城址公園,139.384847,35.63952094,152.7100067,17.76741219,166
平山城址公園,139.3850578,35.64132446,149.6100006,16.88483238,70
平山城址公園,139.3850648,35.64006257,154.2100067,32.70583344,77
平山城址公園,139.3850658,35.6398823,156.3099976,22.21951103,208
平山城址公園,139.3850668,35.63970203,156.8099976,19.40839386,132
平山城址公園,139.3850678,35.63952176,160.6100006,13.5596323,182
平山城址公園,139.3852786,35.64132529,147.0099945,18.15229416,63
平山城址公園,139.3852796,35.64114502,151.6100006,15.48421383,54
平山城址公園,139.3852867,35.63988313,159.3099976,22.63922691,12
平山城址公園,139.3852877,35.63970286,157.2100067,25.04062271,345
平山城址公園,139.3852887,35.63952258,154.5099945,24.39872551,5
平山城址公園,139.3854994,35.64132611,144.3099976,15.69854736,45
平山城址公園,139.3855005,35.64114584,147.0099945,18.97899055,46
平山城址公園,139.3855075,35.63988395,148.1100006,19.29738045,353
平山城址公園,139.3855085,35.63970368,150.0099945,19.4732399,4
平山城址公園,139.3855095,35.63952341,147.0099945,15.36195564,354
平山城址公園,139.3857213,35.64114666,143.8099976,12.52725506,63
平山城址公園,139.3857283,35.63988477,144.3099976,23.43901634,265
平山城址公園,139.3857293,35.6397045,143.0099945,15.24193192,354
平山城址公園,139.3857303,35.63952423,142.8099976,17.37515259,353
平山城址公園,139.3859431,35.64096721,146.5099945,15.73435879,69
平山城址公園,139.3859492,35.63988559,149.3099976,12.82661438,219
平山城址公園,139.3859502,35.63970532,144.4100037,16.34022331,205
平山城址公園,139.3859512,35.63952505,142.8099976,18.66387749,205
平山城址公園,139.38617,35.63988641,152.3099976,15.12689972,15
平山城址公園,139.386171,35.63970614,149.9100037,10.03152561,349
平山城址公園,139.386172,35.63952587,146.9100037,17.92726517,285
平山城址公園,139.3863908,35.63988723,146.2100067,21.34691429,278
平山城址公園,139.3863918,35.63970696,143.7100067,10.97445965,318
平山城址公園,139.3863928,35.63952669,142.8099976,15.92370605,336
平山城址公園,139.3866127,35.63970778,146.3099976,21.30781555,228
平山城址公園,139.3866137,35.63952751,141.2100067,7.040365219,224
平山城址公園,139.3868335,35.6397086,146.9100037,20.63272285,281
平山城址公園,139.3868345,35.63952833,142.3099976,3.481435061,270
平山城址公園,139.3870543,35.63970941,145.5099945,17.72408485,285
平山城址公園,139.3870553,35.63952914,143.5099945,12.38111305,146
平山城址公園,139.3872752,35.63971023,146.1100006,7.878448486,198
平山城址公園,139.3872762,35.63952996,149.3099976,20.19821739,127
平山城址公園,139.387496,35.63971105,151.2100067,21.4467144,178
平山城址公園,139.387497,35.63953078,152.5099945,21.89007759,159
平山城址公園,139.3877158,35.63989214,152.6100006,22.89488983,152
平山城址公園,139.3877168,35.63971187,158.4100037,23.89332771,166
平山城址公園,139.3877178,35.6395316,163.3099976,22.92995071,151
平山城址公園,139.3879317,35.6407943,148.5099945,2.960933208,116
平山城址公園,139.3879327,35.64061403,153.0099945,22.73405647,172
平山城址公園,139.3879337,35.64043376,152.7100067,26.76302528,181
平山城址公園,139.3879347,35.64025349,155.1100006,20.93469048,161
平山城址公園,139.3879357,35.64007322,157.4100037,27.04643822,149
平山城址公園,139.3879367,35.63989295,162.4100037,23.70524216,155
平山城址公園,139.3879377,35.63971268,164.3099976,10.28256989,295
平山城址公園,139.3879387,35.63953241,161.3099976,25.935709,343
平山城址公園,139.3879397,35.63935214,158.0099945,24.13609314,329
平山城址公園,139.3879407,35.63917187,155.6100006,17.50078011,350
平山城址公園,139.3879417,35.6389916,150.3099976,23.6275177,341
平山城址公園,139.3879427,35.63881133,152.1100006,5.086470127,327
平山城址公園,139.3881485,35.6415162,147.4100037,26.01211929,173
平山城址公園,139.3881495,35.64133593,148.8099976,26.24250793,171
平山城址公園,139.3881505,35.64115566,150.1100006,24.81504059,174
平山城址公園,139.3881515,35.64097539,150.2100067,21.5226326,169
平山城址公園,139.3881525,35.64079512,152.3099976,23.44076347,141
平山城址公園,139.3881535,35.64061485,158.9100037,14.16318417,134
平山城址公園,139.3881545,35.64043458,158.5099945,18.08766556,163
平山城址公園,139.3881605,35.63935296,152.2100067,16.3804245,343
平山城址公園,139.3881615,35.63917269,150.0099945,16.97520256,344
平山城址公園,139.3881625,35.63899242,146.8099976,18.94324112,287
平山城址公園,139.3881635,35.63881215,146.3099976,16.07665253,1
平山城址公園,139.3883693,35.64151702,156.8099976,25.19640541,173
平山城址公園,139.3883703,35.64133675,158.1100006,25.80721474,173
平山城址公園,139.3883713,35.64115648,158.7100067,21.2003212,187
平山城址公園,139.3883723,35.64097621,158.8099976,22.62914276,172
平山城址公園,139.3883733,35.64079594,160.8099976,17.09954834,162
平山城址公園,139.3885902,35.64151783,166.1100006,19.6534481,167
平山城址公園,139.3885912,35.64133756,167.6100006,23.9744091,180
平山城址公園,139.3885922,35.64115729,165.6100006,14.93958378,201
平山城址公園,139.3885932,35.64097702,164.8099976,13.59935093,281
平山城址公園,139.388811,35.64151865,169.2100067,8.128344536,65
平山城址公園,139.388812,35.64133838,170.1100006,1.28613615,185
平山城址公園,139.388813,35.64115811,167.9100037,8.259298325,225
平山城址公園,139.3890329,35.64133919,170.7100067,2.174509525,136
平山城址公園,139.3890339,35.64115892,167.5099945,27.01871109,244
平山城址公園,139.3890389,35.64025757,141.6100006,7.200101376,315
平山城址公園,139.3890398,35.6400773,143.5099945,22.5696373,55
平山城址公園,139.3892537,35.64134001,172.4100037,16.3151989,126
平山城址公園,139.3892597,35.64025839,141.5099945,13.86858845,264
平山城址公園,139.3892607,35.64007812,138.8099976,7.244365692,329
平山城址公園,139.3892617,35.63989785,139.0099945,16.75915718,3
平山城址公園,139.3892627,35.63971758,135.8099976,20.97128868,317
平山城址公園,139.3894745,35.64134082,174.3099976,11.98314381,111
平山城址公園,139.3894755,35.64116055,175.2100067,14.54199028,260
平山城址公園,139.3894805,35.6402592,144.5099945,11.45589828,199
平山城址公園,139.3894815,35.64007893,140.5099945,18.24204063,246
平山城址公園,139.3894825,35.63989866,137.0099945,5.630155563,214
平山城址公園,139.3894835,35.63971839,134.9100037,21.94694138,177
平山城址公園,139.3894845,35.63953812,133.7100067,18.5512104,190
平山城址公園,139.3894855,35.63935785,134.3099976,16.73324203,190
平山城址公園,139.3896954,35.64134163,175.7100067,6.595106125,91
平山城址公園,139.3896964,35.64116136,174.5099945,15.29492092,307
平山城址公園,139.3896974,35.64098109,169.6100006,17.63281822,261
平山城址公園,139.3896994,35.64062055,154.6100006,31.87271118,294
平山城址公園,139.3897004,35.64044028,145.7100067,11.73891926,275
平山城址公園,139.3897014,35.64026001,141.4100037,12.65985012,316
平山城址公園,139.3897024,35.64007974,139.5099945,4.824954987,200
平山城址公園,139.3897034,35.63989947,141.6100006,21.7871685,137
平山城址公園,139.3897043,35.6397192,143.5099945,16.94313431,219
平山城址公園,139.3897053,35.63953893,141.7100067,17.40247154,183
平山城址公園,139.3897063,35.63935866,140.2100067,24.85034561,201
平山城址公園,139.3897073,35.63917839,136.7100067,13.53498173,202
平山城址公園,139.3899162,35.64134245,174.1100006,17.50252151,300
平山城址公園,139.3899172,35.64116218,167.7100067,22.86296082,338
平山城址公園,139.3899182,35.64098191,163.9100037,28.03460884,335
平山城址公園,139.3899192,35.64080164,156.0099945,34.88610077,304
平山城址公園,139.3899202,35.64062137,147.5099945,14.89340401,295
平山城址公園,139.3899212,35.6404411,144.6100006,9.320456505,261
平山城址公園,139.3899222,35.64026083,142.2100067,11.41537189,196
平山城址公園,139.3899232,35.64008056,144.5099945,22.42347336,118
平山城址公園,139.3899242,35.63990029,151.5099945,22.80233765,160
平山城址公園,139.3901371,35.64134326,170.2100067,19.72947884,298
平山城址公園,139.3901381,35.64116299,162.9100037,10.56715107,262
平山城址公園,139.390139,35.64098272,156.1100006,21.90152168,250
平山城址公園,139.39014,35.64080245,150.8099976,18.74795341,232
平山城址公園,139.390141,35.64062218,148.2100067,8.515964508,216
平山城址公園,139.390142,35.64044191,147.0099945,16.48489952,188
平山城址公園,139.390143,35.64026164,147.1100006,23.35578537,162
平山城址公園,139.390144,35.64008137,151.4100037,27.47769547,149
平山城址公園,139.3903579,35.64134407,171.2100067,14.69400501,203
平山城址公園,139.3903589,35.6411638,168.3099976,19.24609184,217
平山城址公園,139.3903599,35.64098353,163.7100067,16.88485527,250
平山城址公園,139.3903609,35.64080326,156.9100037,25.20348358,222
平山城址公園,139.3903619,35.64062299,155.2100067,33.52780914,176
平山城址公園,139.3903629,35.64044272,158.3099976,31.18712044,168
平山城址公園,139.3905787,35.64134488,174.0099945,10.92761135,75
平山城址公園,139.3905797,35.64116461,170.3099976,17.88075256,237
平山城址公園,139.3905807,35.64098434,166.1100006,17.07643127,211
平山城址公園,139.3905817,35.64080407,164.9100037,21.68719101,167
平山城址公園,139.3908006,35.64116543,174.1100006,9.330780983,214
